#cur_kf_id,timestamp_kf,numSF,numValid,numDegenerate,numFarPoints,numOutliers,numCheirality,numNonInitialized,meanPixelError,maxPixelError,meanTrackLength,maxTrackLength,nrElementsInMatrix,nrZeroElementsInMatrix
0,11754880000,0,0,0,0,0,0,0,0,0,0,0,225,204
1,12004879999,0,0,0,0,0,0,0,0,0,0,0,900,306
2,12204879999,298,250,42,6,0,0,48,0,0,2,2,2025,924
3,12404880000,298,276,17,5,0,0,22,0,0,2.9710144927536230597,3,3600,1920
4,12654880000,298,267,6,22,3,0,31,0,0,3.921348314606741603,4,5625,3294
5,12904880000,328,289,5,27,7,0,39,0,0,4.5882352941176467453,5,8100,5046
6,13154880000,328,287,3,29,9,0,41,0,0,5.5331010452961670865,6,11025,7176
7,13404880000,328,287,3,29,9,0,41,0,0,6.4425087108013938675,7,14400,9684
8,13654880000,328,286,3,28,11,0,42,0,0,7.349650349650350023,8,18225,12570
9,13904880000,328,284,3,30,11,0,44,0,0,8.2394366197183099843,9,22500,15834
10,14154880000,328,279,3,30,16,0,49,0,0,9.1039426523297493077,10,27225,19476
11,14404880000,328,276,3,30,19,0,52,0,0,9.9456521739130430149,11,32400,23496
12,14654880000,359,303,4,32,20,0,56,0,0,9.9669966996699663753,12,38025,27894
13,14904880000,359,301,3,32,23,0,58,0,0,10.777408637873755026,13,44100,32670
14,15154880000,359,298,3,34,24,0,61,0,0,11.583892617449665252,14,50625,37824
15,15404880000,359,290,3,33,33,0,69,0,0,12.337931034482759074,15,57600,43356
16,15654880000,389,317,4,35,33,0,72,0,0,11.656151419558359095,16,65025,49266
17,15904880000,566,473,14,45,34,0,93,0,0,8.5898520084566598598,16,72900,55770
18,16104880000,599,507,10,47,35,0,92,0,0,8.5798816568047335807,16,81225,62652
19,16304880000,627,529,13,50,35,0,98,0,0,8.7448015122873350435,16,90000,69912
20,16504880000,627,529,13,50,35,0,98,0,0,8.7448015122873350435,16,99225,78630
21,16754880000,653,556,14,48,35,0,97,0,0,8.8489208633093525691,16,108900,87150
22,17004879999,653,554,11,53,35,0,99,0,0,9.3357400722021655071,16,119025,96048
23,17204879999,653,551,7,59,36,0,102,0,0,9.8148820326678762882,16,129600,105324
24,17404879999,653,548,7,62,36,0,105,0,0,10.290145985401458972,16,140625,114978
25,17604880000,684,574,8,65,37,0,110,0,0,10.329268292682927566,16,152100,125010
26,17804880000,684,573,7,66,38,0,111,0,0,10.804537521815008816,16,164025,135420
27,18054880000,684,565,7,67,45,0,119,0,0,11.240707964601769575,16,176400,146496
28,18254880000,714,592,8,68,46,0,122,0,0,11.19594594594594561,16,189225,157950
29,18504880000,714,587,7,69,51,0,127,0,0,11.616695059625213204,16,202500,169782
30,18754880000,714,586,7,70,51,0,128,0,0,12.032423208191126207,16,216225,181992
31,19004879999,714,585,7,70,52,0,129,0,0,12.415384615384615685,16,216225,180984
32,19204879999,445,373,4,45,23,0,72,0,0,11.327077747989276801,16,216225,179580
33,19404879999,574,487,6,58,23,0,87,0,0,9.3675564681724843297,16,216225,179616
34,19604880000,605,513,4,61,27,0,92,0,0,9.3528265107212469331,16,216225,179652
35,19804880000,609,515,4,62,28,0,94,0,0,9.1572815533980573832,16,216225,179436
36,20054880000,642,542,4,67,29,0,100,0,0,9.2011070110701105307,16,216225,179688
37,20254880000,642,538,4,67,33,0,104,0,0,9.6747211895910787405,16,216225,179796
38,20504880000,673,561,4,70,38,0,112,0,0,9.7522281639928696251,16,216225,179760
39,20754880000,673,559,4,71,39,0,114,0,0,10.200357781753130126,16,216225,179580
40,21004879999,673,557,4,71,41,0,116,0,0,10.615798922800717463,16,216225,179472
41,21204879999,704,581,6,73,44,0,123,0,0,10.585197934595525382,16,216225,179220
42,21404879999,673,555,4,72,42,0,118,0,0,10.906306306306305487,16,216225,178608
43,21604880000,673,552,4,72,45,0,121,0,0,11.311594202898550776,16,216225,178788
44,21804880000,701,574,9,72,46,0,127,0,0,11.304878048780487632,16,216225,178824
45,22054880000,701,574,9,72,46,0,127,0,0,11.304878048780487632,16,216225,179652
46,22254880000,717,592,12,71,42,0,125,0,0,10.99155405405405439,16,216225,179256
47,22504880000,540,446,5,54,35,0,94,0,0,10.795964125560537639,16,216225,179184
48,22754880000,538,440,9,50,39,0,98,0,0,10.443181818181818343,16,216225,179112
49,23004879999,601,494,13,50,44,0,107,0,0,9.2105263157894743387,16,216225,178932
50,23204879999,631,514,10,52,55,0,117,0,0,9.2237354085603104892,16,216225,178968
51,23404879999,638,512,13,52,61,0,126,0,0,9.068359375,16,216225,178932
52,23604880000,668,527,14,53,74,0,141,0,0,9.1309297912713471845,16,216225,178968
53,23804880000,702,541,14,60,87,0,161,0,0,9.1737523105360452291,16,216225,179076
54,24054880000,735,562,14,62,97,0,173,0,0,9.1939501779359424916,16,216225,179040
55,24254880000,737,551,14,59,113,0,186,0,0,9.0744101633393832174,16,216225,178716
56,24504880000,737,537,13,63,124,0,200,0,0,9.5176908752327751273,16,216225,178896
57,24754880000,769,555,15,63,136,0,214,0,0,9.4684684684684690126,16,216225,178932
58,25004879999,771,548,14,63,146,0,223,0,0,9.2080291970802914392,15,216225,178716
59,25204879999,802,570,12,70,150,0,232,0,0,9.1877192982456143966,16,216225,178752
60,25404879999,833,590,12,72,159,0,243,0,0,9.2322033898305075894,16,216225,178716
61,25604880000,833,582,11,75,165,0,251,0,0,9.5927835051546388456,16,216225,178680
62,25804880000,832,579,13,75,165,0,253,0,0,9.3920552677029363053,16,216225,178392
63,26054880000,738,500,15,61,162,0,238,0,0,8.6379999999999999005,16,216225,178320
64,26254880000,737,490,17,63,167,0,247,0,0,8.3551020408163267916,16,216225,178248
65,26504880000,759,510,16,65,168,0,249,0,0,7.8215686274509801379,16,216225,178176
66,26754880000,785,533,17,65,170,0,252,0,0,7.3977485928705437601,16,216225,178104
67,27004879999,815,550,14,73,178,0,265,0,0,7.5272727272727273373,16,216225,178068
68,27204879999,813,548,13,78,174,0,265,0,0,7.4543795620437958149,16,216225,177888
69,27404879999,843,560,15,84,184,0,283,0,0,7.5750000000000001776,16,216225,177852
70,27604880000,873,583,15,88,187,0,290,0,0,7.7032590051457976443,16,216225,177816
71,27804880000,870,578,16,87,189,0,292,0,0,7.7145328719723185174,16,216225,177528
72,28054880000,900,595,16,92,197,0,305,0,0,7.7663865546218486813,16,216225,177492
73,28254880000,928,613,18,93,204,0,315,0,0,7.8026101141924959492,16,216225,177384
74,28504880000,929,611,16,93,209,0,318,0,0,7.8166939443535188303,16,216225,176988
75,28754880000,934,618,16,92,208,0,316,0,0,7.8074433656957928918,16,216225,177060
76,29004879999,942,626,15,95,206,0,316,0,0,7.7476038338658144156,16,216225,177060
77,29204879999,969,647,15,97,210,0,322,0,0,7.8129829984544052479,16,216225,177096
78,29404879999,965,646,15,96,208,0,319,0,0,7.7786377708978324819,16,216225,176988
79,29604880000,901,603,15,88,195,0,298,0,0,7.5472636815920397524,16,216225,176988
80,29804880000,901,599,18,89,195,0,302,0,0,7.4824707846410687395,16,216225,176988
81,30054880000,923,619,17,92,195,0,304,0,0,7.2051696284329560527,16,216225,176988
82,30254880000,948,640,23,91,194,0,308,0,0,7.0609374999999996447,16,216225,176988
83,30504880000,941,636,20,99,186,0,305,0,0,7.0911949685534594323,16,216225,176988
84,30754880000,936,632,18,103,183,0,304,0,0,7.1075949367088604447,16,216225,176988
85,31004879999,929,629,19,104,177,0,300,0,0,7.0937996820349757954,16,216225,176988
86,31204879999,988,673,22,109,184,0,315,0,0,6.9257057949479943204,16,216225,177024
87,31404879999,983,671,20,111,181,0,312,0,0,6.9731743666169894169,16,216225,176916
88,31604880000,951,638,18,111,184,0,313,0,0,7.1598746081504698324,16,216225,176916
89,31804880000,944,636,15,108,185,0,308,0,0,7.1871069182389932806,16,216225,176916
90,32054879999,938,631,16,105,186,0,307,0,0,7.2091917591125200815,16,216225,176916
91,32254880000,986,668,19,106,193,0,318,0,0,7.1002994011976046096,16,216225,176952
92,32454880000,984,668,20,104,192,0,316,0,0,7.1107784431137721626,16,216225,176844
93,32754880000,971,661,16,105,189,0,310,0,0,7.1830559757942511467,16,216225,176844
94,32954880000,999,691,16,102,190,0,308,0,0,6.9406657018813318061,16,216225,176844
95,33204880000,969,666,16,99,188,0,303,0,0,6.8993993993993996128,16,216225,176844
96,33454880000,934,652,16,98,168,0,282,0,0,6.8941717791411045724,16,216225,176844
97,33704880000,952,668,16,103,165,0,284,0,0,6.760479041916167553,16,216225,176844
98,33954880000,971,684,19,104,164,0,287,0,0,6.6666666666666669627,16,216225,176844
99,34204880000,981,693,17,104,167,0,288,0,0,6.6334776334776330842,16,216225,176844
100,34454880000,992,696,19,106,171,0,296,0,0,6.5272988505747129295,16,216225,176844
101,34704880000,1010,713,18,108,171,0,297,0,0,6.4305750350631134538,16,216225,176844
102,34954880000,1026,719,19,107,181,0,307,0,0,6.305980528511821781,16,216225,176916
103,35204880000,1043,735,17,108,183,0,308,0,0,6.2544217687074832313,16,216225,176916
104,35454880000,1054,749,16,103,186,0,305,0,0,6.1668891855807741464,16,216225,176916
105,35704880000,1068,758,16,99,195,0,310,0,0,6.0448548812664908425,16,216225,176916
106,35954880000,1091,779,16,97,199,0,312,0,0,5.908857509627727822,16,216225,176916
107,36204880000,1118,799,16,98,205,0,319,0,0,5.7534418022528157621,16,216225,176916
108,36454880000,1145,819,15,97,214,0,326,0,0,5.6935286935286937293,16,216225,176916
109,36704880000,1175,845,15,93,222,0,330,0,0,5.5810650887573967083,16,216225,176916
110,36954880000,1198,867,14,90,227,0,331,0,0,5.4971164936562857406,16,216225,176916
111,37204880000,1182,858,13,82,229,0,324,0,0,5.4055944055944058491,16,216225,176916
112,37504880000,1168,853,13,74,228,0,315,0,0,5.3024618991793666112,16,216225,176916
113,37704880000,1195,868,13,72,242,0,327,0,0,5.229262672811059609,16,216225,176916
114,37954880000,1208,869,13,67,259,0,339,0,0,5.2289988492520134145,16,216225,176916
115,38204880000,1224,857,12,66,289,0,367,0,0,5.1761960326721121461,16,216225,176916
116,38454880000,1183,815,10,59,299,0,368,0,0,5.1705521472392641513,16,216225,176916
117,38704880000,1192,799,9,59,325,0,393,0,0,5.0926157697121405832,16,216225,176916
118,39004879999,1239,815,10,64,350,0,424,0,0,5.0576687116564418289,16,216225,177024
119,39204880000,1270,833,11,65,361,0,437,0,0,4.9363745498199280703,16,216225,176916
120,39454880000,1292,835,10,68,379,0,457,0,0,4.8682634730538918433,16,216225,176916
121,39704880000,1303,834,9,73,387,0,469,0,0,4.7565947242206236822,16,216225,176916
122,39954880000,1328,847,9,75,397,0,481,0,0,4.7296340023612755132,16,216225,176916
123,40204880000,1341,858,9,76,398,0,483,0,0,4.770396270396270566,16,216225,176916
124,40454880000,1319,837,8,79,395,0,482,0,0,4.7634408602150539735,16,216225,176916
125,40704880000,1335,858,8,75,394,0,477,0,0,4.7575757575757577911,16,216225,176916
126,41004879999,1335,851,8,88,388,0,484,0,0,4.889541715628672236,16,216225,176916
127,41204880000,1317,845,7,87,378,0,472,0,0,4.9550295857988162496,16,216225,176916
128,41454880000,1293,835,6,81,371,0,458,0,0,5.0694610778443109922,16,216225,176916
129,41704880000,1285,835,6,81,363,0,450,0,0,5.1173652694610778369,16,216225,176916
130,41954880000,1244,796,4,78,366,0,448,0,0,5.2889447236180906486,16,216225,176916
131,42204880000,1253,811,3,81,358,0,442,0,0,5.1935881627620226197,16,216225,176916
132,42454880000,1233,795,1,80,357,0,438,0,0,5.2981132075471695231,16,216225,176916
133,42754880000,1211,770,1,80,360,0,441,0,0,5.4194805194805191206,16,216225,176916
134,43004879999,1224,787,1,79,357,0,437,0,0,5.4231257941550188306,16,216225,176952
135,43254880000,1211,788,1,74,348,0,423,0,0,5.5850253807106602366,16,216225,176844
136,43454880000,1188,772,1,76,339,0,416,0,0,5.761658031088082943,16,216225,176844
137,43704880000,1160,754,1,76,329,0,406,0,0,5.9880636604774535314,16,216225,176844
138,44004879999,1130,737,1,75,317,0,393,0,0,6.2008141112618728741,16,216225,176844
139,44204880000,1099,717,1,73,308,0,382,0,0,6.4616457461645744331,16,216225,176844
140,44504880000,1070,704,1,70,295,0,366,0,0,6.5440340909090908283,16,216225,176844
141,44704880000,1081,728,1,70,282,0,353,0,0,6.5233516483516487128,16,216225,176844
142,45004879999,1086,754,1,68,263,0,332,0,0,6.4456233421750663837,16,216225,176844
143,45204880000,1083,766,1,69,247,0,317,0,0,6.4477806788511751179,16,216225,176844
144,45504880000,1064,758,1,70,235,0,306,0,0,6.5686015831134563214,16,216225,177024
145,45704880000,1068,773,1,67,227,0,295,0,0,6.6015523932729625045,16,216225,177132
146,45954880000,1075,778,1,68,228,0,297,0,0,6.7493573264781492327,16,216225,176916
147,46204880000,1065,780,1,66,218,0,285,0,0,6.8948717948717952453,16,216225,176916
148,46504880000,1042,774,0,62,206,0,268,0,0,7.0284237726098188759,16,216225,176916
149,46704880000,1037,787,0,57,193,0,250,0,0,6.979669631512071426,16,216225,176916
150,46954880000,1010,775,0,54,181,0,235,0,0,7.0309677419354841277,16,216225,176916
151,47204880000,977,765,0,45,167,0,212,0,0,7.1032679738562087834,16,216225,176916
152,47454880000,950,743,0,39,168,0,207,0,0,7.1870794078061912558,16,216225,176916
153,47704880000,943,748,0,32,163,0,195,0,0,7.2459893048128343196,16,216225,176916
154,47954880000,932,736,0,27,169,0,196,0,0,7.2445652173913046568,16,216225,176916
155,48204880000,920,728,0,24,168,0,192,0,0,7.2307692307692308376,16,216225,176916
156,48454880000,925,727,0,18,180,0,198,0,0,7.3108665749656118749,16,216225,176916
157,48704880000,924,726,0,16,182,0,198,0,0,7.3195592286501378609,16,216225,176916
158,48954880000,900,703,0,16,181,0,197,0,0,7.5348506401137980149,16,216225,176916
159,49204880000,923,733,0,16,174,0,190,0,0,7.3519781718963166384,16,216225,176916
160,49454880000,946,747,0,17,182,0,199,0,0,7.4431057563587685877,16,216225,176952
161,49704880000,924,731,0,16,177,0,193,0,0,7.3570451436388513144,16,216225,176844
162,49954880000,925,735,1,15,174,0,190,0,0,7.3850340136054422047,16,216225,176844
163,50204880000,929,741,1,15,172,0,188,0,0,7.4170040485829957788,16,216225,176844
164,50454880000,903,714,2,14,173,0,189,0,0,7.385154061624650268,16,216225,176844
165,50704880000,925,735,1,18,171,0,190,0,0,7.2489795918367345706,16,216225,176844
166,50954880000,919,730,0,20,169,0,189,0,0,7.2301369863013702499,16,216225,176844
167,51204880000,918,728,1,21,168,0,190,0,0,7.3214285714285711748,16,216225,176844
168,51504880000,925,721,0,29,175,0,204,0,0,7.4188626907073507155,16,216225,176844
169,51754880000,929,726,0,31,172,0,203,0,0,7.5275482093663912408,16,216225,176844
170,51954880000,905,703,0,31,171,0,202,0,0,7.8605974395448079406,16,216225,176844
171,52204880000,855,664,0,28,163,0,191,0,0,8.2123493975903620878,16,216225,176844
172,52454880000,840,641,0,34,165,0,199,0,0,8.2667706708268333671,16,216225,176916
173,52704880000,819,618,0,36,165,0,201,0,0,8.165048543689319871,16,216225,176916
174,52954880000,797,593,0,37,167,0,204,0,0,8.3254637436762219949,16,216225,176916
175,53204880000,806,602,0,34,170,0,204,0,0,8.0282392026578079935,16,216225,176916
176,53454880000,809,601,0,40,168,0,208,0,0,8.0998336106489183805,16,216225,176916
177,53704880000,812,599,0,42,171,0,213,0,0,8.2070116861435717937,16,216225,176916
178,53954880000,814,598,0,44,172,0,216,0,0,8.2458193979933103179,16,216225,176916
179,54254880000,792,579,1,46,166,0,213,0,0,8.2694300518134706834,16,216225,176916
180,54454880000,816,599,0,47,170,0,217,0,0,8.0150250417362265409,16,216225,176916
181,54704880000,836,626,0,47,163,0,210,0,0,7.7619808306709261458,16,216225,176916
182,54954880000,856,642,0,48,166,0,214,0,0,7.607476635514018426,16,216225,176916
183,55204880000,878,656,0,48,174,0,222,0,0,7.4695121951219514145,16,216225,176916
184,55454880000,897,671,0,50,176,0,226,0,0,7.3308494783904620817,16,216225,177060
185,55704880000,915,694,0,48,173,0,221,0,0,7.1685878962536024872,16,216225,177132
186,55954880000,909,696,0,50,163,0,213,0,0,7.2571839080459765725,16,216225,177132
187,56204880000,930,712,0,51,167,0,218,0,0,7.061797752808988804,16,216225,177132
188,56454880000,952,729,0,52,171,0,223,0,0,7.1659807956104248916,16,216225,177240
189,56704880000,949,728,0,53,168,0,221,0,0,6.8722527472527472625,16,216225,177132
190,56954880000,952,729,0,55,168,0,223,0,0,6.8998628257887517634,16,216225,177132
191,57204880000,975,741,0,53,181,0,234,0,0,6.6896086369770584312,16,216225,177132
192,57504880000,971,733,0,51,187,0,238,0,0,6.7380627557980901088,16,216225,177132
193,57754880000,995,757,0,49,189,0,238,0,0,6.5601056803170409992,16,216225,177132
194,57954880000,1017,780,0,46,191,0,237,0,0,6.4423076923076925127,16,216225,177132
195,58204880000,993,753,0,43,197,0,240,0,0,6.2284196547144752287,16,216225,177132
196,58454880000,1014,771,0,42,201,0,243,0,0,6.0492866407263292672,16,216225,177132
197,58704880000,1010,766,0,40,204,0,244,0,0,6.0091383812010441545,16,216225,177132
198,58954880000,1025,785,0,37,203,0,240,0,0,5.8764331210191080856,16,216225,177132
199,59204880000,1038,807,0,35,196,0,231,0,0,5.8079306071871128481,16,216225,177132
200,59454880000,1077,842,0,35,200,0,235,0,0,5.8752969121140141695,16,216225,177168
201,59754880000,1097,858,0,35,204,0,239,0,0,6.002331002331001919,16,216225,177132
202,59954880000,1110,869,0,33,208,0,241,0,0,5.9643268124280783837,16,216225,176916
203,60254880000,1118,877,0,31,210,0,241,0,0,5.9840364880273657633,16,216225,176916
204,60504880000,1164,912,0,34,218,0,252,0,0,5.9857456140350873142,16,216225,176952
205,60704880000,1132,891,0,29,212,0,241,0,0,6.0505050505050501641,16,216225,176844
206,61004879999,1127,885,0,24,218,0,242,0,0,6.044067796610169907,16,216225,176844
207,61204880000,1150,906,0,25,219,0,244,0,0,6.011037527593819263,16,216225,176844
208,61454880000,1151,911,0,19,221,0,240,0,0,6.0461031833150382653,16,216225,176844
209,61704880000,1161,911,0,18,232,0,250,0,0,6.0504939626783755813,16,216225,176844
210,61954880000,1161,911,0,18,232,0,250,0,0,6.0340285400658615345,16,216225,176844
211,62204880000,1158,904,0,14,240,0,254,0,0,5.9646017699115043698,16,216225,176844
212,62454880000,1139,889,0,11,239,0,250,0,0,6.0247469066366701185,16,216225,176844
213,62704880000,1131,874,0,11,246,0,257,0,0,5.9382151029748282411,16,216225,176844
214,62954880000,1134,871,0,11,252,0,263,0,0,5.8828932261768080991,16,216225,176844
215,63204880000,1112,847,0,11,254,0,265,0,0,5.9610389610389606929,16,216225,176844
216,63454880000,1113,841,0,9,263,0,272,0,0,6.0214030915576692848,16,216225,176844
217,63704880000,1110,844,0,9,257,0,266,0,0,5.889810426540284638,16,216225,176844
218,63954880000,1120,848,0,9,263,0,272,0,0,5.8773584905660376521,16,216225,176844
219,64154880000,1115,841,0,9,265,0,274,0,0,5.8061831153388823168,16,216225,176844
220,64404880000,1137,859,0,10,268,0,278,0,0,5.7636786961583235112,16,216225,176844
221,64654880000,1104,829,0,10,265,0,275,0,0,5.7756332931242457818,16,216225,176844
222,64904880000,1100,819,0,12,269,0,281,0,0,5.884004884004884417,16,216225,176844
223,65154880000,1095,809,0,11,275,0,286,0,0,5.6378244746600740811,16,216225,176844
224,65404880000,1095,814,0,10,271,0,281,0,0,5.5773955773955776749,16,216225,176844
225,65654880000,1110,827,0,10,273,0,283,0,0,5.6372430471584040745,16,216225,176844
226,65904880000,1078,793,0,12,273,0,285,0,0,5.8234552332912992156,16,216225,176916
227,66154880000,1100,812,0,11,277,0,288,0,0,5.8275862068965516016,16,216225,176916
228,66404880000,1076,792,0,12,272,0,284,0,0,5.9646464646464645298,16,216225,176916
229,66654880000,1055,772,0,12,271,0,283,0,0,6.0246113989637306574,16,216225,176916
230,66904880000,1058,774,1,14,269,0,284,0,0,6.0271317829457364823,16,216225,176916
231,67154880000,1082,796,1,15,270,0,286,0,0,6.0540201005025124914,16,216225,176916
232,67404880000,1059,775,1,17,266,0,284,0,0,6.1458064516129029542,16,216225,176916
233,67654880000,1066,786,1,18,261,0,280,0,0,6.1361323155216282998,16,216225,176916
234,67904880000,1071,791,1,21,258,0,280,0,0,6.0303413400758536511,16,216225,176916
235,68154880000,1074,792,1,24,257,0,282,0,0,6.1553030303030302761,16,216225,176916
236,68404880000,1077,795,1,22,259,0,282,0,0,6.2402515723270441939,16,216225,176916
237,68654880000,1045,768,1,23,253,0,277,0,0,6.4361979166666669627,16,216225,176916
238,68904880000,1039,756,1,25,257,0,283,0,0,6.5634920634920632665,16,216225,176916
239,69154880000,1049,772,1,32,244,0,277,0,0,6.5284974093264249717,16,216225,176916
240,69454880000,1031,754,1,35,241,0,277,0,0,6.5742705570291777306,16,216225,176916
241,69654880000,1015,746,1,35,233,0,269,0,0,6.6863270777479888451,16,216225,176916
242,69904880000,1016,744,1,36,235,0,272,0,0,6.7956989247311829772,16,216225,176952
243,70154880000,1002,723,1,44,234,0,279,0,0,6.9059474412171510949,16,216225,176844
244,70404880000,982,703,1,48,229,1,279,0,0,6.8847795163584635247,16,216225,176844
245,70654880000,982,697,2,52,231,0,285,0,0,6.9583931133428977844,16,216225,176844
246,70904880000,984,702,3,55,223,1,282,0,0,6.9985754985754988766,16,216225,176844
247,71154880000,985,706,3,60,216,0,279,0,0,6.8753541076487252326,16,216225,176844
248,71404880000,975,697,3,59,216,0,278,0,0,6.869440459110473185,16,216225,176844
249,71654880000,975,693,3,65,214,0,282,0,0,6.8311688311688314457,16,216225,176844
250,71904880000,951,672,3,68,208,0,279,0,0,6.9732142857142855874,16,216225,176844
251,72154880000,955,665,3,70,217,0,290,0,0,7.0511278195488724663,16,216225,176844
252,72404880000,966,663,3,71,229,0,303,0,0,7.0558069381598791381,16,216225,176844
253,72654880000,946,644,3,76,223,0,302,0,0,7.1040372670807450106,16,216225,176844
254,72904880000,927,632,3,79,213,0,295,0,0,7.0237341772151902219,16,216225,176844
255,73154880000,912,615,3,86,208,0,297,0,0,7.0195121951219512368,16,216225,176844
256,73404880000,897,598,3,86,210,0,299,0,0,7.2658862876254177721,16,216225,176844
257,73654880000,884,584,3,90,207,0,300,0,0,7.3287671232876716587,16,216225,176844
258,73904880000,889,584,3,92,210,0,305,0,0,7.4058219178082191902,16,216225,176844
259,74154880000,895,579,3,96,217,0,316,0,0,7.4300518134715023422,16,216225,176844
260,74404880000,880,569,2,98,211,0,311,0,0,7.369068541300527464,16,216225,176844
261,74654880000,859,557,2,94,206,0,302,0,0,7.3536804308797130147,16,216225,176844
262,74904880000,868,560,2,97,209,0,308,0,0,7.3250000000000001776,16,216225,176844
263,75154880000,850,548,3,95,204,0,302,0,0,7.2718978102189781865,16,216225,176844
264,75404880000,829,527,2,99,200,1,302,0,0,7.1271347248576848443,16,216225,176844
265,75654880000,856,545,2,104,205,0,311,0,0,6.9614678899082571562,16,216225,176844
266,75904880000,863,552,2,109,200,0,311,0,0,7.0326086956521738358,16,216225,176844
267,76154880000,873,557,2,114,200,0,316,0,0,7.0915619389587076782,16,216225,176844
268,76404880000,883,563,2,108,210,0,320,0,0,7.0905861456483130212,16,216225,176844
269,76654880000,835,526,2,99,208,0,309,0,0,7.4600760456273764731,16,216225,176844
270,76954880000,840,530,3,100,207,0,310,0,0,7.4452830188679248735,16,216225,176916
271,77154880000,843,537,5,97,203,1,306,0,0,7.4674115456238361332,16,216225,176916
272,77454880000,871,556,9,100,206,0,315,0,0,7.3111510791366907114,16,216225,176916
273,77654880000,869,556,5,105,203,0,313,0,0,7.3956834532374102764,16,216225,176916
274,77904880000,869,558,7,100,204,0,311,0,0,7.5215053763440860024,16,216225,176916
275,78154880000,873,572,5,95,201,0,301,0,0,7.5174825174825175012,16,216225,176916
276,78404880000,874,573,4,99,198,0,301,0,0,7.6160558464223386821,16,216225,176916
277,78654880000,851,559,1,101,190,0,292,0,0,7.6440071556350623894,16,216225,176916
278,78904880000,885,591,2,105,187,0,294,0,0,7.4433164128595601383,16,216225,176916
279,79154880000,864,580,2,102,180,0,284,0,0,7.3517241379310345195,16,216225,176916
280,79404880000,886,595,4,102,185,0,291,0,0,7.2168067226890757482,16,216225,176916
281,79654880000,908,621,4,102,180,1,287,0,0,6.9581320450885666418,16,216225,176916
282,79904880000,929,647,2,103,176,1,282,0,0,6.7820710973724880333,16,216225,176916
283,80154880000,923,642,2,100,178,1,281,0,0,6.8598130841121491841,16,216225,176988
284,80404880000,938,656,4,100,177,1,282,0,0,6.7317073170731704934,16,216225,176988
285,80704880000,931,650,2,102,176,1,281,0,0,6.8338461538461539035,16,216225,176988
286,80904880000,973,681,4,103,184,1,292,0,0,6.7518355359765047652,16,216225,177024
287,81154880000,981,696,4,100,180,1,285,0,0,6.7270114942528733692,16,216225,176916
288,81404880000,979,703,3,96,176,1,276,0,0,6.7596017069701277435,16,216225,176916
289,81654880000,993,716,2,97,177,1,277,0,0,6.6885474860335198954,16,216225,176916
290,81904880000,991,709,2,95,184,1,282,0,0,6.7404795486600850296,16,216225,176916
291,82154880000,986,697,2,97,189,1,289,0,0,6.7819225251076042937,16,216225,176916
292,82404880000,974,686,3,92,192,1,288,0,0,6.8323615160349850939,16,216225,176916
293,82654880000,969,674,2,90,202,1,295,0,0,6.7863501483679522508,16,216225,176916
294,82904880000,990,690,2,89,208,1,300,0,0,6.5318840579710144567,16,216225,176916
295,83154880000,957,669,2,85,200,1,288,0,0,6.4768310911808670838,16,216225,176916
296,83404880000,982,703,2,84,192,1,279,0,0,6.219061166429587395,16,216225,176916
297,83654880000,974,693,2,86,192,1,281,0,0,6.272727272727272485,16,216225,176916
298,83904880000,991,710,2,85,193,1,281,0,0,6.1690140845070420283,16,216225,176916
299,84154880000,1016,725,2,85,203,1,291,0,0,6.3062068965517239505,16,216225,176952
300,84404880000,1030,736,2,86,205,1,294,0,0,6.2092391304347822611,16,216225,176844
301,84654880000,1018,725,1,84,207,1,293,0,0,6.2979310344827590384,16,216225,176844
302,84954880000,994,698,1,82,212,1,296,0,0,6.290830945558739451,16,216225,176844
303,85154880000,1011,721,1,78,210,1,290,0,0,6.2649098474341196052,16,216225,176844
304,85454880000,1003,710,1,79,212,1,293,0,0,6.3887323943661975534,16,216225,176844
305,85654880000,1013,729,2,76,205,1,284,0,0,6.366255144032922253,16,216225,176844
306,85904880000,1030,740,1,75,213,1,290,0,0,6.3567567567567566655,16,216225,176844
307,86154880000,1031,745,1,71,213,1,286,0,0,6.4630872483221475377,16,216225,176844
308,86404880000,996,718,1,66,210,1,278,0,0,6.5334261838440115255,16,216225,176844
309,86654880000,992,712,0,67,212,1,280,0,0,6.7331460674157304069,16,216225,176844
310,86904880000,991,715,1,61,213,1,276,0,0,6.7300699300699298178,16,216225,176844
311,87154880000,963,694,1,59,209,0,269,0,0,6.9481268011527381745,16,216225,176844
312,87404880000,932,656,2,55,219,0,276,0,0,7.0777439024390247369,16,216225,176844
313,87654880000,935,648,2,54,231,0,287,0,0,7.1620370370370372015,16,216225,176844
314,87904880000,939,654,2,51,232,0,285,0,0,6.9831804281345561947,16,216225,176844
315,88154880000,942,654,1,50,237,0,288,0,0,7.1743119266055046523,16,216225,176844
316,88404880000,925,646,1,47,231,0,279,0,0,7.2956656346749229058,16,216225,176844
317,88704880000,909,636,1,45,227,0,273,0,0,7.3207547169811322263,16,216225,176844
318,88904880000,923,656,1,44,222,0,267,0,0,7.2179878048780485855,16,216225,176844
319,89204880000,919,659,1,42,217,0,260,0,0,7.1092564491654020031,16,216225,176844
320,89404880000,938,683,1,42,211,1,255,0,0,7.0351390922401169092,16,216225,176844
321,89654880000,956,699,1,43,212,1,257,0,0,7.0286123032904148644,16,216225,176844
322,89904880000,982,724,1,41,215,1,258,0,0,6.9254143646408836688,16,216225,176844
323,90154880000,977,720,1,41,214,1,257,0,0,7.0944444444444441089,16,216225,176844
324,90404880000,963,707,1,43,210,2,256,0,0,6.9533239038189531556,16,216225,176844
325,90654880000,985,717,1,44,221,2,268,0,0,6.8953974895397491807,16,216225,176844
326,90904880000,971,693,2,44,230,2,278,0,0,6.7113997113997116983,16,216225,176844
327,91154880000,985,691,1,42,249,2,294,0,0,6.6295224312590450566,16,216225,176844
328,91404880000,967,673,1,45,246,2,294,0,0,6.609212481426448349,16,216225,176844
329,91654880000,981,676,1,48,254,2,305,0,0,6.5443786982248521866,16,216225,176844
330,91904880000,970,658,1,51,258,2,312,0,0,6.4513677811550156349,16,216225,176916
331,92154880000,1008,682,1,56,267,2,326,0,0,6.2038123167155427851,16,216225,176916
332,92404880000,1020,687,1,63,267,2,333,0,0,6.0582241630276563171,16,216225,176916
333,92704880000,1007,669,1,70,265,2,338,0,0,6.0239162929745893038,16,216225,176916
334,92904880000,1045,694,1,76,272,2,351,0,0,5.817002881844380191,16,216225,176916
335,93204880000,1036,673,1,78,282,2,363,0,0,5.6775631500742944624,16,216225,177204
336,93404880000,1032,668,1,83,278,2,364,0,0,5.4296407185628741132,16,216225,177348
337,93704880000,1029,657,1,80,289,2,372,0,0,5.3622526636225265051,16,216225,177420
338,93904880000,1078,681,1,87,307,2,397,0,0,5.1071953010279003138,16,216225,177780
339,94204880000,1089,681,1,88,317,2,408,0,0,5.0264317180616737701,16,216225,178068
340,94404880000,1093,676,1,91,322,3,417,0,0,4.862426035502958932,16,216225,178500
341,94654880000,1103,678,0,84,337,4,425,0,0,4.8230088495575218488,16,216225,178716
342,94954880000,1116,679,0,83,348,6,437,0,0,4.7849779086892487712,16,216225,178932
343,95154880000,1145,700,0,81,358,6,445,0,0,4.6214285714285709972,16,216225,179076
344,95404880000,1140,696,0,81,357,6,444,0,0,4.4928160919540234275,16,216225,179148
345,95654880000,1178,720,0,81,371,6,458,0,0,4.4527777777777775015,16,216225,179148
346,95954880000,1176,726,0,81,363,6,450,0,0,4.5055096418732780705,16,216225,179184
347,96154880000,1204,753,0,80,367,4,451,0,0,4.4448871181938907071,16,216225,179148
348,96404880000,1226,777,0,80,365,4,449,0,0,4.3809523809523813753,16,216225,179148
349,96704880000,1209,768,0,79,358,4,441,0,0,4.49609375,16,216225,179184
350,96904880000,1212,780,0,79,350,3,432,0,0,4.5589743589743587648,16,216225,179148
351,97154880000,1198,775,0,79,341,3,423,0,0,4.665806451612903416,16,216225,179184
352,97404880000,1197,781,0,83,330,3,416,0,0,4.7836107554417415244,16,216225,179148
353,97654880000,1219,808,0,84,324,3,411,0,0,4.8403465346534657598,16,216225,179040
354,97954880000,1224,818,0,85,319,2,406,0,0,4.9669926650366749143,16,216225,178752
355,98204880000,1222,825,0,88,307,2,397,0,0,5.0193939393939395188,16,216225,178716
356,98404880000,1203,818,0,88,295,2,385,0,0,5.1858190709046452227,16,216225,178608
357,98654880000,1191,820,0,86,283,2,371,0,0,5.3451219512195118355,16,216225,178428
358,98904880000,1207,838,0,89,277,3,369,0,0,5.4618138424821003341,16,216225,178176
359,99154880000,1191,829,0,89,270,3,362,0,0,5.6875753920386005191,16,216225,177528
360,99404880000,1182,825,0,90,264,3,357,0,0,5.8557575757575754949,16,216225,177312
361,99654880000,1153,815,0,88,248,2,338,0,0,6.0380368098159511447,16,216225,176988
362,99904880000,1137,809,0,87,239,2,328,0,0,6.1693448702101356673,16,216225,176988
363,100104900000,1157,827,0,92,237,1,330,0,0,6.2382103990326482901,16,216225,177024
364,100304900000,1127,805,0,101,220,1,322,0,0,6.488198757763974811,16,216225,176916
365,100504900000,1096,783,0,94,218,1,313,0,0,6.656449553001277053,16,216225,176916
366,100754900000,1110,804,0,100,205,1,306,0,0,6.6815920398009946979,16,216225,176952
367,101054900000,1113,800,0,106,206,1,313,0,0,6.7850000000000001421,16,216225,176844
368,101254900000,1072,781,0,110,180,1,291,0,0,6.9551856594110113008,16,216225,176844
369,101554900000,1039,756,0,107,175,1,283,0,0,7.1587301587301590544,16,216225,176844
370,101754900000,1015,753,0,103,158,1,262,0,0,7.2483399734395748126,16,216225,176844
371,102004900000,1013,756,0,107,149,1,257,0,0,7.2671957671957674307,16,216225,176844
372,102254900000,1008,760,0,111,136,1,248,0,0,7.2065789473684214173,16,216225,176844
373,102504900000,986,753,0,116,116,1,233,0,0,7.2005312084993358113,16,216225,176844
374,102804900000,972,748,0,119,104,1,224,0,0,7.2018716577540109469,16,216225,176844
375,103004900000,940,738,2,114,85,1,202,0,0,7.2574525745257449927,16,216225,176844
376,103254900000,917,717,0,115,84,1,200,0,0,7.4728033472803350179,16,216225,176844
377,103504900000,899,701,2,114,81,1,198,0,0,7.4336661911554919868,16,216225,176844
378,103754900000,838,644,0,115,78,1,194,0,0,7.8354037267080745011,16,216225,176844
379,104054900000,846,644,1,119,81,1,202,0,0,7.9673913043478261642,16,216225,176916
380,104254900000,824,621,0,120,82,1,203,0,0,8.1723027375201287015,16,216225,176916
381,104504900000,831,626,3,120,81,1,205,0,0,8.2412140575079870786,16,216225,176916
382,104754900000,818,620,3,115,79,1,198,0,0,8.2806451612903231307,16,216225,176916
383,105004900000,810,618,3,113,75,1,192,0,0,8.2394822006472487885,16,216225,176988
384,105304900000,796,602,5,112,76,1,194,0,0,8.2408637873754155834,16,216225,176988
385,105504900000,788,591,3,117,76,1,197,0,0,8.2436548223350261111,16,216225,176988
386,105754900000,789,584,3,122,79,1,205,0,0,8.354452054794521132,16,216225,176988
387,106004900000,790,579,5,124,81,1,211,0,0,8.367875647668393313,16,216225,176988
388,106254900000,797,590,6,123,78,0,207,0,0,8.1508474576271190415,16,216225,176988
389,106504900000,797,581,8,126,82,0,216,0,0,8.3063683304647160099,16,216225,176988
390,106754900000,797,579,6,128,84,0,218,0,0,8.4455958549222795995,16,216225,177060
391,107004900000,789,577,5,124,83,0,212,0,0,8.5875216637781637274,16,216225,177060
392,107254900000,815,597,7,120,91,0,218,0,0,8.319932998324958362,16,216225,177132
393,107504900000,788,584,8,109,87,0,204,0,0,8.371575342465753522,16,216225,177132
394,107754900000,802,606,8,103,85,0,196,0,0,8.2821782178217819848,16,216225,177132
395,108004900000,828,615,7,113,93,0,213,0,0,8.3105691056910568904,16,216225,177168
396,108254900000,795,590,8,102,95,0,205,0,0,8.2779661016949148689,16,216225,177060
397,108504900000,811,605,8,100,98,0,206,0,0,7.9487603305785121677,16,216225,177060
398,108754900000,816,609,8,97,102,0,207,0,0,7.7471264367816088381,16,216225,177060
399,109004900000,855,642,9,102,102,0,213,0,0,7.6760124610591899952,16,216225,177096
400,109254900000,864,647,8,105,104,0,217,0,0,7.506955177743431129,16,216225,176988
401,109504900000,877,661,9,107,100,0,216,0,0,7.3298033282904686558,16,216225,176988
402,109754900000,874,666,8,103,97,0,208,0,0,7.3033033033033030179,16,216225,176988
403,110004900000,865,657,7,102,99,0,208,0,0,7.2770167427701677454,16,216225,176988
404,110254900000,853,648,7,100,98,0,205,0,0,7.2160493827160490099,16,216225,176988
405,110554900000,856,651,7,97,101,0,205,0,0,7.0230414746543781135,16,216225,176988
406,110754900000,915,705,7,100,103,0,210,0,0,6.8283687943262414421,16,216225,177024
407,111004900000,917,710,7,98,102,0,207,0,0,6.6816901408450704025,16,216225,176916
408,111254900000,952,744,7,98,103,0,208,0,0,6.6841397849462369507,16,216225,176952
409,111504900000,959,751,7,94,107,0,208,0,0,6.5872170439414112764,16,216225,176844
410,111754900000,964,759,7,92,106,0,205,0,0,6.5177865612648222537,16,216225,176844
411,112004900000,989,788,7,90,104,0,201,0,0,6.3413705583756341255,16,216225,176844
412,112254900000,988,788,7,88,105,0,200,0,0,6.2741116751269032648,16,216225,176844
413,112504900000,992,800,7,83,102,0,192,0,0,6.2699999999999995737,16,216225,176844
414,112754900000,997,810,7,82,98,0,187,0,0,6.2283950617283947437,16,216225,176844
415,113004900000,1013,823,6,89,95,0,190,0,0,6.1154313487241802605,16,216225,176844
416,113254900000,1045,856,5,90,94,0,189,0,0,6.0420560747663554224,16,216225,176844
417,113504900000,1036,847,4,89,96,0,189,0,0,6.1475796930342383462,16,216225,176844
418,113754900000,1022,836,3,82,101,0,186,0,0,6.1423444976076551072,16,216225,176844
419,114004900000,1036,853,2,83,98,0,183,0,0,6.1418522860492377191,16,216225,176844
420,114254900000,1046,856,2,80,108,0,190,0,0,6.1857476635514014873,16,216225,176844
421,114504900000,1064,861,2,82,119,0,203,0,0,6.1904761904761906877,16,216225,176844
422,114754900000,1028,824,2,86,116,0,204,0,0,6.1966019417475726172,16,216225,176844
423,115004900000,1042,835,1,87,119,0,207,0,0,6.2251497005988021272,16,216225,176844
424,115254900000,1041,831,1,88,121,0,210,0,0,6.2238267148014436714,16,216225,176844
425,115504900000,1062,844,2,85,131,0,218,0,0,6.1587677725118483707,16,216225,176844
426,115754900000,1064,837,1,86,140,0,227,0,0,6.2114695340501793197,16,216225,176844
427,116004900000,1065,837,1,86,141,0,228,0,0,6.1827956989247310204,16,216225,176844
428,116254900000,1051,820,1,83,147,0,231,0,0,6.2731707317073173158,16,216225,176844
429,116504900000,1055,820,0,84,151,0,235,0,0,6.2036585365853662566,16,216225,176844
430,116754900000,1055,809,1,85,159,1,246,0,0,6.0840543881334978593,16,216225,176844
431,117004900000,1052,798,0,81,172,1,254,0,0,6.0288220551378444156,16,216225,176844
432,117254900000,1080,818,0,86,175,1,262,0,0,5.9144254278728602969,16,216225,176844
433,117504900000,1080,804,1,84,191,0,276,0,0,5.8159203980099505316,16,216225,176844
434,117754900000,1111,825,1,89,196,0,286,0,0,5.8266666666666671048,16,216225,176952
435,118004900000,1103,814,1,86,202,0,289,0,0,5.8513513513513517594,16,216225,177060
436,118254900000,1089,791,1,84,213,0,298,0,0,5.7699115044247788475,16,216225,176844
437,118504900000,1106,810,1,85,210,0,296,0,0,5.8049382716049384712,16,216225,176952
438,118754900000,1093,799,1,84,209,0,294,0,0,5.8848560700876095808,16,216225,176844
439,119004900000,1100,808,1,83,208,0,292,0,0,5.8378712871287126163,16,216225,176844
440,119254900000,1121,814,1,86,220,0,307,0,0,5.7886977886977888375,16,216225,176952
441,119504900000,1090,777,1,86,226,0,313,0,0,5.8584298584298588608,16,216225,177060
442,119754900000,1089,766,2,86,235,0,323,0,0,5.9295039164490859207,16,216225,177168
443,120004900000,1081,746,2,86,247,0,335,0,0,5.9973190348525466931,16,216225,177276
444,120254900000,1048,708,2,87,251,0,340,0,0,6.2443502824858754252,16,216225,177384
445,120504900000,1030,690,2,85,253,0,340,0,0,6.2507246376811593791,16,216225,177492
446,120754900000,1025,672,2,77,274,0,353,0,0,6.0520833333333330373,16,216225,176844
447,121004900000,1037,682,3,77,275,0,355,0,0,6.1143695014662755582,16,216225,176952
448,121304900000,1051,687,4,78,281,1,364,0,0,6.021834061135371563,16,216225,176844
449,121554900000,1040,678,3,77,281,1,362,0,0,6.1224188790560472029,16,216225,176952
450,121804900000,1052,680,4,75,292,1,372,0,0,6.0661764705882355031,16,216225,176844
451,122054900000,1040,671,3,73,292,1,369,0,0,6.1296572280178835967,16,216225,176952
452,122254900000,1053,676,3,72,301,1,377,0,0,6.2130177514792901405,16,216225,177060
453,122554900000,1067,678,4,68,316,1,389,0,0,6.2654867256637167827,16,216225,177168
454,122754900000,1057,672,3,66,315,1,385,0,0,6.2648809523809525501,16,216225,176844
455,123004900000,1058,667,3,66,320,2,391,0,0,6.2398800599700150471,16,216225,176844
456,123304900000,1065,659,3,67,333,3,406,0,0,6.2776934749620636467,16,216225,176844
457,123504900000,1049,645,6,67,328,3,404,0,0,6.3317829457364345203,16,216225,176844
458,123754900000,1059,649,3,68,335,4,410,0,0,6.4036979969183356332,16,216225,176916
459,124004900000,1039,639,3,66,326,5,400,0,0,6.471048513302034344,16,216225,176916
460,124304900000,1055,649,3,64,334,5,406,0,0,6.3713405238828970667,16,216225,176916
461,124504900000,1079,664,4,66,340,5,415,0,0,6.1792168674698793041,16,216225,176916
462,124754900000,1054,633,4,69,343,5,421,0,0,6.271721958925750684,16,216225,176916
463,125004900000,1061,633,4,71,346,7,428,0,0,6.3775671406003162645,16,216225,176916
464,125304900000,1071,647,4,65,346,9,424,0,0,6.2132921174652242513,16,216225,176916
465,125554900000,1075,645,3,70,346,11,430,0,0,6.3379844961240312529,16,216225,176916
466,125754900000,1054,616,3,71,353,11,438,0,0,6.3717532467532471685,16,216225,176916
467,126004900000,1032,592,2,73,353,12,440,0,0,6.4290540540540543901,16,216225,176916
468,126254900000,1040,590,3,72,364,11,450,0,0,6.4576271186440674654,16,216225,176916
469,126554900000,1020,573,3,68,366,10,447,0,0,6.4223385689354275385,16,216225,176916
470,126754900000,1027,586,2,68,360,11,441,0,0,6.1945392491467572427,16,216225,176916
471,127004900000,1030,592,3,69,355,11,438,0,0,6.2516891891891894772,16,216225,176916
472,127254900000,1028,574,1,67,373,13,454,0,0,6.2648083623693375799,16,216225,176988
473,127504900000,1027,571,2,66,374,14,456,0,0,6.2959719789842383264,16,216225,176988
474,127754900000,1055,583,3,68,386,15,472,0,0,6.3893653516295021433,16,216225,177024
475,128004899999,1084,603,3,71,392,15,481,0,0,6.2835820895522385143,16,216225,176916
476,128204900000,1058,591,2,67,384,14,467,0,0,6.3637901861252110791,16,216225,176916
477,128504899999,1054,588,0,71,381,14,466,0,0,6.4897959183673465944,16,216225,176916
478,128704900000,1062,604,1,67,375,15,458,0,0,6.3145695364238410008,16,216225,176916
479,128954900000,1066,608,0,66,375,17,458,0,0,6.3355263157894734505,16,216225,176916
480,129204900000,1043,600,0,65,363,15,443,0,0,6.3283333333333331439,16,216225,176916
481,129454900000,1068,627,0,63,364,14,441,0,0,6.2248803827751197915,16,216225,176916
482,129704900000,1066,623,0,64,365,14,443,0,0,6.3451043338683792427,16,216225,176916
483,130004899999,1062,632,0,59,357,14,430,0,0,6.2136075949367084448,16,216225,176916
484,130204900000,1057,634,0,55,354,14,423,0,0,6.2949526813880130049,16,216225,176916
485,130454900000,1060,656,1,53,338,12,404,0,0,6.2103658536585362171,16,216225,176916
486,130754899999,1071,677,0,55,327,12,394,0,0,6.2333825701624814286,16,216225,176916
487,130954900000,1095,712,0,52,319,12,383,0,0,6.1530898876404496178,16,216225,176916
488,131254899999,1082,696,0,51,324,11,386,0,0,6.3721264367816088381,16,216225,176844
489,131454900000,1104,718,0,51,324,11,386,0,0,6.3328690807799441487,16,216225,176844
490,131754899999,1099,731,0,49,309,10,368,0,0,6.2544459644322847325,16,216225,176844
491,132004899999,1082,738,0,41,293,10,344,0,0,6.1666666666666669627,16,216225,176844
492,132254899999,1102,766,0,38,290,8,336,0,0,6.1945169712793735073,16,216225,176844
493,132454900000,1103,771,0,35,289,8,332,0,0,6.261997405966277519,16,216225,176844
494,132704900000,1067,765,0,30,265,7,302,0,0,6.3202614379084964824,16,216225,176844
495,132954900000,1060,768,0,27,259,6,292,0,0,6.40234375,16,216225,176952
496,133254899999,1080,792,0,25,257,6,288,0,0,6.3320707070707067388,16,216225,176844
497,133454900000,1106,821,1,24,254,6,285,0,0,6.2984165651644339334,16,216225,176844
498,133754899999,1076,803,1,23,243,6,273,0,0,6.518057285180573146,16,216225,176952
499,133954900000,1079,809,1,22,241,6,270,0,0,6.583436341161927885,16,216225,176844
500,134254899999,1045,788,1,22,231,3,257,0,0,6.6027918781725887243,16,216225,176844
501,134454900000,1047,795,1,22,226,3,252,0,0,6.6289308176100627534,16,216225,176844
502,134704900000,1050,800,1,22,225,2,250,0,0,6.6262499999999997513,16,216225,176844
503,134954900000,1053,802,1,21,227,2,251,0,0,6.6483790523690773355,16,216225,176844
504,135254899999,1052,808,1,20,221,2,244,0,0,6.6806930693069306315,16,216225,176952
505,135454900000,1017,789,1,17,208,2,228,0,0,6.6704689480354879549,16,216225,176844
506,135704900000,1037,807,1,17,211,1,230,0,0,6.5960346964064440201,16,216225,176844
507,135954900000,1039,819,1,16,203,0,220,0,0,6.6862026862026864293,16,216225,176844
508,136254899999,1006,797,1,14,194,0,209,0,0,6.7490589711417818819,16,216225,176844
509,136454900000,1005,795,1,16,193,0,210,0,0,6.8226415094339625256,16,216225,176844
510,136704900000,1006,803,1,16,186,0,203,0,0,6.9613947696139479859,16,216225,176844
511,136954900000,984,781,1,17,185,0,203,0,0,7.0435339308578743811,16,216225,176844
512,137204900000,986,784,1,18,183,0,202,0,0,7.1530612244897957552,16,216225,176916
513,137454900000,968,760,1,19,188,0,208,0,0,7.2526315789473683182,16,216225,176916
514,137704900000,967,754,1,19,193,0,213,0,0,7.409814323607426978,16,216225,176916
515,138004899999,942,731,1,17,193,0,211,0,0,7.595075239398084932,16,216225,176916
516,138204900000,928,721,2,15,190,0,207,0,0,7.6768377253814144012,16,216225,176916
517,138454900000,902,707,2,14,179,0,195,0,0,7.8005657708628008962,16,216225,176916
518,138754899999,909,716,2,13,178,0,193,0,0,7.8966480446927374004,16,216225,176916
519,139004899999,913,729,2,12,170,0,184,0,0,7.8463648834019208422,16,216225,176916
520,139204900000,896,724,2,11,159,0,172,0,0,7.908839779005524484,16,216225,176916
521,139454900000,876,708,2,10,156,0,168,0,0,7.9307909604519775115,16,216225,176916
522,139704900000,882,725,2,11,144,0,157,0,0,7.748965517241379608,16,216225,176916
523,139954900000,879,727,3,12,137,0,152,0,0,7.8404401650618984476,16,216225,176916
524,140204900000,896,746,3,14,133,0,150,0,0,7.74262734584450385,16,216225,176916
525,140454900000,895,748,3,14,130,0,147,0,0,7.8141711229946526629,16,216225,176916
526,140704900000,897,758,3,16,120,0,139,0,0,7.6635883905013191253,16,216225,176916
527,140954900000,885,758,2,21,104,0,127,0,0,7.5303430079155670995,16,216225,176916
528,141204900000,932,794,2,24,112,0,138,0,0,7.4760705289672539919,16,216225,176952
529,141454900000,930,791,2,24,113,0,139,0,0,7.5600505689001264997,16,216225,176844
530,141704900000,926,782,3,27,114,0,144,0,0,7.6291560102301794188,16,216225,176844
531,141954900000,944,802,2,28,112,0,142,0,0,7.4950124688279302632,16,216225,176844
532,142204900000,956,818,2,30,106,0,138,0,0,7.3985330073349633295,16,216225,176844
533,142454900000,974,836,3,34,101,0,138,0,0,7.3576555023923448928,16,216225,176844
534,142704900000,971,833,4,35,99,0,138,0,0,7.453781512605042181,16,216225,176844
535,143004899999,947,813,3,36,95,0,134,0,0,7.645756457564576003,16,216225,176844
536,143204900000,927,790,6,36,95,0,137,0,0,7.5670886075949370664,16,216225,176844
537,143504899999,928,793,6,38,91,0,135,0,0,7.5926860025220683781,16,216225,176844
538,143704900000,924,789,6,36,92,1,135,0,0,7.6185044359949305459,16,216225,176844
539,143954900000,919,782,5,38,93,1,137,0,0,7.6918158567774934653,16,216225,176844
540,144204900000,920,775,5,42,97,1,145,0,0,7.7019354838709679356,16,216225,176844
541,144454900000,916,770,5,42,98,1,146,0,0,7.7311688311688309128,16,216225,176952
542,144704900000,942,787,6,46,102,1,155,0,0,7.5540025412960609685,16,216225,176952
543,144954900000,975,819,5,51,99,1,156,0,0,7.3724053724053719705,16,216225,176952
544,145204900000,986,817,5,56,107,1,169,0,0,7.3892288861689108259,16,216225,176952
545,145454900000,991,815,5,58,112,1,176,0,0,7.5018404907975462237,16,216225,176844
546,145704900000,995,801,4,61,128,1,194,0,0,7.5942571785268411233,16,216225,176844
547,146004899999,970,769,4,61,135,1,201,0,0,7.8439531859557867222,16,216225,176844
548,146254899999,1006,788,4,67,146,1,218,0,0,7.6383248730964465878,16,216225,176952
549,146454900000,986,757,4,69,155,1,229,0,0,7.6538969616908847371,16,216225,177132
550,146704900000,985,747,4,73,160,1,238,0,0,7.7255689424364124562,16,216225,176916
551,146954900000,1007,751,4,78,173,1,256,0,0,7.6524633821571237391,16,216225,176916
552,147204900000,973,709,4,79,180,1,264,0,0,7.7559943582510575411,16,216225,176916
553,147454900000,1007,725,3,85,193,1,282,0,0,7.6013793103448277222,16,216225,177024
554,147704900000,996,708,3,86,198,1,288,0,0,7.5805084745762707499,16,216225,177132
555,147954900000,1007,696,3,92,215,1,311,0,0,7.5847701149425290623,16,216225,177240
556,148204900000,961,643,3,91,223,1,318,0,0,7.7744945567651635443,16,216225,176916
557,148454900000,947,625,3,93,225,1,322,0,0,7.7055999999999995609,16,216225,177024
558,148704900000,960,628,3,99,229,1,332,0,0,7.3662420382165603172,16,216225,176916
559,148954900000,966,618,3,100,244,1,348,0,0,7.375404530744336995,16,216225,177024
560,149204900000,978,613,3,101,260,1,365,0,0,7.3686786296900486093,16,216225,177132
561,149454900000,932,562,3,100,266,1,370,0,0,7.5195729537366551298,16,216225,176988
562,149704900000,918,538,3,98,278,1,380,0,0,7.3624535315985131234,16,216225,176988
563,149954900000,900,509,3,103,284,1,391,0,0,7.3143418467583494191,16,216225,177096
564,150204900000,936,511,2,110,312,1,425,0,0,6.9256360078277889869,16,216225,177348
565,150454900000,958,520,2,114,321,1,438,0,0,6.9403846153846151523,16,216225,177240
566,150704900000,977,507,1,125,344,0,470,0,0,6.7376725838264297508,16,216225,177348
567,150954900000,1014,525,0,129,360,0,489,0,0,6.3523809523809520172,16,216225,176916
568,151204900000,1033,536,0,128,369,0,497,0,0,6.1511194029850742027,16,216225,177024
569,151454900000,1073,567,0,130,376,0,506,0,0,5.8130511463844793951,16,216225,176916
570,151704900000,1086,570,0,132,384,0,516,0,0,5.7666666666666666075,16,216225,177060
571,151954900000,1098,572,0,133,393,0,526,0,0,5.6748251748251750115,16,216225,177204
572,152204900000,1093,567,0,132,394,0,526,0,0,5.2698412698412697708,16,216225,177276
573,152454900000,1077,568,0,130,379,0,509,0,0,4.9207746478873239937,16,216225,177276
574,152704900000,1094,588,0,128,378,0,506,0,0,4.7823129251700677855,16,216225,177816
575,152954900000,1099,591,0,131,377,0,508,0,0,4.6717428087986467844,16,216225,178068
576,153204900000,1103,596,0,132,375,0,507,0,0,4.5151006711409396033,16,216225,178356
577,153454900000,1135,606,0,129,400,0,529,0,0,4.5445544554455441499,16,216225,178608
578,153754899999,1097,574,0,123,400,0,523,0,0,4.3745644599303137312,16,216225,178788
579,153954900000,1122,594,0,129,399,0,528,0,0,4.2777777777777776791,16,216225,179004
580,154204900000,1148,606,0,130,412,0,542,0,0,4.1567656765676570529,16,216225,179148
581,154454900000,1143,605,0,126,412,0,538,0,0,4.0214876033057853633,16,216225,179220
582,154754899999,1171,616,0,121,433,1,555,0,0,3.983766233766233622,16,216225,179508
583,154954900000,1152,611,0,115,425,1,541,0,0,3.8608837970540097473,16,216225,179724
584,155204900000,1164,611,0,121,431,1,553,0,0,3.8412438625204581299,16,216225,179868
585,155454900000,1177,615,1,123,437,1,562,0,0,3.7886178861788617489,16,216225,179940
586,155704900000,1214,638,1,123,451,1,576,0,0,3.8322884012539186749,16,216225,179976
587,155954900000,1226,657,0,121,447,1,569,0,0,3.8325722983257231036,16,216225,180228
588,156204900000,1205,663,0,115,426,1,542,0,0,3.8159879336349926682,16,216225,180444
589,156454900000,1220,693,0,111,415,1,527,0,0,3.8138528138528138278,16,216225,180516
590,156704900000,1231,705,0,113,412,1,526,0,0,3.8212765957446808152,16,216225,180768
591,156954900000,1269,727,0,120,421,1,542,0,0,3.8486932599724896775,16,216225,181020
592,157204900000,1285,753,0,120,411,1,532,0,0,3.8937583001328022192,16,216225,181128
593,157454900000,1308,784,0,123,400,1,524,0,0,3.9515306122448978776,16,216225,181092
594,157704900000,1273,764,0,122,386,1,509,0,0,4.0981675392670160463,16,216225,180912
595,157954900000,1277,762,0,132,382,1,515,0,0,4.2178477690288715962,16,216225,180588
596,158204900000,1231,729,0,125,376,1,502,0,0,4.429355281207133288,16,216225,180048
597,158504899999,1200,719,0,125,355,1,481,0,0,4.5605006954102922379,16,216225,179868
598,158704900000,1219,738,0,127,353,1,481,0,0,4.5772357723577234978,16,216225,179472
599,158954900000,1183,718,0,122,342,1,465,0,0,4.8119777158774370562,16,216225,179436
600,159204900000,1175,713,0,122,339,1,462,0,0,5.0434782608695654105,16,216225,178788
601,159454900000,1164,701,0,125,337,1,463,0,0,5.2653352353780311645,16,216225,178824
602,159704900000,1114,663,0,120,330,1,451,0,0,5.6349924585218706952,16,216225,179508
603,160004899999,1093,648,0,120,324,1,445,0,0,5.8209876543209873034,16,216225,179400
604,160204900000,1070,644,1,116,308,1,426,0,0,5.9875776397515529936,16,216225,179220
605,160454900000,1066,646,2,115,302,1,420,0,0,6.1764705882352943789,16,216225,178968
606,160704900000,1060,656,1,111,291,1,404,0,0,6.310975609756097171,16,216225,178644
607,161004899999,1053,648,1,113,290,1,405,0,0,6.5478395061728393856,16,216225,178356
608,161204900000,1060,657,1,118,283,1,403,0,0,6.6864535768645358971,16,216225,177888
609,161454900000,1035,646,1,116,271,1,389,0,0,6.8777089783281732949,16,216225,177456
610,161704900000,1010,639,1,110,259,1,371,0,0,7.1220657276995309459,16,216225,177348
611,161954900000,996,633,2,112,248,1,363,0,0,7.2290679304897311752,16,216225,176916
612,162204900000,974,628,2,113,231,0,346,0,0,7.3423566878980892625,16,216225,176916
613,162454900000,962,628,1,113,220,0,334,0,0,7.4203821656050958921,16,216225,176916
614,162754899999,950,624,1,109,216,0,326,0,0,7.4182692307692308376,16,216225,176916
615,162954900000,937,628,1,107,201,0,309,0,0,7.469745222929936368,16,216225,176916
616,163204900000,929,622,1,107,199,0,307,0,0,7.5466237942122189608,16,216225,176988
617,163504899999,914,609,1,104,200,0,305,0,0,7.7011494252873564648,16,216225,176988
618,163754899999,903,601,1,105,195,1,302,0,0,7.9617304492512479541,16,216225,176988
619,163954900000,885,581,1,102,200,1,304,0,0,8.1204819277108430953,16,216225,176988
620,164204900000,842,546,1,96,198,1,296,0,0,8.5677655677655675248,16,216225,176988
621,164504899999,830,537,1,95,196,1,293,0,0,8.6703910614525145917,16,216225,176988
622,164704900000,817,524,1,94,198,0,293,0,0,8.6316793893129766246,16,216225,176988
623,164954900000,786,506,1,91,188,0,280,0,0,8.5671936758893281194,16,216225,176988
624,165254899999,809,521,1,94,193,0,288,0,0,8.2955854126679469118,16,216225,176988
625,165504899999,832,540,1,100,191,0,292,0,0,8.0944444444444449971,16,216225,176988
626,165704900000,857,551,1,105,200,0,306,0,0,8.1814882032667881617,16,216225,177024
627,165954900000,854,549,1,107,197,0,305,0,0,8.0418943533697628823,16,216225,176916
628,166254899999,815,517,1,105,192,0,298,0,0,7.8820116054158608776,16,216225,176916
629,166454900000,846,533,1,109,203,0,313,0,0,7.5046904315197000557,16,216225,176916
630,166704900000,846,533,1,108,204,0,313,0,0,7.4652908067542211867,16,216225,176916
631,166954900000,850,528,1,108,213,0,322,0,0,7.4791666666666669627,16,216225,176916
632,167204900000,850,519,1,106,224,0,331,0,0,7.8188824662813098954,16,216225,176952
633,167454900000,849,516,1,107,225,0,333,0,0,7.8643410852713175885,16,216225,176844
634,167704900000,882,543,0,111,228,0,339,0,0,7.4990791896869248845,16,216225,176916
635,167954900000,881,544,0,109,228,0,337,0,0,7.5551470588235289938,16,216225,176916
636,168204900000,852,523,0,105,224,0,329,0,0,7.8240917782026766503,16,216225,176916
637,168504899999,849,514,0,103,232,0,335,0,0,7.8035019455252916387,16,216225,176916
638,168704900000,873,532,0,107,234,0,341,0,0,7.5451127819548871045,16,216225,176916
639,168954900000,867,530,0,106,231,0,337,0,0,7.5886792452830187372,16,216225,176916
640,169204900000,866,531,0,105,230,0,335,0,0,7.4915254237288131378,16,216225,176916
641,169454900000,897,557,0,111,229,0,340,0,0,7.1705565529622976584,16,216225,176916
642,169704900000,897,549,0,109,239,0,348,0,0,7.2768670309653913364,16,216225,176916
643,169954900000,899,547,0,111,241,0,352,0,0,7.3016453382084094414,16,216225,176916
644,170204900000,870,527,0,109,234,0,343,0,0,7.5426944971537004392,16,216225,176916
645,170454900000,865,525,0,110,230,0,340,0,0,7.6209523809523807003,16,216225,176916
646,170704900000,864,526,0,111,227,0,338,0,0,7.5988593155893537912,16,216225,176988
647,170954900000,886,545,0,115,226,0,341,0,0,7.4403669724770642446,16,216225,176988
648,171204900000,881,543,0,112,226,0,338,0,0,7.5764272559852674505,16,216225,176988
649,171454900000,882,540,0,117,225,0,342,0,0,7.6462962962962963687,16,216225,176988
650,171704900000,909,550,0,122,237,0,359,0,0,7.7309090909090905086,16,216225,177096
651,171954900000,908,547,0,120,241,0,361,0,0,7.8007312614259598504,16,216225,176988
652,172204900000,878,517,0,117,244,0,361,0,0,8.1276595744680850686,16,216225,176988
653,172454900000,885,515,0,116,254,0,370,0,0,8.0582524271844668817,16,216225,176988
654,172704900000,862,486,0,109,267,0,376,0,0,8.0576131687242806834,16,216225,176988
655,172954900000,841,470,0,106,265,0,371,0,0,7.9234042553191486036,16,216225,176988
656,173204900000,843,465,0,104,274,0,378,0,0,7.9440860215053765714,16,216225,176988
657,173454900000,841,455,0,101,285,0,386,0,0,8.00879120879120876,16,216225,176988
658,173704900000,846,460,0,97,289,0,386,0,0,7.945652173913043903,16,216225,177060
659,174004899999,810,436,0,91,283,0,374,0,0,7.9724770642201834292,16,216225,177060
660,174204900000,834,466,0,90,278,0,368,0,0,7.6652360515021458198,16,216225,177060
661,174454900000,830,461,0,92,276,1,369,0,0,7.7331887201735360904,16,216225,177060
662,174704900000,854,466,0,98,289,1,388,0,0,7.871244635193132666,16,216225,177096
663,174954900000,880,485,0,104,290,1,395,0,0,7.610309278350515072,16,216225,176988
664,175204900000,846,462,0,95,288,1,384,0,0,7.508658008658009031,16,216225,176988
665,175454900000,872,475,0,101,295,1,397,0,0,7.3684210526315787604,16,216225,176988
666,175754899999,901,489,0,104,307,1,412,0,0,7.4683026584867073794,16,216225,177096
667,175954900000,905,487,0,103,314,1,418,0,0,7.5770020533880906299,16,216225,176988
668,176204900000,852,453,0,95,303,1,399,0,0,7.9072847682119205004,16,216225,176988
669,176454900000,855,463,0,87,304,1,392,0,0,7.8552915766738662384,16,216225,176988
670,176704900000,850,462,0,89,298,1,388,0,0,7.8809523809523813753,16,216225,176988
671,177004899999,842,476,0,91,274,1,366,0,0,7.5987394957983189769,16,216225,176988
672,177254899999,845,492,0,92,260,1,353,0,0,7.6422764227642279167,16,216225,176988
673,177454900000,814,473,0,88,252,1,341,0,0,7.9238900634249471722,16,216225,176988
674,177704900000,843,496,0,91,255,1,347,0,0,7.9939516129032259784,16,216225,177024
675,177954900000,843,500,1,93,248,1,343,0,0,8.0640000000000000568,16,216225,176916
676,178204900000,840,503,3,88,245,1,337,0,0,8.176938369781312943,16,216225,176916
677,178504899999,812,500,4,83,224,1,312,0,0,8.0020000000000006679,16,216225,176916
678,178704900000,844,536,13,82,212,1,308,0,0,7.7835820895522385143,16,216225,176916
679,178954900000,840,538,11,88,202,1,302,0,0,7.8921933085501860816,16,216225,176916
680,179204900000,841,549,9,88,194,1,292,0,0,7.9417122040072856137,16,216225,176916
681,179454900000,843,554,9,92,187,1,289,0,0,8.0649819494584829016,16,216225,176916
682,179704900000,871,578,9,92,191,1,293,0,0,8.1574394463667818655,16,216225,177024
683,179954900000,873,589,9,98,176,1,284,0,0,8.2156196943972830127,16,216225,176916
684,180204900000,848,571,9,102,165,1,277,0,0,8.6042031523642723556,16,216225,176916
685,180454900000,850,578,9,106,156,1,272,0,0,8.6038062283737026803,16,216225,176916
686,180754899999,823,560,9,105,148,1,263,0,0,8.9107142857142864756,16,216225,176916
687,180954900000,844,575,12,109,147,1,269,0,0,8.6799999999999997158,16,216225,176988
688,181204900000,868,603,9,114,141,1,265,0,0,8.4709784411276949356,16,216225,176988
689,181454900000,866,600,9,112,144,1,266,0,0,8.5316666666666662877,16,216225,176988
690,181704900000,853,593,11,112,136,1,260,0,0,8.3625632377740295453,16,216225,176988
691,181954900000,853,589,10,114,140,0,264,0,0,8.4108658743633277766,16,216225,176988
692,182204900000,875,609,11,116,139,0,266,0,0,8.2348111658456488726,16,216225,176988
693,182454900000,850,593,11,110,136,0,257,0,0,8.2934232715008437964,16,216225,176988
694,182704900000,843,595,12,105,131,0,248,0,0,8.297478991596639375,16,216225,176988
695,182954900000,808,575,11,99,123,0,233,0,0,8.2104347826086954143,16,216225,176988
696,183204900000,801,564,11,100,126,0,237,0,0,8.2783687943262407316,16,216225,176988
697,183504899999,799,557,11,103,128,0,242,0,0,8.3770197486535007414,16,216225,176988
698,183704900000,828,572,11,109,136,0,256,0,0,8.4702797202797199816,16,216225,177096
699,184004899999,827,562,11,109,145,0,265,0,0,8.3950177935943059992,16,216225,176988
700,184204900000,805,539,11,105,150,0,266,0,0,8.5769944341372905683,16,216225,177060
701,184454900000,777,508,11,98,160,0,269,0,0,8.5019685039370074264,16,216225,177060
702,184704900000,777,508,11,94,164,0,269,0,0,8.4606299212598425896,16,216225,177060
703,185004899999,807,523,11,95,178,0,284,0,0,8.5602294455066925138,16,216225,177096
704,185204900000,804,517,11,95,181,0,287,0,0,8.5880077369439078439,16,216225,176988
705,185454900000,806,516,11,97,182,0,290,0,0,8.4883720930232566815,16,216225,176988
706,185704900000,810,513,9,95,193,0,297,0,0,8.5107212475633531312,16,216225,176988
707,185954900000,817,516,8,99,194,0,301,0,0,8.4089147286821699367,16,216225,176988
708,186204900000,816,506,4,104,202,0,310,0,0,8.0652173913043476716,16,216225,176988
709,186504899999,813,503,2,106,202,0,310,0,0,8.0119284294234596189,16,216225,176988
710,186704900000,837,519,2,109,207,0,318,0,0,7.6647398843930636403,16,216225,176988
711,187004899999,833,511,2,104,216,0,322,0,0,7.5401174168297453448,16,216225,176988
712,187204900000,855,520,4,110,221,0,335,0,0,7.367307692307692335,16,216225,176988
713,187454900000,882,543,5,109,225,0,339,0,0,7.1436464088397793049,16,216225,176988
714,187704900000,905,561,3,112,229,0,344,0,0,7.1853832442067737674,16,216225,177096
715,187954900000,895,544,5,111,235,0,351,0,0,7.3382352941176467453,16,216225,176988
716,188204900000,943,571,7,120,245,0,372,0,0,7.2329246935201396695,16,216225,177024
717,188454900000,917,558,6,116,237,0,359,0,0,7.1971326164874556142,16,216225,176916
718,188704900000,917,550,4,129,233,1,367,0,0,6.9545454545454541417,16,216225,176916
719,188954900000,924,557,4,132,230,1,367,0,0,6.9030520646319573075,16,216225,176916
720,189204900000,909,545,4,133,226,1,364,0,0,6.7064220183486238369,16,216225,176916
721,189454900000,907,545,3,134,224,1,362,0,0,6.759633027522935933,16,216225,176916
722,189754899999,887,540,2,134,210,1,347,0,0,6.561111111111110894,16,216225,176916
723,189954900000,891,544,2,138,206,1,347,0,0,6.5183823529411766273,16,216225,176916
724,190204900000,894,545,2,139,207,1,349,0,0,6.5064220183486236593,16,216225,176916
725,190454900000,896,556,2,140,197,1,340,0,0,6.5197841726618701585,16,216225,176916
726,190704900000,923,570,3,150,199,1,353,0,0,6.3666666666666662522,16,216225,176916
727,190954900000,926,566,4,157,198,1,360,0,0,6.3621908127208479655,16,216225,176916
728,191204900000,922,563,3,160,195,1,359,0,0,6.342806394316163221,16,216225,176916
729,191504899999,945,579,3,172,190,1,366,0,0,6.2037996545768567813,16,216225,176916
730,191754899999,999,611,4,181,202,1,388,0,0,6.0916530278232405848,16,216225,176952
731,191954900000,1006,624,3,182,196,1,382,0,0,6.0913461538461541878,16,216225,176844
732,192204900000,1004,629,3,179,192,1,375,0,0,6.1351351351351350871,16,216225,176844
733,192454900000,1004,639,4,180,180,1,365,0,0,6.1924882629107980136,16,216225,176844
734,192704900000,1034,675,3,175,180,1,359,0,0,6.004444444444444251,16,216225,176844
735,192954900000,1032,677,3,172,179,1,355,0,0,6.0753323485967500872,16,216225,176844
736,193204900000,1031,678,3,172,177,1,353,0,0,6.1489675516224187035,16,216225,176844
737,193454900000,1031,679,3,175,173,1,352,0,0,6.2415316642120766133,16,216225,176844
738,193704900000,1005,663,3,168,170,1,342,0,0,6.3408748114630464343,16,216225,176844
739,193954900000,1005,671,3,161,169,1,334,0,0,6.4098360655737707248,16,216225,176844
740,194204900000,1001,681,3,154,162,1,320,0,0,6.3054331864904549221,16,216225,176844
741,194454900000,1022,702,3,152,164,1,320,0,0,6.1923076923076925127,16,216225,176844
742,194704900000,1006,694,3,146,162,1,312,0,0,6.1757925072046111481,16,216225,176844
743,194954900000,999,692,2,142,162,1,307,0,0,6.0664739884393066305,16,216225,176844
744,195204900000,999,700,2,140,156,1,299,0,0,6.1699999999999999289,16,216225,176844
745,195454900000,1004,702,2,139,160,1,302,0,0,6.2079772079772075344,16,216225,176844
746,195704900000,1004,714,2,128,159,1,290,0,0,6.1652661064425773318,16,216225,176844
747,195954900000,1003,713,2,124,163,1,290,0,0,6.2819074333800841714,16,216225,176844
748,196204900000,1002,742,2,111,147,0,260,0,0,6.1280323450134774887,16,216225,176844
749,196504899999,992,736,2,107,146,1,256,0,0,6.25,16,216225,176844
750,196754899999,1011,764,2,99,145,1,247,0,0,6.2041884816753922749,16,216225,176844
751,197004899999,1030,781,2,95,151,1,249,0,0,6.1613316261203587842,16,216225,176844
752,197254899999,1048,808,2,95,142,1,240,0,0,6.1188118811881189174,16,216225,176844
753,197454900000,1065,832,2,89,141,1,233,0,0,6.0997596153846149747,16,216225,176844
754,197704900000,1063,831,2,85,143,2,232,0,0,6.2190132370637787318,16,216225,176844
755,197954900000,1088,858,2,83,143,2,230,0,0,6.1853146853146849793,16,216225,176844
756,198204900000,1063,844,1,73,143,2,219,0,0,6.3116113744075832415,16,216225,176844
757,198504899999,1060,843,1,66,148,2,217,0,0,6.4068801897983389537,16,216225,176844
758,198704900000,1093,876,1,61,153,2,217,0,0,6.2910958904109586243,16,216225,176844
759,198954900000,1045,837,1,51,154,2,208,0,0,6.5400238948626041591,16,216225,176844
760,199204900000,1019,819,1,41,156,2,200,0,0,6.4847374847374847917,16,216225,176844
761,199454900000,1013,815,1,35,160,2,198,0,0,6.5705521472392636184,16,216225,176844
762,199704900000,1033,823,1,36,171,2,210,0,0,6.5018226002430132837,16,216225,176844
763,199954900000,1028,815,1,34,176,2,213,0,0,6.5999999999999996447,16,216225,176844
764,200204900000,1000,795,1,31,171,2,205,0,0,6.6440251572327042595,16,216225,176844
765,200454900000,999,796,1,26,174,2,203,0,0,6.7462311557788945393,16,216225,176844
766,200704900000,992,793,1,25,171,2,199,0,0,6.8423707440100880461,16,216225,176844
767,200954900000,1014,813,1,21,177,2,201,0,0,6.6998769987699873241,16,216225,176844
768,201254899999,1008,810,1,21,174,2,198,0,0,6.7888888888888887507,16,216225,176844
769,201454900000,1038,831,1,22,182,2,207,0,0,6.7075812274368233901,16,216225,176844
770,201704900000,1016,807,1,20,186,2,209,0,0,6.7534076827757125727,16,216225,176844
771,201954900000,994,783,1,17,191,2,211,0,0,6.8748403575989787129,16,216225,176844
772,202254899999,981,765,1,13,200,2,216,0,0,6.8797385620915036952,16,216225,176844
773,202454900000,972,761,1,13,195,2,211,0,0,6.7844940867279897034,16,216225,176916
774,202704900000,995,784,1,11,197,2,211,0,0,6.75,16,216225,176916
775,202954900000,1018,800,1,11,204,2,218,0,0,6.7112499999999997158,16,216225,176916
776,203204900000,993,777,1,10,203,2,216,0,0,6.8597168597168600712,16,216225,176916
777,203454900000,993,780,1,9,201,2,213,0,0,6.9089743589743592977,16,216225,176916
778,203704900000,993,781,1,10,199,2,212,0,0,6.9039692701664536756,16,216225,176916
779,204004899999,996,786,1,10,198,1,210,0,0,6.9643765903307883747,16,216225,176916
780,204204900000,986,780,1,10,194,1,206,0,0,6.9743589743589744501,16,216225,176916
781,204454900000,984,789,2,7,185,1,195,0,0,6.9531051964512036179,16,216225,176916
782,204704900000,982,793,1,8,179,1,189,0,0,6.9470365699873894982,16,216225,176916
783,204954900000,983,800,0,8,174,1,183,0,0,6.9087500000000003908,16,216225,176916
784,205204900000,982,794,0,9,179,0,188,0,0,7.0264483627204032956,16,216225,176916
785,205454900000,953,764,0,9,180,0,189,0,0,7.0772251308900520073,16,216225,176916
786,205754899999,970,778,0,8,184,0,192,0,0,6.9717223650385600209,16,216225,176916
787,205954900000,993,801,0,10,182,0,192,0,0,6.8102372034956308866,16,216225,176916
788,206204900000,977,789,0,11,177,0,188,0,0,6.6615969581749050477,16,216225,176916
789,206454900000,1025,833,0,10,182,0,192,0,0,6.6038415366146461238,16,216225,176952
790,206704900000,1028,836,0,9,183,0,192,0,0,6.6351674641148328249,16,216225,176844
791,206954900000,1040,839,0,9,192,0,201,0,0,6.5208581644815257761,16,216225,176844
792,207204900000,1029,827,0,7,195,0,202,0,0,6.3434099153567107265,16,216225,176844
793,207454900000,1053,843,0,6,204,0,210,0,0,6.2170818505338081295,16,216225,176844
794,207704900000,1058,844,0,5,209,0,214,0,0,6.1729857819905209482,16,216225,176844
795,207954900000,1090,852,0,6,232,0,238,0,0,6.1173708920187790383,16,216225,176844
796,208204900000,1094,839,0,6,249,0,255,0,0,6.1203814064362331848,16,216225,176844
797,208454900000,1080,811,0,8,261,0,269,0,0,5.9334155363748459777,16,216225,176844
798,208704900000,1113,829,0,10,274,0,284,0,0,5.7864897466827507344,16,216225,176844
799,208954900000,1094,814,0,11,269,0,280,0,0,5.685503685503685567,16,216225,176916
800,209204900000,1106,823,0,13,270,0,283,0,0,5.6524908869987848803,16,216225,176916
801,209454900000,1125,836,0,15,274,0,289,0,0,5.5813397129186599344,16,216225,177060
