#timestamp_lkf,mono_status,stereo_status,nr_keypoints,nrDetectedFeatures,nrTrackerFeatures,nrMonoInliers,nrMonoPutatives,nrStereoInliers,nrStereoPutatives,monoRansacIters,stereoRansacIters,nrValidRKP,nrNoLeftRectRKP,nrNoRightRectRKP,nrNoDepthRKP,nrFailedArunRKP,featureDetectionTime,featureTrackingTime,monoRansacTime,stereoRansacTime,featureSelectionTime,extracted_corners,need_n_corners
12004879999,LOW_DISPARITY,VALID,312,0,298,277,298,226,230,0,0,281,0,2,50,0,0,0,0,0,0,0,0
12204879999,VALID,VALID,298,0,312,298,312,234,243,0,0,260,0,1,51,0,0,0,0,0,0,0,0
12404880000,VALID,VALID,289,0,294,289,294,233,239,0,0,245,3,1,45,0,0,0,0,0,0,0,0
12654880000,VALID,VALID,316,0,288,282,288,228,258,0,0,270,5,2,45,0,0,0,0,0,0,0,0
12904880000,VALID,VALID,307,0,313,307,313,236,252,0,0,269,2,2,40,0,0,0,0,0,0,0,0
13154880000,VALID,VALID,304,0,306,304,306,254,271,0,0,265,3,3,35,0,0,0,0,0,0,0,0
13404880000,VALID,VALID,293,0,297,293,297,248,261,0,0,262,0,2,33,0,0,0,0,0,0,0,0
13654880000,VALID,VALID,290,0,293,290,293,246,257,0,0,262,1,3,27,0,0,0,0,0,0,0,0
13904880000,VALID,VALID,288,0,288,288,288,248,256,0,0,260,0,3,25,0,0,0,0,0,0,0,0
14154880000,VALID,VALID,284,0,287,284,287,234,248,0,0,255,2,3,27,0,0,0,0,0,0,0,0
14404880000,VALID,VALID,310,0,282,275,282,229,237,0,0,276,1,4,36,0,0,0,0,0,0,0,0
14654880000,VALID,VALID,301,0,309,301,309,221,230,0,0,270,2,4,33,0,0,0,0,0,0,0,0
14904880000,VALID,VALID,293,0,298,293,298,239,247,0,0,265,3,4,26,0,0,0,0,0,0,0,0
15154880000,VALID,VALID,284,0,286,284,286,229,240,0,0,250,1,4,31,0,0,0,0,0,0,0,0
15404880000,VALID,VALID,315,0,280,280,280,220,231,0,0,277,2,5,31,0,0,0,0,0,0,0,0
15654880000,VALID,VALID,306,0,112,106,112,60,62,0,0,258,2,3,49,0,0,0,0,0,0,0,0
15904880000,VALID,VALID,290,0,281,255,281,61,65,0,0,258,4,3,51,0,0,0,0,0,0,0,0
16104880000,VALID,VALID,315,0,290,281,290,195,213,0,0,272,5,3,44,0,0,0,0,0,0,0,0
16304880000,VALID,VALID,287,0,314,287,314,212,233,0,0,261,4,3,46,0,0,1,0,0,0,0,0
16504880000,LOW_DISPARITY,VALID,296,0,268,262,268,213,232,0,0,250,3,3,46,0,0,0,0,0,0,0,0
16754880000,VALID,VALID,287,0,296,287,296,212,233,0,0,247,2,3,44,0,0,0,0,0,0,0,0
17004879999,VALID,VALID,286,0,287,286,287,232,257,0,0,237,3,3,44,0,0,0,0,0,0,0,0
17204879999,VALID,VALID,286,0,286,286,286,237,256,0,0,245,2,3,36,0,0,0,0,0,0,0,0
17404879999,VALID,VALID,316,0,283,282,283,231,250,0,0,273,1,3,40,0,0,0,0,0,0,0,0
17604880000,VALID,VALID,310,0,314,310,314,228,245,0,0,267,1,3,43,0,0,0,0,0,0,0,0
17804880000,VALID,VALID,308,0,309,308,309,250,268,0,0,258,1,3,47,0,0,0,0,0,0,0,0
18054880000,VALID,VALID,309,0,280,276,280,220,240,0,0,258,1,5,49,0,0,0,0,0,0,0,0
18254880000,VALID,VALID,303,0,309,303,309,214,231,0,0,252,1,5,51,0,0,0,0,0,0,0,0
18504880000,VALID,VALID,298,0,302,298,302,230,253,0,0,240,1,5,56,0,0,0,0,0,0,0,0
18754880000,VALID,VALID,295,0,296,295,296,230,246,0,0,242,0,5,49,0,0,0,0,0,0,0,0
19004879999,VALID,VALID,304,0,270,269,270,213,224,0,0,250,1,4,50,0,0,0,0,0,0,0,0
19204879999,VALID,VALID,293,0,161,155,161,98,107,0,0,238,1,4,56,0,0,0,0,0,0,0,0
19404879999,VALID,VALID,289,0,261,254,261,101,109,0,0,246,1,4,45,0,0,0,0,0,0,0,0
19604880000,VALID,VALID,289,0,262,254,262,180,197,0,0,246,1,5,45,0,0,1,0,0,0,0,0
19804880000,VALID,VALID,317,0,288,282,288,199,219,0,0,270,1,5,47,0,0,0,0,0,0,0,0
20054880000,VALID,VALID,286,0,296,286,296,202,221,0,0,249,1,5,41,0,0,0,0,0,0,0,0
20254880000,VALID,VALID,315,0,285,282,285,220,246,0,0,262,0,7,49,0,0,0,0,0,0,0,0
20504880000,VALID,VALID,307,0,315,307,315,209,235,0,0,256,3,7,49,0,0,0,0,0,0,0,0
20754880000,VALID,VALID,292,0,297,292,297,225,248,0,0,242,2,6,47,0,0,0,0,0,0,0,0
21004879999,VALID,VALID,298,0,270,264,270,205,226,0,0,248,2,6,48,0,0,0,0,0,0,0,0
21204879999,VALID,VALID,291,0,297,291,297,201,222,0,0,244,1,5,47,0,0,0,0,0,0,0,0
21404879999,VALID,VALID,288,0,291,288,291,220,242,0,0,237,2,5,47,0,0,0,0,0,0,0,0
21604880000,VALID,VALID,298,0,265,264,265,206,221,0,0,249,2,3,45,0,0,0,0,0,0,0,0
21804880000,VALID,VALID,316,0,298,282,298,197,210,0,0,275,2,3,52,0,0,0,0,0,0,0,0
22054880000,LOW_DISPARITY,VALID,308,0,316,274,316,198,211,0,0,294,2,5,49,0,0,0,0,0,0,0,0
22254880000,VALID,VALID,284,0,308,284,308,192,202,0,0,263,1,6,38,0,0,1,0,0,0,0,0
22504880000,VALID,VALID,290,0,263,256,263,204,222,0,0,251,2,9,35,0,0,0,0,0,0,0,0
22754880000,VALID,VALID,306,0,208,204,208,130,151,0,0,245,6,15,44,0,0,0,0,0,0,0,0
23004879999,VALID,VALID,299,0,272,265,272,117,142,0,0,228,12,23,43,0,0,0,0,0,0,0,0
23204879999,VALID,VALID,289,0,262,255,262,164,182,0,0,228,21,3,44,0,0,0,0,0,0,0,0
23404879999,VALID,VALID,281,0,254,249,254,157,183,0,0,223,15,10,38,0,0,0,0,0,0,0,0
23604880000,VALID,VALID,302,0,274,268,274,174,193,0,0,238,16,6,48,0,0,0,0,0,0,0,0
23804880000,VALID,VALID,305,0,275,271,275,173,193,0,0,249,12,6,42,0,0,1,0,0,0,0,0
24054880000,VALID,VALID,311,0,282,277,282,166,191,0,0,244,11,10,51,0,0,0,0,0,0,0,0
24254880000,VALID,VALID,296,0,301,296,301,175,201,0,0,225,17,4,55,0,0,0,0,0,0,0,0
24504880000,VALID,VALID,289,0,261,254,261,166,191,0,0,231,13,7,45,0,0,0,0,0,0,0,0
24754880000,VALID,VALID,305,0,277,270,277,156,176,0,0,244,10,5,53,0,0,0,0,0,0,0,0
25004879999,VALID,VALID,317,0,294,282,294,162,180,0,0,252,17,7,53,0,0,0,0,0,0,0,0
25204879999,VALID,VALID,309,0,278,274,278,168,184,0,0,255,7,6,45,0,0,0,0,0,0,0,0
25404879999,VALID,VALID,285,0,294,285,294,179,194,0,0,228,18,3,45,0,0,0,0,0,0,0,0
25604880000,VALID,VALID,294,0,262,259,262,191,204,0,0,247,5,1,44,0,0,0,0,0,0,0,0
25804880000,VALID,VALID,288,0,287,253,287,156,165,0,0,258,15,9,40,0,0,0,0,0,0,0,0
26054880000,VALID,VALID,290,0,259,255,259,151,169,0,0,237,8,4,45,0,0,0,0,0,0,0,0
26254880000,VALID,VALID,291,0,237,221,237,130,145,0,0,240,8,7,52,0,0,0,0,0,0,0,0
26504880000,VALID,VALID,307,0,248,239,248,123,140,0,0,251,7,9,49,0,0,0,0,0,0,0,0
26754880000,VALID,VALID,306,0,282,272,282,143,167,0,0,247,10,8,51,0,0,0,0,0,0,0,0
27004879999,VALID,VALID,314,0,291,280,291,168,196,0,0,247,14,5,59,0,0,0,0,0,0,0,0
27204879999,VALID,VALID,301,0,273,267,273,174,191,0,0,249,11,6,41,0,0,0,0,0,0,0,0
27404879999,VALID,VALID,309,0,283,275,283,183,198,0,0,262,11,3,41,0,0,0,0,0,0,0,0
27604880000,VALID,VALID,309,0,289,275,289,180,195,0,0,270,10,4,39,0,0,0,0,0,0,0,0
27804880000,VALID,VALID,306,0,292,272,292,181,193,0,0,274,10,4,38,0,0,0,0,0,0,0,0
28054880000,VALID,VALID,308,0,289,274,289,174,183,0,0,276,10,3,34,0,0,0,0,0,0,0,0
28254880000,VALID,VALID,283,0,273,249,273,153,163,0,0,249,9,9,40,0,0,0,0,0,0,0,0
28504880000,VALID,VALID,284,0,259,250,259,151,166,0,0,233,10,7,43,0,0,0,0,0,0,0,0
28754880000,VALID,VALID,289,0,264,254,264,157,170,0,0,236,9,6,48,0,0,0,0,0,0,0,0
29004879999,VALID,VALID,302,0,279,268,279,159,177,0,0,242,7,6,58,0,0,0,0,0,0,0,0
29204879999,VALID,VALID,295,0,275,261,275,161,179,0,0,239,10,5,55,0,0,1,0,0,0,0,0
29404879999,VALID,VALID,292,0,272,257,272,156,179,0,0,235,16,5,51,0,0,0,0,0,0,0,0
29604880000,VALID,VALID,288,0,269,253,269,156,178,0,0,228,19,10,47,0,0,0,0,0,0,0,0
29804880000,VALID,VALID,292,0,235,223,235,145,163,0,0,234,13,9,48,0,0,0,0,0,0,0,0
30054880000,VALID,VALID,309,0,258,240,258,138,154,0,0,257,12,6,52,0,0,0,0,0,0,0,0
30254880000,VALID,VALID,305,0,288,270,288,158,175,0,0,253,11,10,49,0,0,0,0,0,0,0,0
30504880000,VALID,VALID,295,0,272,261,272,165,182,0,0,237,10,4,55,0,0,0,0,0,0,0,0
30754880000,VALID,VALID,293,0,268,259,268,163,174,0,0,235,14,11,42,0,0,0,0,0,0,0,0
31004879999,VALID,VALID,314,0,259,246,259,154,166,0,0,251,14,8,54,0,0,0,0,0,0,0,0
31204879999,VALID,VALID,315,0,285,280,285,147,162,0,0,244,11,6,59,0,0,1,0,0,0,0,0
31404879999,VALID,VALID,285,0,294,285,294,179,189,0,0,233,10,0,51,0,0,0,0,0,0,0,0
31604880000,VALID,VALID,293,0,268,259,268,178,195,0,0,235,8,6,53,0,0,0,0,0,0,0,0
31804880000,VALID,VALID,295,0,271,260,271,152,164,0,0,239,11,6,50,0,0,0,0,0,0,0,0
32054879999,VALID,VALID,313,0,259,243,259,145,154,0,0,266,10,4,49,0,0,0,0,0,0,0,0
32254880000,VALID,VALID,292,0,282,257,282,142,148,0,0,253,7,8,49,0,0,0,0,0,0,0,0
32454880000,VALID,VALID,289,0,268,254,268,156,164,0,0,234,11,9,49,0,0,0,0,0,0,0,0
32754880000,VALID,VALID,304,0,255,234,255,150,158,0,0,252,7,11,55,0,0,0,0,0,0,0,0
32954880000,VALID,VALID,306,0,281,271,281,152,157,0,0,252,10,5,49,0,0,0,0,0,0,0,0
33204880000,VALID,VALID,290,0,269,255,269,175,178,0,0,254,4,6,40,0,0,0,0,0,0,0,0
33454880000,VALID,VALID,298,0,253,228,253,152,156,0,0,269,7,7,40,0,0,0,0,0,0,0,0
33704880000,VALID,VALID,295,0,250,225,250,133,135,0,0,270,7,4,39,0,0,0,0,0,0,0,0
33954880000,VALID,VALID,311,0,263,241,263,142,149,0,0,283,6,10,34,0,0,0,0,0,0,0,0
34204880000,VALID,VALID,314,0,280,244,280,145,157,0,0,292,13,11,34,0,0,0,0,0,0,0,0
34454880000,VALID,VALID,298,0,289,228,289,132,144,0,0,308,12,11,28,0,0,0,0,0,0,0,0
34704880000,VALID,VALID,300,0,257,230,257,139,144,0,0,292,9,4,22,0,0,0,0,0,0,0,0
34954880000,VALID,VALID,304,0,268,234,268,144,147,0,0,312,9,6,11,0,0,0,0,0,0,0,0
35204880000,VALID,VALID,307,0,275,237,275,137,141,0,0,312,14,7,12,0,0,0,0,0,0,0,0
35454880000,VALID,VALID,288,0,268,218,268,137,139,0,0,316,5,2,15,0,0,0,0,0,0,0,0
35704880000,VALID,VALID,303,0,254,198,254,120,123,0,0,333,11,3,12,0,0,0,0,0,0,0,0
35954880000,VALID,VALID,315,0,277,210,277,110,117,0,0,348,9,8,17,0,0,0,0,0,0,0,0
36204880000,VALID,VALID,313,0,279,208,279,107,117,0,0,340,16,9,19,0,0,0,0,0,0,0,0
36454880000,VALID,VALID,308,0,277,203,277,106,117,0,0,342,8,11,21,0,0,1,0,0,0,0,0
36704880000,VALID,VALID,313,0,271,211,271,111,122,0,0,330,8,14,21,0,0,0,0,0,0,0,0
36954880000,VALID,VALID,292,0,288,222,288,126,136,0,0,329,6,11,12,0,0,0,0,0,0,0,0
37204880000,VALID,VALID,289,0,239,187,239,112,119,0,0,317,3,9,12,0,0,0,0,0,0,0,0
37504880000,VALID,VALID,276,0,242,183,242,103,111,0,0,311,2,3,19,0,0,0,0,0,0,0,0
37704880000,VALID,VALID,289,0,265,221,265,120,131,0,0,303,5,1,24,0,0,0,0,0,0,0,0
37954880000,VALID,VALID,300,0,274,230,274,124,147,0,0,312,5,3,24,0,0,0,0,0,0,0,0
38204880000,VALID,VALID,284,0,281,249,281,122,152,0,0,282,3,3,28,0,0,0,0,0,0,0,0
38454880000,VALID,VALID,303,0,271,233,271,124,146,0,0,300,6,3,32,0,0,0,0,0,0,0,0
38704880000,VALID,VALID,310,0,279,205,279,73,109,0,0,321,8,11,44,0,0,0,0,1,0,0,0
39004879999,VALID,VALID,288,0,253,183,253,63,76,0,0,303,9,3,43,0,0,0,0,0,0,0,0
39204880000,VALID,VALID,299,0,254,194,254,61,74,0,0,307,3,4,45,0,0,0,0,0,0,0,0
39454880000,VALID,VALID,295,0,256,190,256,65,80,0,0,302,3,9,47,0,0,0,0,0,0,0,0
39704880000,VALID,VALID,306,0,267,203,267,70,78,0,0,295,6,3,66,0,0,0,0,0,0,0,0
39954880000,VALID,VALID,290,0,277,222,277,92,101,0,0,269,4,3,69,0,0,1,0,0,0,0,0
40204880000,VALID,VALID,286,0,247,216,247,110,113,0,0,273,3,2,39,0,0,0,0,0,0,0,0
40454880000,VALID,VALID,294,0,277,224,277,119,124,0,0,292,3,5,47,0,0,0,0,0,0,0,0
40704880000,VALID,VALID,284,0,271,249,271,135,137,0,0,253,3,1,49,0,0,0,0,0,0,0,0
41004879999,VALID,VALID,292,0,266,257,266,162,168,0,0,259,3,2,37,0,0,0,0,0,0,0,0
41204880000,VALID,VALID,306,0,279,271,279,163,166,0,0,265,7,4,38,0,0,0,0,0,0,0,0
41454880000,VALID,VALID,307,0,284,272,284,173,180,0,0,266,4,3,46,0,0,0,0,0,0,0,0
41704880000,VALID,VALID,287,0,295,287,295,163,180,0,0,237,10,9,39,0,0,0,0,0,0,0,0
41954880000,VALID,VALID,312,0,253,242,253,156,173,0,0,268,11,4,40,0,0,0,0,0,0,0,0
42204880000,VALID,VALID,299,0,276,264,276,128,141,0,0,248,6,9,48,0,0,0,0,0,0,0,0
42454880000,VALID,VALID,291,0,271,256,271,152,165,0,0,247,11,9,39,0,0,1,0,0,0,0,0
42754880000,VALID,VALID,307,0,250,237,250,150,161,0,0,269,12,6,33,0,0,0,0,0,0,0,0
43004879999,VALID,VALID,297,0,279,262,279,154,157,0,0,284,6,2,22,0,0,0,0,0,0,0,0
43254880000,VALID,VALID,297,0,271,262,271,182,188,0,0,283,2,2,19,0,0,0,0,0,0,0,0
43454880000,VALID,VALID,309,0,287,275,287,199,204,0,0,303,2,1,15,0,0,0,0,0,0,0,0
43704880000,VALID,VALID,308,0,298,273,298,196,204,0,0,307,4,7,15,0,0,0,0,0,0,0,0
44004879999,VALID,VALID,300,0,285,266,285,186,201,0,0,278,15,7,19,0,0,1,0,0,0,0,0
44204880000,VALID,VALID,283,0,268,249,268,176,192,0,0,256,10,3,33,0,0,0,0,0,0,0,0
44504880000,VALID,VALID,287,0,239,221,239,163,178,0,0,269,6,4,26,0,0,1,0,0,0,0,0
44704880000,VALID,VALID,311,0,261,241,261,159,173,0,0,296,7,8,20,0,0,0,0,0,0,0,0
45004879999,VALID,VALID,297,0,281,227,281,149,162,0,0,302,7,9,33,0,0,0,0,0,0,0,0
45204880000,VALID,VALID,285,0,281,250,281,165,180,0,0,270,10,9,27,0,0,0,0,0,0,0,0
45504880000,VALID,VALID,298,0,250,228,250,180,189,0,0,291,7,6,16,0,0,0,0,0,0,0,0
45704880000,VALID,VALID,303,0,292,268,292,187,201,0,0,292,8,9,18,0,0,0,0,0,0,0,0
45954880000,VALID,VALID,288,0,268,253,268,200,207,0,0,282,3,5,13,0,0,0,0,0,0,0,0
46204880000,VALID,VALID,295,0,280,260,280,187,207,0,0,275,5,7,28,0,0,0,0,0,0,0,0
46504880000,VALID,VALID,307,0,268,238,268,175,190,0,0,293,16,6,22,0,0,0,0,0,0,0,0
46704880000,VALID,VALID,295,0,278,261,278,169,183,0,0,287,5,11,9,0,0,0,0,0,0,0,0
46954880000,VALID,VALID,286,0,276,251,276,177,192,0,0,281,10,10,10,0,0,0,0,0,0,0,0
47204880000,VALID,VALID,288,0,266,253,266,174,184,0,0,271,13,2,15,0,0,0,0,0,0,0,0
47454880000,VALID,VALID,292,0,271,257,271,181,191,0,0,279,12,3,12,0,0,1,0,0,0,0,0
47704880000,VALID,VALID,304,0,279,269,279,180,196,0,0,278,12,5,19,0,0,0,0,0,0,0,0
47954880000,VALID,VALID,304,0,286,269,286,182,196,0,0,289,14,4,14,0,0,0,0,0,0,0,0
48204880000,VALID,VALID,312,0,291,277,291,184,199,0,0,301,9,5,11,0,0,0,0,0,0,0,0
48454880000,VALID,VALID,317,0,294,282,294,185,203,0,0,294,3,7,25,0,0,0,0,0,0,0,0
48704880000,VALID,VALID,283,0,293,283,293,177,195,0,0,275,0,3,15,0,0,0,0,0,0,0,0
48954880000,VALID,VALID,311,0,250,242,250,168,183,0,0,295,2,5,17,0,0,0,0,0,0,0,0
49204880000,VALID,VALID,310,0,294,275,294,151,164,0,0,300,3,2,24,0,0,0,0,0,0,0,0
49454880000,VALID,VALID,295,0,281,260,281,170,187,0,0,292,0,1,23,0,0,0,0,0,0,0,0
49704880000,VALID,VALID,298,0,277,263,277,161,184,0,0,280,2,0,30,0,0,0,0,0,0,0,0
49954880000,VALID,VALID,296,0,280,261,280,163,187,0,0,280,2,1,32,0,0,0,0,0,0,0,0
50204880000,VALID,VALID,288,0,265,253,265,160,181,0,0,257,4,1,38,0,0,0,0,0,0,0,0
50454880000,VALID,VALID,304,0,258,234,258,151,171,0,0,281,1,2,44,0,0,0,0,0,0,0,0
50704880000,VALID,VALID,295,0,282,260,282,150,172,0,0,270,2,0,45,0,0,0,0,0,0,0,0
50954880000,VALID,VALID,291,0,276,256,276,161,194,0,0,247,4,2,58,0,0,0,0,0,0,0,0
51204880000,VALID,VALID,299,0,274,264,274,171,203,0,0,248,4,5,52,0,0,0,0,0,0,0,0
51504880000,VALID,VALID,315,0,286,280,286,181,212,0,0,257,3,2,59,0,0,0,0,0,0,0,0
51754880000,VALID,VALID,299,0,305,299,305,186,218,0,0,245,2,2,56,0,0,1,0,0,0,0,0
51954880000,VALID,VALID,285,0,288,285,288,199,232,0,0,228,3,2,55,0,0,0,0,0,0,0,0
52204880000,VALID,VALID,293,0,266,258,266,187,215,0,0,244,2,3,52,0,0,0,0,0,0,0,0
52454880000,VALID,VALID,303,0,272,268,272,164,194,0,0,244,5,1,57,0,0,0,0,0,0,0,0
52704880000,VALID,VALID,287,0,294,287,294,168,201,0,0,221,5,4,64,0,0,1,0,0,0,0,0
52954880000,VALID,VALID,300,0,237,230,237,156,178,0,0,246,6,3,52,0,0,0,0,0,0,0,0
53204880000,VALID,VALID,301,0,281,266,281,136,158,0,0,243,9,6,58,0,0,0,0,0,0,0,0
53454880000,VALID,VALID,297,0,287,262,287,166,188,0,0,257,9,5,51,0,0,0,0,0,0,0,0
53704880000,VALID,VALID,299,0,272,264,272,165,189,0,0,256,4,4,43,0,0,0,0,0,0,0,0
53954880000,VALID,VALID,294,0,277,259,277,164,179,0,0,259,11,5,37,0,0,0,0,0,0,0,0
54254880000,VALID,VALID,311,0,256,241,256,151,163,0,0,266,9,9,42,0,0,1,0,0,0,0,0
54454880000,VALID,VALID,286,0,237,216,237,120,134,0,0,258,5,7,37,0,0,0,0,0,0,0,0
54704880000,VALID,VALID,294,0,245,224,245,131,144,0,0,282,2,5,26,0,0,0,0,0,0,0,0
54954880000,VALID,VALID,298,0,258,228,258,135,155,0,0,292,7,6,23,0,0,0,0,0,0,0,0
55204880000,VALID,VALID,306,0,254,236,254,146,154,0,0,298,7,1,18,0,0,0,0,0,0,0,0
55454880000,VALID,VALID,315,0,278,245,278,155,165,0,0,316,9,3,20,0,0,0,0,0,0,0,0
55704880000,VALID,VALID,298,0,290,263,290,173,179,0,0,305,4,3,13,0,0,0,0,0,0,0,0
55954880000,VALID,VALID,313,0,272,243,272,184,195,0,0,312,14,5,11,0,0,0,0,0,0,0,0
56204880000,VALID,VALID,290,0,278,255,278,183,188,0,0,295,5,5,8,0,0,0,0,0,0,0,0
56454880000,VALID,VALID,301,0,256,231,256,177,186,0,0,304,9,5,8,0,0,0,0,0,0,0,0
56704880000,VALID,VALID,283,0,268,248,268,164,173,0,0,289,6,5,3,0,0,0,0,0,0,0,0
56954880000,VALID,VALID,311,0,260,241,260,182,193,0,0,310,8,4,8,0,0,0,0,0,0,0,0
57204880000,VALID,VALID,301,0,289,266,289,178,186,0,0,310,5,5,4,0,0,0,0,0,0,0,0
57504880000,VALID,VALID,299,0,253,229,253,173,184,0,0,304,4,6,9,0,0,0,0,0,0,0,0
57754880000,VALID,VALID,313,0,276,243,276,163,170,0,0,325,7,6,8,0,0,0,0,0,0,0,0
57954880000,VALID,VALID,297,0,282,262,282,173,187,0,0,285,11,8,13,0,0,0,0,0,0,0,0
58204880000,VALID,VALID,316,0,269,246,269,184,192,0,0,311,12,6,10,0,0,0,0,0,0,0,0
58454880000,VALID,VALID,285,0,284,250,284,169,178,0,0,296,9,10,4,0,0,0,0,0,0,0,0
58704880000,VALID,VALID,297,0,251,229,251,169,176,0,0,296,10,7,6,0,0,1,0,0,0,0,0
58954880000,VALID,VALID,297,0,255,227,255,150,159,0,0,295,11,7,12,0,0,0,0,0,0,0,0
59204880000,VALID,VALID,306,0,270,236,270,164,175,0,0,305,7,9,19,0,0,0,0,0,0,0,0
59454880000,VALID,VALID,288,0,284,253,284,176,193,0,0,280,6,9,24,0,0,0,0,0,0,0,0
59754880000,VALID,VALID,299,0,254,229,254,173,187,0,0,288,11,5,20,0,0,0,0,0,0,0,0
59954880000,VALID,VALID,313,0,270,243,270,161,177,0,0,302,11,5,22,0,0,0,0,0,0,0,0
60254880000,VALID,VALID,306,0,270,236,270,175,176,0,0,323,5,4,8,0,0,0,0,0,0,0,0
60504880000,VALID,VALID,284,0,281,249,281,165,175,0,0,292,7,2,15,0,0,0,0,0,0,0,0
60704880000,VALID,VALID,292,0,274,257,274,182,202,0,0,277,2,4,26,0,0,0,0,0,0,0,0
61004879999,VALID,VALID,284,0,247,214,247,148,160,0,0,297,5,4,11,0,0,1,0,0,0,0,0
61204880000,VALID,VALID,285,0,272,250,272,154,162,0,0,287,5,5,10,0,0,0,0,0,0,0,0
61454880000,VALID,VALID,302,0,259,232,259,150,166,0,0,299,8,5,17,0,0,0,0,0,0,0,0
61704880000,VALID,VALID,302,0,275,232,275,146,160,0,0,320,2,0,23,0,0,0,0,0,0,0,0
61954880000,VALID,VALID,315,0,290,245,290,145,159,0,0,330,5,3,22,0,0,0,0,0,0,0,0
62204880000,VALID,VALID,285,0,289,250,289,141,166,0,0,281,6,11,26,0,0,0,0,0,0,0,0
62454880000,VALID,VALID,296,0,255,226,255,123,148,0,0,282,6,5,32,0,0,0,0,0,0,0,0
62704880000,VALID,VALID,309,0,271,239,271,120,138,0,0,300,5,4,32,0,0,0,0,0,0,0,0
62954880000,VALID,VALID,293,0,280,258,280,127,146,0,0,282,4,2,27,0,0,1,0,0,0,0,0
63204880000,VALID,VALID,287,0,283,252,283,136,153,0,0,275,5,3,35,0,0,0,0,0,0,0,0
63454880000,VALID,VALID,296,0,260,228,260,144,149,0,0,308,4,4,12,0,0,0,0,0,0,0,0
63704880000,VALID,VALID,304,0,275,234,275,132,137,0,0,325,1,2,17,0,0,0,0,0,0,0,0
63954880000,VALID,VALID,288,0,280,218,280,133,140,0,0,323,9,5,13,0,0,0,0,0,0,0,0
64154880000,VALID,VALID,307,0,269,238,269,144,152,0,0,315,3,4,16,0,0,1,0,0,0,0,0
64404880000,VALID,VALID,290,0,288,255,288,151,165,0,0,295,5,3,20,0,0,0,0,0,0,0,0
64654880000,VALID,VALID,290,0,275,257,275,167,191,0,0,282,3,3,20,0,0,0,0,0,0,0,0
64904880000,VALID,VALID,286,0,267,221,267,146,162,0,0,280,11,12,29,0,0,0,0,0,0,0,0
65154880000,VALID,VALID,297,0,254,230,254,131,144,0,0,287,6,5,23,0,0,0,0,0,0,0,0
65404880000,VALID,VALID,313,0,270,245,270,147,156,0,0,308,9,7,14,0,0,0,0,0,0,0,0
65654880000,VALID,VALID,287,0,291,254,291,163,174,0,0,297,6,4,17,0,0,0,0,0,0,0,0
65904880000,VALID,VALID,306,0,267,238,267,175,185,0,0,311,7,2,15,0,0,0,0,0,0,0,0
66154880000,VALID,VALID,291,0,295,256,295,161,175,0,0,298,5,0,27,0,0,0,0,0,0,0,0
66404880000,VALID,VALID,283,0,271,248,271,171,188,0,0,274,5,2,25,0,0,0,0,0,0,0,0
66654880000,VALID,VALID,296,0,253,230,253,155,171,0,0,275,9,8,27,0,0,0,0,0,0,0,0
66904880000,VALID,VALID,307,0,265,241,265,158,165,0,0,298,2,2,29,0,0,0,0,0,0,0,0
67154880000,VALID,VALID,299,0,287,265,287,166,180,0,0,286,8,5,22,0,0,0,0,0,0,0,0
67404880000,VALID,VALID,297,0,248,232,248,164,181,0,0,269,8,5,31,0,0,0,0,0,0,0,0
67654880000,VALID,VALID,307,0,260,238,260,154,165,0,0,288,8,4,29,0,0,0,0,0,0,0,0
67904880000,VALID,VALID,294,0,281,259,281,159,179,0,0,279,2,3,32,0,0,1,0,0,0,0,0
68154880000,VALID,VALID,293,0,272,259,272,179,198,0,0,261,8,5,32,0,0,0,0,0,0,0,0
68404880000,VALID,VALID,292,0,271,258,271,183,197,0,0,260,7,4,34,0,0,0,0,0,0,0,0
68654880000,VALID,VALID,293,0,278,260,278,186,203,0,0,268,8,6,29,0,0,0,0,0,0,0,0
68904880000,VALID,VALID,307,0,260,239,260,172,178,0,0,290,3,5,30,0,0,0,0,0,0,0,0
69154880000,VALID,VALID,300,0,279,265,279,159,169,0,0,273,7,3,31,0,0,0,0,0,0,0,0
69454880000,VALID,VALID,286,0,272,252,272,165,176,0,0,253,6,3,44,0,0,0,0,0,0,0,0
69654880000,VALID,VALID,303,0,274,269,274,163,180,0,0,255,8,7,38,0,0,0,0,0,0,0,0
69904880000,VALID,VALID,308,0,284,273,284,168,187,0,0,262,6,3,48,0,0,0,0,0,0,0,0
70154880000,VALID,VALID,300,0,282,266,282,156,175,0,0,258,9,1,48,0,0,0,0,0,0,0,0
70404880000,VALID,VALID,296,0,278,262,278,142,165,0,0,244,11,11,46,0,0,0,0,0,0,0,0
70654880000,VALID,VALID,282,0,271,248,271,130,148,0,0,235,15,8,47,0,0,0,0,0,0,0,0
70904880000,VALID,VALID,301,0,248,233,248,122,132,0,0,250,11,7,48,0,0,0,0,0,0,0,0
71154880000,VALID,VALID,284,0,277,251,277,128,135,0,0,260,6,8,36,0,0,0,0,0,0,0,0
71404880000,VALID,VALID,297,0,257,234,257,142,148,0,0,273,4,8,35,0,0,0,0,0,0,0,0
71654880000,VALID,VALID,285,0,274,250,274,127,139,0,0,257,3,7,42,0,0,0,0,0,0,0,0
71904880000,VALID,VALID,289,0,275,254,275,146,159,0,0,258,5,3,44,0,0,0,0,0,0,0,0
72154880000,VALID,VALID,296,0,269,261,269,144,162,0,0,242,6,1,55,0,0,0,0,0,0,0,0
72404880000,VALID,VALID,301,0,279,269,279,141,158,0,0,248,8,2,53,0,0,1,0,0,0,0,0
72654880000,VALID,VALID,309,0,280,275,280,150,159,0,0,264,3,5,42,0,0,0,0,0,0,0,0
72904880000,VALID,VALID,315,0,289,281,289,145,163,0,0,257,4,3,59,0,0,0,0,0,0,0,0
73154880000,VALID,VALID,286,0,298,286,298,158,175,0,0,240,4,4,50,0,0,0,0,0,0,0,0
73404880000,VALID,VALID,296,0,274,262,274,152,169,0,0,253,2,5,48,0,0,0,0,0,0,0,0
73654880000,VALID,VALID,306,0,284,271,284,139,149,0,0,251,3,4,61,0,0,0,0,0,0,0,0
73904880000,VALID,VALID,305,0,290,270,290,138,148,0,0,264,3,4,54,0,0,0,0,0,0,0,0
74154880000,VALID,VALID,307,0,286,272,286,136,149,0,0,253,5,3,60,0,0,0,0,0,0,0,0
74404880000,VALID,VALID,293,0,276,258,276,127,138,0,0,245,3,7,56,0,0,0,0,0,0,0,0
74654880000,VALID,VALID,297,0,277,262,277,118,139,0,0,240,8,5,59,0,0,0,0,0,0,0,0
74904880000,VALID,VALID,289,0,264,254,264,118,135,0,0,228,5,2,64,0,0,0,0,0,0,0,0
75154880000,VALID,VALID,285,0,265,250,265,128,139,0,0,246,5,3,46,0,0,0,0,0,0,0,0
75404880000,VALID,VALID,310,0,252,241,252,127,136,0,0,254,1,8,58,0,0,1,0,0,0,0,0
75654880000,VALID,VALID,295,0,293,261,293,122,131,0,0,272,2,3,50,0,0,0,0,0,0,0,0
75904880000,VALID,VALID,308,0,275,273,275,149,159,0,0,262,1,2,45,0,0,0,0,0,0,0,0
76154880000,VALID,VALID,311,0,291,276,291,152,163,0,0,270,2,3,51,0,0,0,0,0,0,0,0
76404880000,VALID,VALID,285,0,293,285,293,153,167,0,0,244,4,0,45,0,0,0,0,0,0,0,0
76654880000,VALID,VALID,299,0,268,264,268,154,177,0,0,241,0,2,60,0,0,0,0,0,0,0,0
76954880000,VALID,VALID,301,0,278,266,278,143,155,0,0,238,6,3,66,0,0,0,0,0,0,0,0
77154880000,VALID,VALID,311,0,287,242,287,144,155,0,0,282,2,6,66,0,0,0,0,0,0,0,0
77454880000,VALID,VALID,305,0,301,270,301,143,165,0,0,264,6,7,59,0,0,0,0,0,0,0,0
77654880000,VALID,VALID,302,0,299,267,299,163,178,0,0,270,10,4,50,0,0,0,0,0,0,0,0
77904880000,VALID,VALID,302,0,286,267,286,162,172,0,0,262,9,0,50,0,0,0,0,0,0,0,0
78154880000,VALID,VALID,307,0,281,273,281,173,182,0,0,268,7,4,36,0,0,0,0,0,0,0,0
78404880000,VALID,VALID,310,0,293,275,293,175,192,0,0,267,9,8,44,0,0,0,0,0,0,0,0
78654880000,VALID,VALID,307,0,280,237,280,140,155,0,0,291,9,3,47,0,0,0,0,0,0,0,0
78904880000,VALID,VALID,288,0,279,253,279,137,149,0,0,262,5,5,42,0,0,0,0,0,0,0,0
79154880000,VALID,VALID,307,0,256,239,256,140,155,0,0,256,8,7,53,0,0,0,0,0,0,0,0
79404880000,VALID,VALID,312,0,266,242,266,134,142,0,0,276,6,8,46,0,0,0,0,0,0,0,0
79654880000,VALID,VALID,316,0,275,247,275,126,143,0,0,279,4,7,54,0,0,0,0,0,0,0,0
79904880000,VALID,VALID,296,0,303,261,303,137,152,0,0,276,9,14,39,0,0,0,0,0,0,0,0
80154880000,VALID,VALID,305,0,265,236,265,137,157,0,0,268,4,12,50,0,0,0,0,0,0,0,0
80404880000,VALID,VALID,285,0,281,251,281,130,145,0,0,256,10,4,45,0,0,0,0,0,0,0,0
80704880000,VALID,VALID,299,0,260,232,260,146,158,0,0,269,6,5,47,0,0,0,0,0,0,0,0
80904880000,VALID,VALID,310,0,272,244,272,132,145,0,0,287,4,4,43,0,0,0,0,0,0,0,0
81154880000,VALID,VALID,284,0,285,250,285,142,155,0,0,272,2,4,41,0,0,0,0,0,0,0,0
81404880000,VALID,VALID,298,0,265,232,265,142,158,0,0,295,5,3,28,0,0,0,0,0,0,0,0
81654880000,VALID,VALID,291,0,285,258,285,154,169,0,0,289,2,2,25,0,0,1,0,0,0,0,0
81904880000,VALID,VALID,297,0,276,263,276,169,188,0,0,277,1,4,28,0,0,0,0,0,0,0,0
82154880000,VALID,VALID,294,0,285,260,285,151,181,0,0,271,7,12,29,0,0,0,0,0,0,0,0
82404880000,VALID,VALID,287,0,269,253,269,144,162,0,0,264,12,4,23,0,0,0,0,0,0,0,0
82654880000,VALID,VALID,306,0,257,240,257,137,153,0,0,280,14,5,24,0,0,1,0,0,0,0,0
82904880000,VALID,VALID,288,0,279,253,279,137,148,0,0,286,6,4,18,0,0,0,0,0,0,0,0
83154880000,VALID,VALID,295,0,269,226,269,139,152,0,0,300,7,4,27,0,0,0,0,0,0,0,0
83404880000,VALID,VALID,300,0,278,265,278,140,155,0,0,269,6,4,34,0,0,0,0,0,0,0,0
83654880000,VALID,VALID,300,0,260,233,260,144,166,0,0,271,10,14,32,0,0,0,0,0,0,0,0
83904880000,VALID,VALID,284,0,273,249,273,127,155,0,0,247,12,6,43,0,0,0,0,0,0,0,0
84154880000,VALID,VALID,301,0,252,233,252,148,166,0,0,264,12,3,41,0,0,0,0,0,0,0,0
84404880000,VALID,VALID,284,0,281,249,281,153,163,0,0,267,11,4,34,0,0,0,0,0,0,0,0
84654880000,VALID,VALID,292,0,243,224,243,161,170,0,0,282,5,5,19,0,0,0,0,0,0,0,0
84954880000,VALID,VALID,295,0,264,227,264,151,164,0,0,300,6,6,20,0,0,0,0,0,0,0,0
85154880000,VALID,VALID,284,0,269,249,269,152,164,0,0,267,6,11,20,0,0,0,0,0,0,0,0
85454880000,VALID,VALID,290,0,239,223,239,160,169,0,0,275,2,5,24,0,0,0,0,0,0,0,0
85654880000,VALID,VALID,308,0,272,239,272,150,159,0,0,295,6,8,32,0,0,0,0,0,0,0,0
85904880000,VALID,VALID,293,0,282,258,282,166,177,0,0,283,10,6,18,0,0,0,0,0,0,0,0
86154880000,VALID,VALID,287,0,270,253,270,181,191,0,0,272,10,5,17,0,0,0,0,0,0,0,0
86404880000,VALID,VALID,282,0,272,248,272,174,188,0,0,270,13,5,18,0,0,1,0,0,0,0,0
86654880000,VALID,VALID,303,0,251,235,251,166,177,0,0,282,8,3,26,0,0,0,0,0,0,0,0
86904880000,VALID,VALID,302,0,291,267,291,171,180,0,0,282,9,7,28,0,0,0,0,0,0,0,0
87154880000,VALID,VALID,293,0,277,258,277,165,187,0,0,253,18,18,23,0,0,0,0,0,0,0,0
87404880000,VALID,VALID,283,0,266,248,266,162,177,0,0,245,23,9,24,0,0,0,0,0,0,0,0
87654880000,VALID,VALID,305,0,260,235,260,149,160,0,0,271,22,13,24,0,0,0,0,0,0,0,0
87904880000,VALID,VALID,295,0,284,260,284,158,163,0,0,275,24,1,19,0,0,0,0,0,0,0,0
88154880000,VALID,VALID,285,0,273,251,273,181,189,0,0,275,9,4,19,0,0,0,0,0,0,0,0
88404880000,VALID,VALID,284,0,262,250,262,178,185,0,0,258,9,8,21,0,0,1,0,0,0,0,0
88704880000,VALID,VALID,288,0,235,220,235,161,166,0,0,267,6,5,25,0,0,0,0,0,0,0,0
88904880000,VALID,VALID,295,0,259,235,259,156,166,0,0,275,9,11,24,0,0,0,0,0,0,0,0
89204880000,VALID,VALID,298,0,266,236,266,155,168,0,0,278,12,10,28,0,0,0,0,0,0,0,0
89404880000,VALID,VALID,303,0,274,239,274,162,172,0,0,291,11,6,30,0,0,0,0,0,0,0,0
89654880000,VALID,VALID,287,0,252,220,252,155,167,0,0,283,9,4,23,0,0,0,0,0,0,0,0
89904880000,VALID,VALID,284,0,274,250,274,169,185,0,0,269,6,7,26,0,0,0,0,0,0,0,0
90154880000,VALID,VALID,289,0,247,226,247,157,174,0,0,258,11,12,29,0,0,0,0,0,0,0,0
90404880000,VALID,VALID,284,0,236,215,236,139,151,0,0,258,12,2,33,0,0,0,0,0,0,0,0
90654880000,VALID,VALID,292,0,250,222,250,130,150,0,0,282,8,13,17,0,0,0,0,0,0,0,0
90904880000,VALID,VALID,298,0,258,229,258,131,144,0,0,287,14,5,21,0,0,0,0,0,0,0,0
91154880000,VALID,VALID,306,0,271,236,271,129,146,0,0,294,13,8,26,0,0,0,0,0,0,0,0
91404880000,VALID,VALID,284,0,258,214,258,108,127,0,0,285,11,7,25,0,0,0,0,0,0,0,0
91654880000,VALID,VALID,284,0,252,216,252,92,109,0,0,271,16,7,26,0,0,0,0,0,0,0,0
91904880000,VALID,VALID,301,0,238,199,238,83,93,0,0,284,12,4,40,0,0,0,0,0,0,0,0
92154880000,VALID,VALID,284,0,263,214,263,81,92,0,0,290,3,2,38,0,0,0,0,0,0,0,0
92404880000,VALID,VALID,290,0,257,220,257,94,105,0,0,280,3,2,42,0,0,0,0,0,0,0,0
92704880000,VALID,VALID,309,0,246,204,246,94,106,0,0,313,5,2,31,0,0,0,0,0,0,0,0
92904880000,VALID,VALID,308,0,289,238,289,97,101,0,0,315,2,2,40,0,0,0,0,0,0,0,0
93204880000,VALID,VALID,307,0,257,202,257,76,87,0,0,311,4,2,45,0,0,0,0,0,0,0,0
93404880000,VALID,VALID,289,0,275,219,275,80,88,0,0,292,3,2,48,0,0,0,0,0,0,0,0
93704880000,VALID,VALID,317,0,237,177,237,53,67,0,0,322,2,5,48,0,0,0,0,0,0,0,0
93904880000,VALID,VALID,283,0,276,213,276,40,54,0,0,292,4,7,43,0,0,0,0,0,0,0,0
94204880000,VALID,VALID,290,0,247,186,247,52,59,0,0,310,3,0,38,0,0,0,0,0,0,0,0
94404880000,VALID,VALID,285,0,280,215,280,55,67,0,0,289,13,3,45,0,0,0,0,0,0,0,0
94654880000,VALID,VALID,292,0,232,190,232,46,60,0,0,276,5,6,47,0,0,0,0,0,0,0,0
94954880000,VALID,VALID,298,0,232,163,232,46,51,0,0,297,7,7,56,0,0,0,0,0,0,0,0
95154880000,VALID,VALID,300,0,257,164,257,57,57,0,0,335,21,5,32,0,0,0,0,0,0,0,0
95404880000,VALID,VALID,302,0,249,176,249,82,85,0,0,333,12,11,19,0,0,0,0,0,0,0,0
95654880000,VALID,VALID,304,0,268,206,268,97,98,0,0,323,19,11,13,0,0,0,0,0,0,0,0
95954880000,VALID,VALID,290,0,211,166,211,99,103,0,0,280,8,23,24,0,0,0,0,0,0,0,0
96154880000,VALID,VALID,299,0,232,206,232,114,114,0,0,295,5,5,20,0,0,0,0,0,0,0,0
96404880000,VALID,VALID,287,0,267,255,267,155,156,0,0,286,5,4,4,0,0,0,0,0,0,0,0
96704880000,VALID,VALID,287,0,246,226,246,169,171,0,0,276,11,8,12,0,0,0,0,0,0,0,0
96904880000,VALID,VALID,285,0,269,253,269,174,176,0,0,279,6,4,12,0,0,0,0,0,0,0,0
97154880000,VALID,VALID,294,0,259,228,259,179,181,0,0,301,8,7,9,0,0,0,0,0,0,0,0
97404880000,VALID,VALID,296,0,271,236,271,170,170,0,0,301,7,5,18,0,0,0,0,0,0,0,0
97654880000,VALID,VALID,294,0,269,232,269,165,170,0,0,296,8,7,20,0,0,0,0,0,0,0,0
97954880000,VALID,VALID,300,0,262,235,262,165,176,0,0,293,2,10,22,0,0,0,0,0,0,0,0
98204880000,VALID,VALID,284,0,271,251,271,188,191,0,0,275,4,10,15,0,0,0,0,0,0,0,0
98404880000,VALID,VALID,282,0,269,250,269,193,197,0,0,272,3,8,18,0,0,0,0,0,0,0,0
98654880000,VALID,VALID,305,0,265,243,265,179,186,0,0,290,4,7,26,0,0,0,0,0,0,0,0
98904880000,VALID,VALID,300,0,292,268,292,176,185,0,0,283,7,11,23,0,0,0,0,0,0,0,0
99154880000,VALID,VALID,291,0,267,258,267,192,196,0,0,265,4,2,29,0,0,0,0,0,0,0,0
99404880000,VALID,VALID,288,0,278,256,278,187,191,0,0,272,2,4,32,0,0,0,0,0,0,0,0
99654880000,VALID,VALID,302,0,280,269,280,192,199,0,0,267,2,6,38,0,0,0,0,0,0,0,0
99904880000,VALID,VALID,309,0,252,247,252,167,175,0,0,253,1,3,57,0,0,0,0,0,0,0,0
100104900000,VALID,VALID,309,0,295,279,295,165,177,0,0,257,3,4,61,0,0,0,0,0,0,0,0
100304900000,VALID,VALID,293,0,297,293,297,188,201,0,0,242,2,0,53,0,0,0,0,0,0,0,0
100504900000,VALID,VALID,298,0,281,236,281,154,164,0,0,278,1,2,62,0,0,0,0,0,0,0,0
100754900000,VALID,VALID,311,0,291,280,291,142,151,0,0,251,4,5,62,0,0,0,0,0,0,0,0
101054900000,VALID,VALID,308,0,292,277,292,155,166,0,0,239,5,8,71,0,0,0,0,0,0,0,0
101254900000,VALID,VALID,286,0,291,286,291,153,166,0,0,214,3,6,68,0,0,0,0,0,0,0,0
101554900000,VALID,VALID,290,0,265,259,265,154,162,0,0,229,4,4,59,0,0,0,0,0,0,0,0
101754900000,VALID,VALID,289,0,266,257,266,129,139,0,0,215,5,6,72,0,0,0,0,0,0,0,0
102004900000,VALID,VALID,297,0,273,265,273,131,141,0,0,232,10,4,59,0,0,0,0,0,0,0,0
102254900000,VALID,VALID,304,0,282,270,282,135,148,0,0,235,9,6,66,0,0,0,0,0,0,0,0
102504900000,VALID,VALID,308,0,281,274,281,141,152,0,0,245,6,3,61,0,0,0,0,0,0,0,0
102804900000,VALID,VALID,316,0,291,282,291,149,161,0,0,258,4,3,60,0,0,0,0,0,0,0,0
103004900000,VALID,VALID,288,0,292,288,292,158,170,0,0,233,6,5,48,0,0,0,0,0,0,0,0
103254900000,VALID,VALID,312,0,278,277,278,179,194,0,0,251,6,3,53,0,0,1,0,0,0,0,0
103504900000,VALID,VALID,295,0,299,295,299,167,188,0,0,241,4,4,50,0,0,0,0,0,0,0,0
103754900000,VALID,VALID,297,0,268,263,268,181,199,0,0,238,5,4,55,0,0,0,0,0,0,0,0
104054900000,VALID,VALID,305,0,279,272,279,180,192,0,0,259,4,5,44,0,0,0,0,0,0,0,0
104254900000,VALID,VALID,307,0,300,274,300,183,192,0,0,268,7,7,51,0,0,0,0,0,0,0,0
104504900000,VALID,VALID,294,0,271,260,271,179,190,0,0,249,6,7,43,0,0,0,0,0,0,0,0
104754900000,VALID,VALID,297,0,271,263,271,184,191,0,0,255,8,6,36,0,0,0,0,0,0,0,0
105004900000,VALID,VALID,295,0,264,260,264,187,196,0,0,254,8,4,33,0,0,0,0,0,0,0,0
105304900000,VALID,VALID,301,0,291,266,291,190,217,0,0,255,4,7,60,0,0,1,0,0,0,0,0
105504900000,VALID,VALID,311,0,285,278,285,188,219,0,0,262,2,7,47,0,0,0,0,0,0,0,0
105754900000,VALID,VALID,288,0,272,255,272,180,194,0,0,250,13,5,37,0,0,0,0,0,0,0,0
106004900000,VALID,VALID,309,0,254,245,254,170,188,0,0,262,7,4,45,0,0,0,0,0,0,0,0
106254900000,VALID,VALID,305,0,290,273,290,160,186,0,0,258,6,9,49,0,0,1,0,0,0,0,0
106504900000,VALID,VALID,293,0,279,260,279,173,204,0,0,248,9,7,48,0,0,0,0,0,0,0,0
106754900000,VALID,VALID,285,0,270,253,270,154,187,0,0,231,9,11,51,0,0,0,0,0,0,0,0
107004900000,VALID,VALID,305,0,265,241,265,156,175,0,0,266,8,11,44,0,0,0,0,0,0,0,0
107254900000,VALID,VALID,292,0,288,260,288,140,161,0,0,260,13,5,42,0,0,0,0,0,0,0,0
107504900000,VALID,VALID,311,0,266,247,266,160,168,0,0,281,10,7,32,0,0,0,0,0,0,0,0
107754900000,VALID,VALID,288,0,283,256,283,157,162,0,0,273,11,7,24,0,0,0,0,0,0,0,0
108004900000,VALID,VALID,285,0,266,253,266,159,175,0,0,255,8,5,30,0,0,0,0,0,0,0,0
108254900000,VALID,VALID,292,0,245,228,245,137,154,0,0,248,13,10,38,0,0,0,0,0,0,0,0
108504900000,VALID,VALID,276,0,248,218,248,122,130,0,0,247,12,9,38,0,0,0,0,0,0,0,0
108754900000,VALID,VALID,280,0,255,222,255,135,143,0,0,247,16,9,41,0,0,0,0,0,0,0,0
109004900000,VALID,VALID,292,0,251,234,251,139,151,0,0,247,9,5,48,0,0,1,0,0,0,0,0
109254900000,VALID,VALID,298,0,274,242,274,142,164,0,0,256,10,7,57,0,0,0,0,0,0,0,0
109504900000,VALID,VALID,293,0,278,263,278,155,172,0,0,248,7,5,48,0,0,0,0,0,0,0,0
109754900000,VALID,VALID,297,0,279,266,279,170,187,0,0,250,9,5,46,0,0,0,0,0,0,0,0
110004900000,VALID,VALID,283,0,272,253,272,165,183,0,0,241,13,5,43,0,0,0,0,0,0,0,0
110254900000,VALID,VALID,278,0,249,218,249,147,158,0,0,247,11,4,47,0,0,0,0,0,0,0,0
110554900000,VALID,VALID,294,0,244,210,244,131,141,0,0,261,11,8,48,0,0,0,0,0,0,0,0
110754900000,VALID,VALID,285,0,255,234,255,135,141,0,0,255,10,7,34,0,0,0,0,0,0,0,0
111004900000,VALID,VALID,270,0,248,220,248,146,161,0,0,253,8,5,32,0,0,0,0,0,0,0,0
111254900000,VALID,VALID,273,0,244,223,244,143,165,0,0,238,7,8,41,0,0,0,0,0,0,0,0
111504900000,VALID,VALID,284,0,249,227,249,152,170,0,0,250,16,7,33,0,0,0,0,0,0,0,0
111754900000,VALID,VALID,288,0,230,197,230,155,158,0,0,298,4,6,13,0,0,0,0,0,0,0,0
112004900000,VALID,VALID,287,0,261,227,261,150,167,0,0,279,4,4,34,0,0,0,0,0,0,0,0
112254900000,VALID,VALID,286,0,259,226,259,160,187,0,0,266,12,5,36,0,0,0,0,0,0,0,0
112504900000,VALID,VALID,275,0,241,213,241,154,170,0,0,262,9,2,30,0,0,1,0,0,0,0,0
112754900000,VALID,VALID,299,0,249,210,249,142,171,0,0,278,4,1,55,0,0,0,0,0,0,0,0
113004900000,VALID,VALID,298,0,245,211,245,152,157,0,0,301,2,2,27,0,0,0,0,0,0,0,0
113254900000,VALID,VALID,279,0,283,249,283,167,174,0,0,278,7,1,27,0,0,0,0,0,0,0,0
113504900000,VALID,VALID,292,0,262,230,262,181,191,0,0,279,9,3,33,0,0,0,0,0,0,0,0
113754900000,VALID,VALID,307,0,269,246,269,148,176,0,0,264,11,3,52,0,0,0,0,0,0,0,0
114004900000,VALID,VALID,308,0,274,243,274,153,170,0,0,273,11,8,47,0,0,0,0,0,0,0,0
114254900000,VALID,VALID,307,0,275,237,275,151,168,0,0,286,8,6,45,0,0,0,0,0,0,0,0
114504900000,VALID,VALID,287,0,280,252,280,143,167,0,0,247,8,4,56,0,0,1,0,0,0,0,0
114754900000,VALID,VALID,310,0,258,240,258,154,172,0,0,261,6,7,54,0,0,0,0,0,0,0,0
115004900000,VALID,VALID,309,0,268,239,268,135,145,0,0,285,3,7,43,0,0,0,0,0,0,0,0
115254900000,VALID,VALID,310,0,278,240,278,136,144,0,0,286,6,3,53,0,0,0,0,0,0,0,0
115504900000,VALID,VALID,291,0,293,256,293,135,148,0,0,261,9,7,51,0,0,0,0,0,0,0,0
115754900000,VALID,VALID,307,0,267,238,267,138,152,0,0,273,6,4,53,0,0,0,0,0,0,0,0
116004900000,VALID,VALID,288,0,287,253,287,125,148,0,0,254,6,5,57,0,0,0,0,0,0,0,0
116254900000,VALID,VALID,315,0,267,245,267,121,156,0,0,262,3,5,67,0,0,0,0,0,0,0,0
116504900000,VALID,VALID,314,0,295,244,295,106,133,0,0,267,10,10,78,0,0,0,0,0,0,0,0
116754900000,VALID,VALID,299,0,264,229,264,108,128,0,0,250,9,10,65,0,0,0,0,0,0,0,0
117004900000,VALID,VALID,296,0,263,226,263,101,120,0,0,256,9,7,61,0,0,0,0,0,0,0,0
117254900000,VALID,VALID,284,0,283,250,283,111,123,0,0,240,7,5,65,0,0,0,0,0,0,0,0
117504900000,VALID,VALID,305,0,272,235,272,134,146,0,0,261,9,8,64,0,0,0,0,0,0,0,0
117754900000,VALID,VALID,288,0,283,253,283,128,139,0,0,242,13,3,60,0,0,0,0,0,0,0,0
118004900000,VALID,VALID,295,0,254,225,254,131,142,0,0,269,4,4,47,0,0,0,0,0,0,0,0
118254900000,VALID,VALID,313,0,277,244,277,128,140,0,0,290,5,6,45,0,0,0,0,0,0,0,0
118504900000,VALID,VALID,307,0,299,272,299,139,154,0,0,272,5,8,49,0,0,0,0,0,0,0,0
118754900000,VALID,VALID,303,0,289,234,289,140,151,0,0,297,6,5,50,0,0,0,0,0,0,0,0
119004900000,VALID,VALID,313,0,280,245,280,142,156,0,0,284,8,5,51,0,0,0,0,0,0,0,0
119254900000,VALID,VALID,304,0,291,270,291,153,173,0,0,270,8,3,44,0,0,1,0,0,0,0,0
119504900000,VALID,VALID,306,0,296,272,296,178,193,0,0,273,9,2,46,0,0,0,0,0,0,0,0
119754900000,VALID,VALID,312,0,287,278,287,177,194,0,0,276,2,4,39,0,0,0,0,0,0,0,0
120004900000,VALID,VALID,285,0,302,285,302,178,192,0,0,249,8,4,41,0,0,0,0,0,0,0,0
120254900000,VALID,VALID,282,0,261,248,261,168,185,0,0,242,4,8,41,0,0,0,0,0,0,0,0
120504900000,VALID,VALID,314,0,260,246,260,148,159,0,0,283,13,2,30,0,0,0,0,0,0,0,0
120754900000,VALID,VALID,294,0,287,259,287,141,149,0,0,268,17,5,32,0,0,0,0,0,0,0,0
121004900000,VALID,VALID,295,0,246,226,246,140,147,0,0,277,5,4,29,0,0,0,0,0,0,0,0
121304900000,VALID,VALID,293,0,281,258,281,148,156,0,0,283,5,6,22,0,0,0,0,0,0,0,0
121554900000,VALID,VALID,316,0,265,247,265,153,171,0,0,294,2,9,29,0,0,0,0,0,0,0,0
121804900000,VALID,VALID,296,0,283,261,283,142,156,0,0,268,11,11,28,0,0,0,0,0,0,0,0
122054900000,VALID,VALID,283,0,262,248,262,144,163,0,0,243,11,12,31,0,0,1,0,0,0,0,0
122254900000,VALID,VALID,316,0,255,246,255,143,161,0,0,269,9,5,42,0,0,0,0,0,0,0,0
122554900000,VALID,VALID,299,0,286,264,286,140,161,0,0,270,6,6,39,0,0,0,0,0,0,0,0
122754900000,VALID,VALID,314,0,255,244,255,138,152,0,0,276,8,5,36,0,0,0,0,0,0,0,0
123004900000,VALID,VALID,289,0,284,254,284,138,151,0,0,274,8,2,35,0,0,0,0,0,0,0,0
123304900000,VALID,VALID,290,0,267,255,267,149,159,0,0,266,10,4,22,0,0,0,0,0,0,0,0
123504900000,VALID,VALID,287,0,260,252,260,144,155,0,0,249,9,12,25,0,0,0,0,0,0,0,0
123754900000,VALID,VALID,298,0,272,263,272,147,148,0,0,271,13,4,19,0,0,0,0,0,0,0,0
124004900000,VALID,VALID,283,0,279,213,279,120,129,0,0,293,21,9,26,0,0,0,0,0,0,0,0
124304900000,VALID,VALID,291,0,243,221,243,114,128,0,0,257,8,15,33,0,0,0,0,0,0,0,0
124504900000,VALID,VALID,300,0,273,265,273,129,143,0,0,249,18,3,38,0,0,0,0,0,0,0,0
124754900000,VALID,VALID,296,0,281,261,281,147,167,0,0,262,15,4,35,0,0,0,0,0,0,0,0
125004900000,VALID,VALID,315,0,265,245,265,133,153,0,0,281,9,11,34,0,0,0,0,0,0,0,0
125304900000,VALID,VALID,315,0,290,280,290,137,147,0,0,276,9,2,38,0,0,1,0,0,0,0,0
125554900000,VALID,VALID,307,0,290,272,290,156,175,0,0,264,8,8,45,0,0,0,0,0,0,0,0
125754900000,VALID,VALID,300,0,287,265,287,149,166,0,0,271,14,7,30,0,0,0,0,0,0,0,0
126004900000,VALID,VALID,302,0,283,267,283,150,165,0,0,265,10,8,35,0,0,0,0,0,0,0,0
126254900000,VALID,VALID,290,0,266,255,266,136,153,0,0,251,10,6,34,0,0,0,0,0,0,0,0
126554900000,VALID,VALID,304,0,255,234,255,130,143,0,0,271,14,10,30,0,0,0,0,0,0,0,0
126754900000,VALID,VALID,302,0,285,267,285,132,143,0,0,269,15,6,30,0,0,0,0,0,0,0,0
127004900000,VALID,VALID,287,0,266,252,266,147,160,0,0,256,6,8,31,0,0,0,0,0,0,0,0
127254900000,VALID,VALID,290,0,266,255,266,145,155,0,0,258,12,11,20,0,0,0,0,0,0,0,0
127504900000,VALID,VALID,296,0,276,261,276,142,153,0,0,268,13,10,20,0,0,1,0,0,0,0,0
127754900000,VALID,VALID,314,0,260,244,260,130,141,0,0,276,18,15,21,0,0,0,0,0,0,0,0
128004899999,VALID,VALID,296,0,280,261,280,132,135,0,0,270,15,8,22,0,0,0,0,0,0,0,0
128204900000,VALID,VALID,290,0,271,255,271,151,162,0,0,264,5,8,29,0,0,0,0,0,0,0,0
128504899999,VALID,VALID,314,0,267,244,267,154,166,0,0,287,14,10,26,0,0,0,0,0,0,0,0
128704900000,VALID,VALID,311,0,296,276,296,151,159,0,0,286,22,5,18,0,0,0,0,0,0,0,0
128954900000,VALID,VALID,293,0,277,259,277,159,170,0,0,274,17,6,14,0,0,0,0,0,0,0,0
129204900000,VALID,VALID,316,0,271,247,271,157,173,0,0,301,14,9,16,0,0,0,0,0,0,0,0
129454900000,VALID,VALID,286,0,282,252,282,152,156,0,0,282,22,2,10,0,0,1,0,0,0,0,0
129704900000,VALID,VALID,314,0,266,244,266,159,177,0,0,297,13,9,17,0,0,0,0,0,0,0,0
130004899999,VALID,VALID,288,0,287,253,287,148,168,0,0,269,11,9,33,0,0,1,0,0,0,0,0
130204900000,VALID,VALID,290,0,239,220,239,158,165,0,0,273,12,6,18,0,0,0,0,0,0,0,0
130454900000,VALID,VALID,299,0,263,229,263,143,152,0,0,291,11,3,28,0,0,0,0,0,0,0,0
130754899999,VALID,VALID,301,0,266,231,266,140,162,0,0,292,10,5,29,0,0,0,0,0,0,0,0
130954900000,VALID,VALID,284,0,270,249,270,150,170,0,0,262,6,3,34,0,0,0,0,0,0,0,0
131254899999,VALID,VALID,297,0,253,227,253,161,175,0,0,285,10,9,19,0,0,0,0,0,0,0,0
131454900000,VALID,VALID,312,0,261,242,261,154,162,0,0,305,5,2,19,0,0,0,0,0,0,0,0
131754899999,VALID,VALID,301,0,282,231,282,145,154,0,0,317,5,8,22,0,0,0,0,0,0,0,0
132004899999,VALID,VALID,311,0,262,241,262,152,162,0,0,306,2,4,20,0,0,0,0,0,0,0,0
132254899999,VALID,VALID,296,0,291,261,291,170,176,0,0,301,9,4,12,0,0,0,0,0,0,0,0
132454900000,VALID,VALID,296,0,277,261,277,184,189,0,0,291,10,2,9,0,0,0,0,0,0,0,0
132704900000,VALID,VALID,295,0,280,260,280,181,193,0,0,288,6,5,16,0,0,0,0,0,0,0,0
132954900000,VALID,VALID,298,0,276,228,276,158,166,0,0,320,5,6,15,0,0,0,0,0,0,0,0
133254899999,VALID,VALID,315,0,274,245,274,153,156,0,0,319,7,8,10,0,0,0,0,0,0,0,0
133454900000,VALID,VALID,286,0,300,286,300,171,183,0,0,271,5,3,21,0,0,0,0,0,0,0,0
133754899999,VALID,VALID,287,0,266,252,266,190,201,0,0,271,10,8,12,0,0,0,0,0,0,0,0
133954900000,VALID,VALID,298,0,270,263,270,184,188,0,0,291,6,6,2,0,0,1,0,0,0,0,0
134254899999,VALID,VALID,294,0,278,259,278,179,186,0,0,289,8,6,10,0,0,0,0,0,0,0,0
134454900000,VALID,VALID,301,0,276,266,276,170,186,0,0,280,7,5,19,0,0,1,0,0,0,0,0
134704900000,VALID,VALID,299,0,273,264,273,178,186,0,0,285,8,4,11,0,0,0,0,0,0,0,0
134954900000,VALID,VALID,298,0,279,263,279,178,184,0,0,291,10,6,7,0,0,0,0,0,0,0,0
135254899999,VALID,VALID,289,0,272,255,272,170,184,0,0,275,13,8,10,0,0,0,0,0,0,0,0
135454900000,VALID,VALID,307,0,263,238,263,171,177,0,0,298,11,9,14,0,0,0,0,0,0,0,0
135704900000,VALID,VALID,283,0,267,248,267,167,174,0,0,279,9,6,8,0,0,0,0,0,0,0,0
135954900000,VALID,VALID,284,0,260,250,260,186,203,0,0,265,5,3,21,0,0,0,0,0,0,0,0
136254899999,VALID,VALID,291,0,267,257,267,195,211,0,0,272,6,5,18,0,0,0,0,0,0,0,0
136454900000,VALID,VALID,295,0,267,260,267,194,205,0,0,277,6,4,15,0,0,0,0,0,0,0,0
136704900000,VALID,VALID,297,0,275,262,275,192,212,0,0,276,2,9,23,0,0,0,0,0,0,0,0
136954900000,VALID,VALID,291,0,268,256,268,197,207,0,0,277,8,6,12,0,0,0,0,0,0,0,0
137204900000,VALID,VALID,292,0,269,257,269,200,212,0,0,273,6,7,18,0,0,0,0,0,0,0,0
137454900000,VALID,VALID,302,0,290,267,290,192,220,0,0,281,9,9,26,0,0,0,0,0,0,0,0
137704900000,VALID,VALID,302,0,286,267,286,197,217,0,0,287,6,6,22,0,0,0,0,0,0,0,0
138004899999,VALID,VALID,299,0,276,264,276,192,208,0,0,281,4,4,22,0,0,0,0,0,0,0,0
138204900000,VALID,VALID,309,0,284,274,284,196,215,0,0,285,4,5,25,0,0,0,0,0,0,0,0
138454900000,VALID,VALID,295,0,285,260,285,193,208,0,0,286,5,7,22,0,0,0,0,0,0,0,0
138754899999,VALID,VALID,309,0,271,239,271,175,196,0,0,301,5,7,28,0,0,0,0,0,0,0,0
139004899999,VALID,VALID,286,0,269,251,269,180,187,0,0,290,1,3,10,0,0,0,0,0,0,0,0
139204900000,VALID,VALID,294,0,275,259,275,190,217,0,0,276,0,5,29,0,0,0,0,0,0,0,0
139454900000,VALID,VALID,304,0,256,234,256,176,195,0,0,292,5,1,28,0,0,0,0,0,0,0,0
139704900000,VALID,VALID,291,0,274,256,274,175,187,0,0,272,2,7,28,0,0,0,0,0,0,0,0
139954900000,VALID,VALID,311,0,271,242,271,185,203,0,0,286,6,8,40,0,0,0,0,0,0,0,0
140204900000,VALID,VALID,285,0,282,250,282,172,196,0,0,272,7,3,35,0,0,0,0,0,0,0,0
140454900000,VALID,VALID,290,0,259,220,259,155,186,0,0,276,9,4,40,0,0,0,0,0,0,0,0
140704900000,VALID,VALID,298,0,260,228,260,145,169,0,0,280,5,5,40,0,0,0,0,0,0,0,0
140954900000,VALID,VALID,305,0,269,235,269,157,181,0,0,285,2,8,44,0,0,0,0,0,0,0,0
141204900000,VALID,VALID,294,0,282,259,282,168,190,0,0,267,7,2,41,0,0,0,0,0,0,0,0
141454900000,VALID,VALID,286,0,275,251,275,173,204,0,0,254,7,7,42,0,0,0,0,0,0,0,0
141704900000,VALID,VALID,309,0,271,239,271,163,192,0,0,280,7,4,50,0,0,0,0,0,0,0,0
141954900000,VALID,VALID,317,0,287,247,287,154,176,0,0,289,5,7,56,0,0,0,0,0,0,0,0
142204900000,VALID,VALID,314,0,278,244,278,174,185,0,0,303,5,5,35,0,0,0,0,0,0,0,0
142454900000,VALID,VALID,315,0,306,280,306,192,214,0,0,287,4,7,43,0,0,1,0,0,0,0,0
142704900000,VALID,VALID,288,0,306,288,306,226,242,0,0,263,4,6,33,0,0,0,0,0,0,0,0
143004899999,VALID,VALID,306,0,283,271,283,234,249,0,0,273,3,6,36,0,0,0,0,0,0,0,0
143204900000,VALID,VALID,313,0,300,279,300,227,236,0,0,295,0,9,30,0,0,0,0,0,0,0,0
143504899999,VALID,VALID,305,0,297,270,297,220,224,0,0,304,2,2,24,0,0,0,0,0,0,0,0
143704900000,VALID,VALID,308,0,295,273,295,222,233,0,0,302,3,6,19,0,0,0,0,0,0,0,0
143954900000,VALID,VALID,296,0,279,261,279,213,221,0,0,288,5,3,18,0,0,0,0,0,0,0,0
144204900000,VALID,VALID,297,0,280,262,280,201,214,0,0,272,9,12,22,0,0,0,0,0,0,0,0
144454900000,VALID,VALID,295,0,250,225,250,165,174,0,0,276,12,7,25,0,0,0,0,0,0,0,0
144704900000,VALID,VALID,308,0,263,238,263,150,159,0,0,285,16,7,25,0,0,0,0,0,0,0,0
144954900000,VALID,VALID,291,0,264,256,264,163,169,0,0,266,6,2,25,0,0,0,0,0,0,0,0
145204900000,VALID,VALID,309,0,283,274,283,201,210,0,0,284,7,7,20,0,0,0,0,0,0,0,0
145454900000,VALID,VALID,311,0,294,276,294,192,204,0,0,291,3,10,25,0,0,0,0,0,0,0,0
145704900000,VALID,VALID,285,0,297,285,297,180,200,0,0,256,8,13,20,0,0,0,0,0,0,0,0
146004899999,VALID,VALID,296,0,262,226,262,153,164,0,0,274,18,9,31,0,0,1,0,0,0,0,0
146254899999,VALID,VALID,299,0,278,264,278,129,147,0,0,242,15,15,41,0,0,0,0,0,0,0,0
146454900000,VALID,VALID,290,0,275,255,275,153,173,0,0,244,16,9,41,0,0,1,0,0,0,0,0
146704900000,VALID,VALID,314,0,273,244,273,145,165,0,0,275,14,11,43,0,0,0,0,0,0,0,0
146954900000,VALID,VALID,292,0,291,257,291,137,156,0,0,253,13,8,52,0,0,0,0,0,0,0,0
147204900000,VALID,VALID,310,0,268,240,268,147,159,0,0,269,14,2,53,0,0,0,0,0,0,0,0
147454900000,VALID,VALID,305,0,296,270,296,132,150,0,0,256,12,11,52,0,0,0,0,0,0,0,0
147704900000,VALID,VALID,313,0,293,278,293,148,169,0,0,257,8,11,52,0,0,0,0,0,0,0,0
147954900000,VALID,VALID,294,0,300,294,300,157,175,0,0,240,9,4,47,0,0,0,0,0,0,0,0
148204900000,VALID,VALID,291,0,270,256,270,142,160,0,0,247,6,6,46,0,0,0,0,0,0,0,0
148454900000,VALID,VALID,312,0,273,242,273,111,126,0,0,279,4,5,55,0,0,0,0,0,0,0,0
148704900000,VALID,VALID,308,0,294,273,294,120,130,0,0,263,4,3,59,0,0,0,0,0,0,0,0
148954900000,VALID,VALID,309,0,299,274,299,145,158,0,0,267,6,4,57,0,0,0,0,0,0,0,0
149204900000,VALID,VALID,288,0,299,288,299,138,153,0,0,241,8,5,45,0,0,0,0,0,0,0,0
149454900000,VALID,VALID,292,0,269,257,269,139,149,0,0,253,6,7,38,0,0,1,0,0,0,0,0
149704900000,VALID,VALID,296,0,286,261,286,112,125,0,0,263,9,10,39,0,0,0,0,0,0,0,0
149954900000,VALID,VALID,316,0,273,246,273,94,106,0,0,282,14,11,36,0,0,0,0,0,0,0,0
150204900000,VALID,VALID,301,0,298,266,298,81,93,0,0,270,23,11,29,0,0,0,0,0,0,0,0
150454900000,VALID,VALID,284,0,269,214,269,81,94,0,0,270,20,13,36,0,0,0,0,0,0,0,0
150704900000,VALID,VALID,309,0,250,204,250,50,71,0,0,261,29,14,51,0,0,0,0,1,0,0,0
150954900000,VALID,VALID,289,0,262,184,262,46,55,0,0,295,16,13,43,0,0,0,0,0,0,0,0
151204900000,VALID,VALID,308,0,253,168,253,45,56,0,0,321,10,10,52,0,0,0,0,0,0,0,0
151454900000,VALID,VALID,299,0,287,195,287,53,62,0,0,321,6,10,54,0,0,0,0,0,0,0,0
151704900000,VALID,VALID,282,0,271,179,271,71,81,0,0,305,7,13,49,0,0,0,0,0,0,0,0
151954900000,VALID,VALID,311,0,268,171,268,61,68,0,0,341,9,8,50,0,0,0,0,0,0,0,0
152204900000,VALID,VALID,291,0,262,157,262,41,48,0,0,347,4,1,44,0,0,0,0,0,0,0,0
152454900000,VALID,VALID,284,0,267,155,267,43,48,0,0,353,8,1,34,0,0,0,0,0,0,0,0
152704900000,VALID,VALID,276,0,268,179,268,53,63,0,0,325,1,3,36,0,0,0,0,0,0,0,0
152954900000,VALID,VALID,284,0,258,181,258,65,78,0,0,309,8,6,38,0,0,0,0,0,0,0,0
153204900000,VALID,VALID,281,0,262,179,262,59,75,0,0,312,4,3,45,0,0,0,0,0,0,0,0
153454900000,VALID,VALID,287,0,263,184,263,63,77,0,0,318,7,2,39,0,0,1,0,0,0,0,0
153754899999,VALID,VALID,282,0,254,145,254,49,67,0,0,329,11,6,45,0,0,0,0,0,0,0,0
153954900000,VALID,VALID,312,0,248,172,248,42,54,0,0,329,5,4,50,0,0,0,0,0,0,0,0
154204900000,VALID,VALID,312,0,273,177,273,38,58,0,0,354,6,4,44,0,0,0,0,1,0,0,0
154454900000,VALID,VALID,316,0,270,176,270,46,62,0,0,322,10,2,76,0,0,0,0,0,0,0,0
154754899999,VALID,VALID,285,0,270,183,270,46,59,0,0,278,11,1,82,0,0,0,0,0,0,0,0
154954900000,VALID,VALID,285,0,247,195,247,63,71,0,0,289,3,4,41,0,0,0,0,0,0,0,0
155204900000,VALID,VALID,310,0,256,210,256,72,83,0,0,301,3,2,50,0,0,0,0,0,0,0,0
155454900000,VALID,VALID,300,0,267,230,267,73,81,0,0,259,7,10,61,0,0,0,0,0,0,0,0
155704900000,VALID,VALID,301,0,276,231,276,73,78,0,0,276,10,3,57,0,0,0,0,0,0,0,0
155954900000,VALID,VALID,306,0,286,237,286,74,85,0,0,281,11,8,55,0,0,0,0,0,0,0,0
156204900000,VALID,VALID,300,0,279,231,279,86,99,0,0,276,9,9,54,0,0,0,0,0,0,0,0
156454900000,VALID,VALID,308,0,282,239,282,93,106,0,0,290,4,2,55,0,0,0,0,0,0,0,0
156704900000,VALID,VALID,305,0,282,236,282,98,108,0,0,265,5,10,71,0,0,0,0,0,0,0,0
156954900000,VALID,VALID,316,0,288,247,288,99,102,0,0,280,16,7,54,0,0,0,0,0,0,0,0
157204900000,VALID,VALID,313,0,268,244,268,99,102,0,0,274,5,8,50,0,0,0,0,0,0,0,0
157454900000,VALID,VALID,308,0,291,274,291,116,121,0,0,261,6,5,53,0,0,0,0,0,0,0,0
157704900000,VALID,VALID,311,0,290,276,290,140,153,0,0,264,4,4,53,0,0,0,0,0,0,0,0
157954900000,VALID,VALID,283,0,290,283,290,150,158,0,0,238,7,2,43,0,0,0,0,0,0,0,0
158204900000,VALID,VALID,285,0,258,250,258,149,158,0,0,254,9,2,28,0,0,0,0,0,0,0,0
158504899999,VALID,VALID,302,0,247,233,247,122,129,0,0,265,3,8,40,0,0,0,0,0,0,0,0
158704900000,VALID,VALID,315,0,287,280,287,134,144,0,0,270,4,8,40,0,0,0,0,0,0,0,0
158954900000,VALID,VALID,314,0,290,279,290,171,179,0,0,273,5,5,42,0,0,0,0,0,0,0,0
159204900000,VALID,VALID,316,0,291,282,291,166,180,0,0,269,8,8,40,0,0,2,0,0,0,0,0
159454900000,VALID,VALID,291,0,299,291,299,175,193,0,0,249,6,5,39,0,0,0,0,0,0,0,0
159704900000,VALID,VALID,295,0,272,260,272,173,187,0,0,249,5,8,45,0,0,0,0,0,0,0,0
160004899999,VALID,VALID,303,0,279,268,279,166,175,0,0,258,4,5,47,0,0,0,0,0,0,0,0
160204900000,VALID,VALID,308,0,282,273,282,163,172,0,0,267,3,1,46,0,0,0,0,0,0,0,0
160454900000,VALID,VALID,312,0,282,278,282,171,179,0,0,264,3,2,47,0,0,0,0,0,0,0,0
160704900000,VALID,VALID,299,0,279,265,279,160,170,0,0,259,6,2,46,0,0,0,0,0,0,0,0
161004899999,VALID,VALID,289,0,267,255,267,152,169,0,0,243,2,5,51,0,0,1,0,0,0,0,0
161204900000,VALID,VALID,289,0,258,254,258,148,166,0,0,240,0,3,50,0,0,0,0,0,0,0,0
161454900000,VALID,VALID,298,0,273,264,273,149,170,0,0,251,1,4,51,0,0,0,0,0,0,0,0
161704900000,VALID,VALID,295,0,277,260,277,152,174,0,0,258,1,4,49,0,0,0,0,0,0,0,0
161954900000,VALID,VALID,312,0,292,278,292,167,184,0,0,271,3,4,48,0,0,0,0,0,0,0,0
162204900000,VALID,VALID,312,0,294,278,294,157,175,0,0,267,5,2,54,0,0,0,0,0,0,0,0
162454900000,VALID,VALID,301,0,280,267,280,156,167,0,0,259,5,2,48,0,0,0,0,0,0,0,0
162754899999,VALID,VALID,306,0,284,271,284,151,166,0,0,264,2,5,48,0,0,0,0,0,0,0,0
162954900000,VALID,VALID,307,0,284,272,284,156,168,0,0,272,1,3,43,0,0,0,0,0,0,0,0
163204900000,VALID,VALID,307,0,289,272,289,150,164,0,0,277,7,1,39,0,0,0,0,0,0,0,0
163504899999,VALID,VALID,310,0,295,276,295,157,171,0,0,271,4,4,50,0,0,0,0,0,0,0,0
163754899999,VALID,VALID,311,0,290,277,290,161,171,0,0,270,5,4,45,0,0,0,0,0,0,0,0
163954900000,VALID,VALID,287,0,296,287,296,164,178,0,0,254,3,5,34,0,0,0,0,0,0,0,0
164204900000,VALID,VALID,298,0,276,264,276,176,187,0,0,264,2,4,40,0,0,1,0,0,0,0,0
164504899999,VALID,VALID,297,0,283,264,283,154,163,0,0,266,0,3,47,0,0,0,0,0,0,0,0
164704900000,VALID,VALID,305,0,281,271,281,157,168,0,0,262,0,6,47,0,0,0,0,0,0,0,0
164954900000,VALID,VALID,289,0,279,223,279,121,137,0,0,275,2,4,64,0,0,0,0,0,0,0,0
165254899999,VALID,VALID,298,0,245,231,245,116,121,0,0,253,1,1,57,0,0,0,0,0,0,0,0
165504899999,VALID,VALID,282,0,268,249,268,125,133,0,0,242,0,2,57,0,0,0,0,0,0,0,0
165704900000,VALID,VALID,290,0,266,255,266,139,154,0,0,227,3,3,68,0,0,0,0,0,0,0,0
165954900000,VALID,VALID,288,0,259,254,259,134,148,0,0,223,2,7,61,0,0,0,0,0,0,0,0
166254899999,VALID,VALID,300,0,256,231,256,118,133,0,0,244,4,13,64,0,0,0,0,0,0,0,0
166454900000,VALID,VALID,305,0,284,270,284,114,128,0,0,230,8,13,68,0,0,1,0,0,0,0,0
166704900000,VALID,VALID,314,0,289,279,289,130,156,0,0,234,7,7,76,0,0,0,0,0,0,0,0
166954900000,VALID,VALID,284,0,302,284,302,139,162,0,0,229,5,6,62,0,0,0,0,0,0,0,0
167204900000,VALID,VALID,290,0,269,256,269,146,166,0,0,234,0,3,66,0,0,0,0,0,0,0,0
167454900000,VALID,VALID,294,0,277,225,277,119,127,0,0,286,1,2,57,0,0,0,0,0,0,0,0
167704900000,VALID,VALID,306,0,278,272,278,127,130,0,0,252,3,2,55,0,0,0,0,0,0,0,0
167954900000,VALID,VALID,292,0,301,292,301,161,171,0,0,249,2,1,49,0,0,0,0,0,0,0,0
168204900000,VALID,VALID,312,0,284,279,284,164,179,0,0,252,4,2,59,0,0,0,0,0,0,0,0
168504899999,VALID,VALID,303,0,299,237,299,125,135,0,0,285,0,9,71,0,0,0,0,0,0,0,0
168704900000,VALID,VALID,304,0,287,270,287,124,135,0,0,239,10,2,70,0,0,0,0,0,0,0,0
168954900000,VALID,VALID,286,0,281,251,281,131,144,0,0,246,4,2,64,0,0,0,0,0,0,0,0
169204900000,VALID,VALID,310,0,258,241,258,132,139,0,0,264,3,2,58,0,0,0,0,0,0,0,0
169454900000,VALID,VALID,311,0,292,277,292,139,144,0,0,268,2,5,51,0,0,1,0,0,0,0,0
169704900000,VALID,VALID,312,0,302,277,302,153,173,0,0,275,1,6,55,0,0,0,0,0,0,0,0
169954900000,VALID,VALID,288,0,300,288,300,168,174,0,0,259,0,1,40,0,0,0,0,0,0,0,0
170204900000,VALID,VALID,296,0,267,261,267,160,174,0,0,243,1,2,56,0,0,0,0,0,0,0,0
170454900000,VALID,VALID,298,0,279,263,279,140,161,0,0,236,2,3,73,0,0,0,0,0,0,0,0
170704900000,VALID,VALID,307,0,255,241,255,131,141,0,0,253,4,2,62,0,0,1,0,0,0,0,0
170954900000,VALID,VALID,300,0,275,266,275,131,142,0,0,249,2,4,54,0,0,0,0,0,0,0,0
171204900000,VALID,VALID,299,0,287,265,287,149,162,0,0,246,4,5,66,0,0,0,0,0,0,0,0
171454900000,VALID,VALID,300,0,275,268,275,147,160,0,0,239,6,3,59,0,0,0,0,0,0,0,0
171704900000,VALID,VALID,305,0,286,273,286,152,169,0,0,240,3,6,69,0,0,0,0,0,0,0,0
171954900000,VALID,VALID,289,0,303,289,303,149,172,0,0,233,2,8,60,0,0,0,0,0,0,0,0
172204900000,VALID,VALID,293,0,277,259,277,142,166,0,0,244,5,11,51,0,0,0,0,0,0,0,0
172454900000,VALID,VALID,287,0,272,254,272,122,145,0,0,233,8,10,54,0,0,0,0,0,0,0,0
172704900000,VALID,VALID,289,0,272,256,272,120,146,0,0,235,6,9,55,0,0,0,0,0,0,0,0
172954900000,VALID,VALID,299,0,280,265,280,117,136,0,0,247,6,9,52,0,0,0,0,0,0,0,0
173204900000,VALID,VALID,295,0,280,262,280,116,139,0,0,253,2,5,53,0,0,0,0,0,0,0,0
173454900000,VALID,VALID,291,0,279,259,279,121,139,0,0,250,0,3,58,0,0,0,0,0,0,0,0
173704900000,VALID,VALID,286,0,274,253,274,115,136,0,0,239,0,2,66,0,0,0,0,0,0,0,0
174004899999,VALID,VALID,294,0,278,228,278,117,133,0,0,272,1,4,67,0,0,1,0,0,0,0,0
174204900000,VALID,VALID,301,0,289,267,289,122,137,0,0,251,0,2,70,0,0,0,0,0,0,0,0
174454900000,VALID,VALID,302,0,291,268,291,147,168,0,0,243,7,5,70,0,0,0,0,0,0,0,0
174704900000,VALID,VALID,308,0,262,242,262,132,151,0,0,242,6,3,77,0,0,0,0,0,0,0,0
174954900000,VALID,VALID,296,0,286,263,286,116,144,0,0,234,3,2,80,0,0,0,0,0,0,0,0
175204900000,VALID,VALID,296,0,256,230,256,112,133,0,0,242,5,1,74,0,0,0,0,0,0,0,0
175454900000,VALID,VALID,299,0,274,265,274,107,137,0,0,226,5,2,75,0,0,1,0,0,0,0,0
175754899999,VALID,VALID,309,0,288,276,288,129,165,0,0,240,2,4,75,0,0,0,0,0,0,0,0
175954900000,VALID,VALID,296,0,308,296,308,138,171,0,0,232,6,3,67,0,0,0,0,0,0,0,0
176204900000,VALID,VALID,298,0,282,265,282,136,158,0,0,228,5,4,78,0,0,0,0,0,0,0,0
176454900000,VALID,VALID,293,0,275,259,275,120,132,0,0,232,11,3,63,0,0,0,0,0,0,0,0
176704900000,VALID,VALID,299,0,245,235,245,124,134,0,0,252,1,6,50,0,0,0,0,0,0,0,0
177004899999,VALID,VALID,305,0,286,272,286,132,141,0,0,266,1,7,45,0,0,0,0,0,0,0,0
177254899999,VALID,VALID,291,0,297,291,297,170,178,0,0,252,0,2,43,0,0,0,0,0,0,0,0
177454900000,VALID,VALID,294,0,281,260,281,170,178,0,0,258,0,3,54,0,0,0,0,0,0,0,0
177704900000,VALID,VALID,309,0,287,277,287,164,168,0,0,259,1,3,56,0,0,0,0,0,0,0,0
177954900000,VALID,VALID,301,0,287,270,287,169,175,0,0,263,3,2,50,0,0,0,0,0,0,0,0
178204900000,VALID,VALID,301,0,286,270,286,170,179,0,0,265,1,2,49,0,0,0,0,0,0,0,0
178504899999,VALID,VALID,294,0,288,230,288,156,161,0,0,299,1,3,49,0,0,0,0,0,0,0,0
178704900000,VALID,VALID,290,0,276,257,276,157,161,0,0,262,4,5,38,0,0,0,0,0,0,0,0
178954900000,VALID,VALID,292,0,271,259,271,183,193,0,0,255,0,5,44,0,0,0,0,0,0,0,0
179204900000,VALID,VALID,285,0,259,254,259,175,183,0,0,246,3,3,38,0,0,0,0,0,0,0,0
179454900000,VALID,VALID,299,0,270,267,270,185,193,0,0,257,2,4,39,0,0,0,0,0,0,0,0
179704900000,VALID,VALID,313,0,285,280,285,195,203,0,0,263,3,3,49,0,0,1,0,0,0,0,0
179954900000,VALID,VALID,301,0,310,301,310,204,221,0,0,255,2,2,51,0,0,0,0,0,0,0,0
180204900000,VALID,VALID,308,0,280,276,280,202,224,0,0,256,0,0,56,0,0,0,0,0,0,0,0
180454900000,VALID,VALID,289,0,294,289,294,188,203,0,0,239,2,2,51,0,0,0,0,0,0,0,0
180754899999,VALID,VALID,309,0,259,246,259,175,190,0,0,261,2,4,55,0,0,0,0,0,0,0,0
180954900000,VALID,VALID,311,0,288,246,288,135,140,0,0,287,5,4,57,0,0,0,0,0,0,0,0
181204900000,VALID,VALID,298,0,288,265,288,151,154,0,0,261,4,1,55,0,0,0,0,0,0,0,0
181454900000,VALID,VALID,297,0,251,234,251,148,153,0,0,249,2,6,57,0,0,1,0,0,0,0,0
181704900000,VALID,VALID,281,0,269,248,269,128,139,0,0,227,6,10,59,0,0,0,0,0,0,0,0
181954900000,VALID,VALID,298,0,266,237,266,131,139,0,0,254,8,8,57,0,0,0,0,0,0,0,0
182204900000,VALID,VALID,295,0,282,263,282,129,144,0,0,239,6,6,63,0,0,0,0,0,0,0,0
182454900000,VALID,VALID,292,0,278,262,278,146,158,0,0,234,7,3,64,0,0,0,0,0,0,0,0
182704900000,VALID,VALID,296,0,280,265,280,153,164,0,0,229,6,4,72,0,0,0,0,0,0,0,0
182954900000,VALID,VALID,293,0,271,260,271,145,164,0,0,238,6,4,56,0,0,0,0,0,0,0,0
183204900000,VALID,VALID,293,0,276,260,276,151,164,0,0,250,2,5,52,0,0,0,0,0,0,0,0
183504899999,VALID,VALID,296,0,281,263,281,156,168,0,0,255,0,4,55,0,0,0,0,0,0,0,0
183704900000,VALID,VALID,312,0,284,279,284,164,171,0,0,262,0,4,51,0,0,0,0,0,0,0,0
184004899999,VALID,VALID,284,0,306,284,306,151,175,0,0,245,2,1,58,0,0,0,0,0,0,0,0
184204900000,VALID,VALID,292,0,273,261,273,155,171,0,0,239,3,1,61,0,0,0,0,0,0,0,0
184454900000,VALID,VALID,300,0,289,266,289,145,158,0,0,260,2,4,57,0,0,1,0,0,0,0,0
184704900000,VALID,VALID,302,0,282,268,282,142,155,0,0,254,2,4,56,0,0,0,0,0,0,0,0
185004899999,VALID,VALID,303,0,281,270,281,138,155,0,0,239,2,7,66,0,0,1,0,0,0,0,0
185204900000,VALID,VALID,309,0,290,277,290,137,162,0,0,253,1,11,57,0,0,0,0,0,0,0,0
185454900000,VALID,VALID,294,0,280,260,280,130,150,0,0,253,5,15,41,0,0,0,0,0,0,0,0
185704900000,VALID,VALID,292,0,274,259,274,128,142,0,0,235,8,13,51,0,0,0,0,0,0,0,0
185954900000,VALID,VALID,296,0,245,230,245,113,124,0,0,239,5,12,55,0,0,0,0,0,0,0,0
186204900000,VALID,VALID,288,0,276,255,276,103,117,0,0,231,11,10,57,0,0,0,0,0,0,0,0
186504899999,VALID,VALID,289,0,259,222,259,102,113,0,0,242,7,9,68,0,0,0,0,0,0,0,0
186704900000,VALID,VALID,281,0,264,248,264,102,110,0,0,229,5,7,56,0,0,0,0,0,0,0,0
187004899999,VALID,VALID,284,0,253,217,253,102,106,0,0,246,7,4,63,0,0,0,0,0,0,0,0
187204900000,VALID,VALID,303,0,271,235,271,89,97,0,0,264,9,7,59,0,0,0,0,0,0,0,0
187454900000,VALID,VALID,302,0,282,268,282,98,108,0,0,237,7,7,65,0,0,0,0,0,0,0,0
187704900000,VALID,VALID,291,0,281,258,281,122,130,0,0,243,5,4,62,0,0,0,0,0,0,0,0
187954900000,VALID,VALID,313,0,272,245,272,115,126,0,0,259,8,7,66,0,0,0,0,0,0,0,0
188204900000,VALID,VALID,290,0,277,257,277,107,113,0,0,231,5,6,68,0,0,1,0,0,0,0,0
188454900000,VALID,VALID,307,0,266,240,266,110,116,0,0,258,0,11,64,0,0,0,0,0,0,0,0
188704900000,VALID,VALID,296,0,289,264,289,114,122,0,0,240,4,3,74,0,0,0,0,0,0,0,0
188954900000,VALID,VALID,308,0,286,273,286,132,143,0,0,245,2,2,72,0,0,0,0,0,0,0,0
189204900000,VALID,VALID,312,0,294,278,294,138,151,0,0,246,7,4,71,0,0,0,0,0,0,0,0
189454900000,VALID,VALID,307,0,288,273,288,133,146,0,0,243,10,5,64,0,0,1,0,0,0,0,0
189754899999,VALID,VALID,297,0,272,263,272,137,145,0,0,247,5,1,53,0,0,0,0,0,0,0,0
189954900000,VALID,VALID,290,0,264,257,264,134,141,0,0,232,7,3,55,0,0,0,0,0,0,0,0
190204900000,VALID,VALID,287,0,272,253,272,136,144,0,0,245,8,3,50,0,0,0,0,0,0,0,0
190454900000,VALID,VALID,303,0,251,235,251,133,143,0,0,258,6,7,48,0,0,0,0,0,0,0,0
190704900000,VALID,VALID,294,0,281,259,281,132,143,0,0,260,8,4,44,0,0,0,0,0,0,0,0
190954900000,VALID,VALID,288,0,264,254,264,140,152,0,0,244,7,4,43,0,0,0,0,0,0,0,0
191204900000,VALID,VALID,286,0,235,221,235,111,123,0,0,229,8,7,56,0,0,0,0,0,0,0,0
191504899999,VALID,VALID,306,0,249,237,249,109,115,0,0,258,8,1,51,0,0,1,0,0,0,0,0
191754899999,VALID,VALID,296,0,277,261,277,108,120,0,0,249,11,4,48,0,0,0,0,0,0,0,0
191954900000,VALID,VALID,291,0,264,256,264,129,137,0,0,255,7,4,33,0,0,0,0,0,0,0,0
192204900000,VALID,VALID,285,0,265,250,265,128,135,0,0,247,9,5,39,0,0,0,0,0,0,0,0
192454900000,VALID,VALID,312,0,258,244,258,127,135,0,0,272,12,5,37,0,0,0,0,0,0,0,0
192704900000,VALID,VALID,301,0,279,266,279,119,129,0,0,266,8,4,36,0,0,0,0,0,0,0,0
192954900000,VALID,VALID,301,0,273,266,273,136,159,0,0,250,7,2,49,0,0,0,0,0,0,0,0
193204900000,VALID,VALID,288,0,265,255,265,133,150,0,0,245,3,0,50,0,0,1,0,0,0,0,0
193454900000,VALID,VALID,292,0,269,258,269,133,154,0,0,237,5,2,59,0,0,0,0,0,0,0,0
193704900000,VALID,VALID,291,0,269,259,269,133,151,0,0,237,10,4,50,0,0,0,0,0,0,0,0
193954900000,VALID,VALID,294,0,239,226,239,129,136,0,0,255,7,4,41,0,0,0,0,0,0,0,0
194204900000,VALID,VALID,307,0,254,239,254,118,125,0,0,272,12,8,30,0,0,0,0,0,0,0,0
194454900000,VALID,VALID,308,0,264,243,264,130,143,0,0,288,5,6,30,0,0,0,0,0,0,0,0
194704900000,VALID,VALID,306,0,264,238,264,140,150,0,0,292,5,3,32,0,0,1,0,0,0,0,0
194954900000,VALID,VALID,302,0,281,269,281,154,162,0,0,280,6,2,26,0,0,0,0,0,0,0,0
195204900000,VALID,VALID,291,0,273,257,273,172,187,0,0,268,5,9,25,0,0,0,0,0,0,0,0
195454900000,VALID,VALID,312,0,258,246,258,167,183,0,0,281,5,8,30,0,0,0,0,0,0,0,0
195704900000,VALID,VALID,295,0,285,262,285,157,173,0,0,272,8,5,33,0,0,0,0,0,0,0,0
195954900000,VALID,VALID,297,0,250,231,250,164,173,0,0,296,5,2,13,0,0,0,0,0,0,0,0
196204900000,VALID,VALID,291,0,276,257,276,161,179,0,0,277,4,7,22,0,0,0,0,0,0,0,0
196504899999,VALID,VALID,284,0,239,216,239,168,175,0,0,290,4,5,8,0,0,0,0,0,0,0,0
196754899999,VALID,VALID,298,0,254,232,254,157,163,0,0,296,5,7,12,0,0,0,0,0,0,0,0
197004899999,VALID,VALID,307,0,270,237,270,162,174,0,0,304,11,7,18,0,0,0,0,0,0,0,0
197254899999,VALID,VALID,310,0,267,240,267,171,176,0,0,314,4,5,14,0,0,0,0,0,0,0,0
197454900000,VALID,VALID,289,0,289,254,289,182,187,0,0,295,8,9,12,0,0,0,0,0,0,0,0
197704900000,VALID,VALID,312,0,266,242,266,184,201,0,0,303,9,6,18,0,0,0,0,0,0,0,0
197954900000,VALID,VALID,287,0,260,252,260,180,185,0,0,279,4,5,7,0,0,0,0,0,0,0,0
198204900000,VALID,VALID,295,0,274,260,274,199,218,0,0,286,4,3,16,0,0,0,0,0,0,0,0
198504899999,VALID,VALID,316,0,264,246,264,192,201,0,0,316,1,2,15,0,0,1,0,0,0,0,0
198704900000,VALID,VALID,285,0,295,285,295,183,199,0,0,267,5,2,21,0,0,0,0,0,0,0,0
198954900000,VALID,VALID,285,0,261,250,261,205,219,0,0,287,1,5,3,0,0,0,0,0,0,0,0
199204900000,VALID,VALID,291,0,278,257,278,178,193,0,0,282,7,6,17,0,0,0,0,0,0,0,0
199454900000,VALID,VALID,312,0,272,244,272,178,186,0,0,304,7,6,23,0,0,0,0,0,0,0,0
199704900000,VALID,VALID,295,0,295,261,295,171,184,0,0,298,2,6,23,0,0,0,0,0,0,0,0
199954900000,VALID,VALID,287,0,274,252,274,178,188,0,0,275,13,6,15,0,0,0,0,0,0,0,0
200204900000,VALID,VALID,288,0,268,253,268,182,193,0,0,275,3,9,16,0,0,0,0,0,0,0,0
200454900000,VALID,VALID,289,0,279,254,279,178,191,0,0,286,5,9,14,0,0,0,0,0,0,0,0
200704900000,VALID,VALID,310,0,271,240,271,178,184,0,0,311,11,6,13,0,0,1,0,0,0,0,0
200954900000,VALID,VALID,294,0,294,259,294,176,183,0,0,297,8,10,14,0,0,0,0,0,0,0,0
201254899999,VALID,VALID,306,0,274,237,274,184,192,0,0,308,8,8,19,0,0,0,0,0,0,0,0
201454900000,VALID,VALID,311,0,293,276,293,193,202,0,0,297,6,9,16,0,0,0,0,0,0,0,0
201704900000,VALID,VALID,304,0,292,270,292,195,213,0,0,278,13,10,25,0,0,0,0,0,0,0,0
201954900000,VALID,VALID,292,0,280,258,280,183,202,0,0,255,15,9,35,0,0,1,0,0,0,0,0
202254899999,VALID,VALID,291,0,238,223,238,159,173,0,0,267,14,8,17,0,0,0,0,0,0,0,0
202454900000,VALID,VALID,292,0,248,222,248,147,154,0,0,272,13,11,22,0,0,0,0,0,0,0,0
202704900000,VALID,VALID,314,0,260,245,260,161,173,0,0,295,4,5,25,0,0,1,0,0,0,0,0
202954900000,VALID,VALID,297,0,285,264,285,167,192,0,0,277,7,8,26,0,0,0,0,0,0,0,0
203204900000,VALID,VALID,288,0,265,254,265,187,203,0,0,265,8,5,21,0,0,0,0,0,0,0,0
203454900000,VALID,VALID,293,0,246,232,246,173,184,0,0,279,8,2,18,0,0,0,0,0,0,0,0
203704900000,VALID,VALID,285,0,272,253,272,166,179,0,0,280,3,4,17,0,0,0,0,0,0,0,0
204004899999,VALID,VALID,292,0,261,230,261,174,192,0,0,282,7,3,31,0,0,0,0,0,0,0,0
204204900000,VALID,VALID,303,0,265,238,265,176,187,0,0,297,8,6,19,0,0,0,0,0,0,0,0
204454900000,VALID,VALID,313,0,284,246,284,180,193,0,0,320,5,4,22,0,0,1,0,0,0,0,0
204704900000,VALID,VALID,313,0,273,247,273,179,191,0,0,318,6,2,13,0,0,1,0,0,0,0,0
204954900000,VALID,VALID,308,0,302,275,302,191,211,0,0,293,8,6,28,0,0,0,0,0,0,0,0
205204900000,VALID,VALID,293,0,275,258,275,203,223,0,0,273,6,1,30,0,0,0,0,0,0,0,0
205454900000,VALID,VALID,316,0,266,246,266,177,206,0,0,293,8,6,29,0,0,0,0,0,0,0,0
205754899999,VALID,VALID,312,0,279,243,279,144,170,0,0,288,21,4,35,0,0,0,0,0,0,0,0
205954900000,VALID,VALID,312,0,269,245,269,145,168,0,0,277,8,4,47,0,0,0,0,0,0,0,0
206204900000,VALID,VALID,309,0,270,239,270,150,177,0,0,289,9,5,37,0,0,0,0,0,0,0,0
206454900000,VALID,VALID,304,0,280,239,280,147,168,0,0,299,8,6,32,0,0,0,0,0,0,0,0
206704900000,VALID,VALID,304,0,279,238,279,158,184,0,0,296,6,1,42,0,0,0,0,0,0,0,0
206954900000,VALID,VALID,289,0,269,223,269,136,165,0,0,281,4,17,33,0,0,0,0,0,0,0,0
207204900000,VALID,VALID,308,0,250,212,250,112,146,0,0,279,7,18,42,0,0,1,0,0,0,0,0
207454900000,VALID,VALID,274,0,238,214,238,106,133,0,0,248,4,4,42,0,0,0,0,0,0,0,0
207704900000,VALID,VALID,286,0,223,202,223,100,133,0,0,257,2,2,46,0,0,0,0,1,0,0,0
207954900000,VALID,VALID,295,0,277,245,277,102,143,0,0,270,6,4,47,0,0,0,0,0,0,0,0
208204900000,VALID,VALID,274,0,246,200,246,96,120,0,0,275,8,6,31,0,0,0,0,0,0,0,0
208454900000,VALID,VALID,288,0,223,174,223,65,92,0,0,294,6,5,32,0,0,0,0,1,0,0,0
208704900000,VALID,VALID,260,0,250,178,250,68,79,0,0,281,5,6,40,0,0,0,0,0,0,0,0
208954900000,VALID,VALID,237,0,201,152,201,77,80,0,0,257,10,5,14,0,0,0,0,0,0,0,0
209204900000,VALID,VALID,246,0,205,163,205,84,88,0,0,267,7,5,9,0,0,0,0,0,0,0,0
209454900000,VALID,VALID,265,0,218,181,218,93,100,0,0,270,4,9,19,0,0,0,0,0,0,0,0
