#timestamp_kf,x,y,z,qw,qx,qy,qz,vx,vy,vz
1751615316539804697,0,0,0,1,0,0,0,0,0,0
1751615316753371000,0.00018193440285488922826,0.00013910335555334751943,4.6840056176874111851e-05,0.66381052751728575334,-0.74789291080574182846,-0.003431838871133483914,-2.3874688881251900069e-06,0.0011316572865526577929,0.0010395231512608338158,0.00062607049543263930489
1751615316970794439,0.00045464823936403346485,0.00041348201059564649446,0.00021380918336080933649,0.66378918327714664382,-0.74791177993578861205,-0.0034475495378165237938,6.3243367007395493492e-05,0.0017621413132938223631,0.0020985014286226868346,0.0008366824601779404005
1751615317186959505,0.01944347739634948169,-0.036473253075570297166,0.0003034338152065644504,0.67060432604030306702,-0.74180711152898259897,-0.00039191892802869929486,0.0034487070928458565117,0.060011404527405859399,-0.11212350787014746523,0.0015233314475745318543
1751615317401767015,-0.0022592791343945496305,0.0041176882658021584857,0.0012886348316592057851,0.66355413425892117996,-0.74811876083652972813,-0.0037660901664845667335,-0.00021715700953242402546,-0.0050503691357801456727,0.010596040807280378976,0.0033766563480820488766
1751615317615556717,-0.0062570743536781939925,0.00046019085564123204469,0.0010055817832081018551,0.6639672726383593071,-0.74775140946621998506,-0.0038923954617142695646,-0.00037385027727639737888,-0.012210673948205654632,0.002516068884178592098,0.00096849703435974391231
1751615317825954676,-0.00011214615427079887395,-0.0070368922885285997704,0.00096037389850795623104,0.66434431040903407784,-0.74741898805957818208,-0.0033895270573567337635,6.7981385177653605445e-05,0.00074513602477175797101,-0.0087544273033551053137,0.00059765383435583774828
1751615318032253981,0.0036657339972951895855,-0.008557812050839969098,0.0010560724547001997149,0.66433061192725717525,-0.74743205596134176805,-0.003181591073064353719,0.00019301813801646540403,0.0065918081869497319528,-0.008619707142296843469,0.00096812324230627268967
1751615318535342216,0.0075506200532676464449,-0.011475310867750360133,0.0018771585617348186814,0.66427020531895730748,-0.74748602572793187981,-0.0031151019334982360705,0.00017834493572889997576,0.011332251075615933436,-0.0077705870941510296612,0.0022462124712535119428
1751615318764677763,0.0045770761835114423879,-0.003966407516276061751,0.0027520095557245424778,0.66419865189007365469,-0.7475487497341195553,-0.0033172942995790977855,0.0001147035026906050465,0.0077050547856838983926,0.0018072203764409459133,0.003186366433277230438
1751615318990565777,0.0014751699516423765791,-0.0016195531535877524636,0.0019390531470960419881,0.66426207831104944201,-0.74749236426265475153,-0.0033250129260913394852,-3.1240253252261615405e-05,0.0047833788560906875115,0.0046951053875495234874,0.00265173181413677541
1751615319221622705,0.0025473049603804117161,-0.00042079588387671255575,0.0024353307350805323411,0.66432946861495945079,-0.74743247965685832845,-0.0033226030505212598466,-7.611001665121086134e-05,0.0056764741804724112503,0.0076297045145351490361,0.002082300943875287861
1751615319426081896,0.0035903163409465596936,0.00036926506092913534939,0.002811559826812067963,0.66433312752691719982,-0.74742936156371664325,-0.0032931072214378823322,-2.4240210996612578559e-05,0.007154391066489706498,0.0082282114415592553375,0.0020411754105794854483
1751615319630288124,0.0043613859838927074991,0.00098268104112599887964,0.0030542711683326940336,0.66437157754436104717,-0.74739515219149410541,-0.0032993356955259489291,-8.8407232466552920411e-05,0.0072090927477744997168,0.0080072073491615700092,0.0017448924463234201203
1751615321983433247,0.040400462588845983958,0.036084723892627200426,0.0057945431361516898383,0.66429246444859413323,-0.74746671694775013162,-0.0030047756606859385778,-7.4427244515515986385e-06,0.027689750363252815801,0.025074233943312554396,-0.00015096389347193798006
1751615326983789921,0.036985478718475767179,-0.071175610621757257057,-0.0019751495125628600394,0.66506154802286210348,-0.74678052866147182076,-0.0034036674799860239943,-0.00062801370423678582258,0.0087306401006323509917,-0.039571429882954187174,-0.0022137299722350192721
1751615330582705736,-0.033352855707999992663,-0.077078471622323910251,0.00087386869348942373958,0.66514855198339450926,-0.74670174889782270355,-0.0036282906792095034713,-0.00085877475127604037571,-0.02171824451929678379,-0.041529845650074635743,-0.0015419895629792599017
1751615331587571383,0.00069304306831820261525,-0.0057002032533033392819,0.0057084549869237987199,0.6648149813499930616,-0.74700167888406199257,-0.0027770726756679337162,-0.0013491420810948502422,-0.0078077094225217713933,-0.012451927913016381036,-9.4621347062573559579e-05
1751615331820255280,0.014546522464938638902,-0.0060880337580145422668,0.0049952330547603680799,0.6567592844444347655,-0.75213508875672152598,0.054000966339147533912,-0.0066291923633843060498,0.13478881620720584156,0.056644016070693532783,0.02435357640915452801
1751615332052896738,0.070793505579977017428,-0.0072456470410756888823,0.0010595694593254754469,0.60895445407288772977,-0.70754008694630721177,0.35714711562612122542,0.03174013277768357455,0.27188558644026616928,-0.066733417022994706569,-0.081936517066494379824
1751615332285558701,0.094252424034631451799,-0.013798807577429737445,-0.010191201121799602081,0.5847831084253420908,-0.67496228793124746215,0.43479205795951897384,0.11580368002069836575,-0.10625574253687153359,0.025501816600994792195,0.059930255112532512807
1751615332518384457,0.045674823839991461616,0.0049706540083445140132,0.012290136262356572347,0.61140913730142709692,-0.71305139939963457785,0.34153441453166927255,-0.033027448116030748426,-0.23781302076370824938,0.092535078584523047796,0.066490291865305362062
1751615332751172066,0.014871003240434124693,0.0155979767177086108,0.01988916787454225385,0.63355152391776869969,-0.72169327718676901107,0.25328795402213283294,-0.11668972770632353442,0.001574371358585485714,0.047722202682699554899,0.025175241253213229142
1751615332983923435,-0.0022108764095682565537,0.024672180928331566285,0.023019569499005267804,0.64114168085401646024,-0.72822535486315664865,0.1764630967418788221,-0.16578888109394460115,-0.068885986592286035934,0.038014934456989876721,0.052214077698950506212
1751615333216636419,0.0074447747315198476575,0.032127099160428169988,0.031462805165519795725,0.64963716452453856842,-0.73652638401017123115,0.13913176656071282733,-0.12705428626817152904,0.033358533707531973223,0.020661071601311753465,0.029272173847610879344
1751615333449464083,0.011102488919184536412,0.039381026210339516169,0.03918881049609060363,0.65014977928003947483,-0.73671363754823915304,0.13672061234868973512,-0.12595933832613132042,0.040358404998452779289,0.035858863629747037005,0.029857084711743812205
1751615333682260036,0.01220845898222251702,0.042164908854238382363,0.045843617942102760088,0.65090257145058494359,-0.73785902840351647036,0.13067572514550904184,-0.12171175596519048789,0.033860009314286891591,0.041061814256757284136,0.030496147057554819776
1751615333915020466,-0.018061730301655684605,0.048363082948221502999,0.048826803427607444463,0.66530929412791017796,-0.74641242075820557478,-0.013616399890292008035,0.0068289778828874315303,-0.027579683436442653521,-0.0038191885625261934312,0.027182649289182927305
1751615334147743464,-0.011449818002447370927,0.045798113544399485231,0.054301551018074808996,0.65191763711963046646,-0.72342322705025663421,-0.17168413494831138988,0.14895229700679518681,0.0031148857511994580693,0.028356173333444568974,0.027434930347331808881
1751615334380507469,0.0068544883337947727989,0.064769775795042727751,0.04917022471225803576,0.64303329304211609418,-0.71213748291097078713,-0.21186466102216983121,0.18569263550986547795,0.045608796204358259541,0.021948309714902383,0.019247574096225347068
1751615334613270044,0.028256907061825636135,0.027159291308522567204,0.048774692231597062408,0.6439697208616125268,-0.71306662471550341653,-0.20835613757735860219,0.18282972204786857029,0.057131610117499953549,-0.015799262843566891368,0.015494412167898754737
1751615334845994473,-0.0035516224726864472142,0.017052080085759688255,0.042525714887552176768,0.64436140565058663832,-0.71375318486854788524,-0.20679906903056155532,0.1805240013020363854,0.031123517829767938236,-0.028761491408192986496,0.0096992569580555566128
1751615335078678846,-0.03574221248935854911,0.027792971693477913631,0.032039884558693366989,0.6477808483225215852,-0.71893387522543372725,-0.19017185728401900247,0.16537448502426682628,0.014896398304780528871,-0.0025131637913253755678,0.0014872816073866639876
1751615335311801195,-0.031238389775616010741,0.022538256405821955469,0.027519328567600295776,0.664891145847396281,-0.74547508661970629529,-0.037373462591396226784,0.028104869631561057997,0.046474465493496486257,-0.0020542314015831535622,-0.002291788004459763186
1751615335512285709,-0.022063361573143903949,0.018768528124732068024,0.023828364893992946827,0.65838632316596812366,-0.74348067988318045085,0.084403794683345384486,-0.0814857506039718682,0.037461847221464068813,-0.028265027743615028788,-0.0055295281424246568378
1751615335712811470,-0.015377894902288042484,0.011776425091077933477,0.023206151849179009611,0.65260769086809389261,-0.73885213748422540192,0.12192057858216956423,-0.11548200410884122691,0.016442184025664462188,-0.040412365069381700478,-0.0069468485075268723503
1751615335913378954,-0.01704665583671590226,0.0074124101123222655568,0.020862852385998567617,0.65277499248550052702,-0.7390697452121602895,0.120524264417155344,-0.11460638108015878955,0.0065893691366136070142,-0.037398057737028825298,-0.008303285623020193254
1751615336314205408,-0.017031654075248439661,-0.004151271841392091197,0.01684860469430709759,0.6528801136607165212,-0.73946992236145170363,0.11900508835207221359,-0.11300256658781680785,0.00030106357180695580283,-0.031131354696011519223,-0.012046104109503567858
1751615336547168493,-0.016370161083553470827,0.0032971958575854034591,0.023533796997487775593,0.65300418888405120654,-0.74179630398514095901,0.11991958182975585856,-0.094567788319506809747,0.031445861759554862014,-0.016056129922571008017,-0.00082017633109192095847
1751615336780104637,-0.019457369199661067594,-0.00029371045959064812298,0.015910302050807362956,0.65273077382297284288,-0.73836505737387470027,0.1235430364128572156,-0.11617528613103991764,0.021181024863296999544,0.0075835469687186157772,-0.0059371520016242894727
1751615337013012171,-0.021602606506826924071,0.0089002841086524373676,0.017705897149468144414,0.65310062869128582275,-0.74086880604297955522,0.11288314453573376761,-0.10876753520799123387,-0.010416003169631416619,0.013877429873858478787,-0.0084967897117921818706
1751615337245904446,-0.030127295454533561947,0.017292390661704563903,0.016818468587349640758,0.64571418366584032444,-0.74848628170515330016,0.1019239884872957802,-0.11150327207213546477,0.0093343184461765812271,-0.22817042723463301646,-0.010697962242496941027
1751615337478868008,-0.041691504462872487624,0.026964588111949169824,0.022415394571661275552,0.70601064416614600638,-0.70222131964932110737,0.034132955916864854418,-0.085259192316412185653,-0.095433452810492092055,0.22319071985748470399,0.085257164396795134809
1751615337711803675,-0.074738528394532099952,0.12090724374479233649,0.049403564772825744877,0.68990467253759735211,-0.71266766083303856316,0.031977566531734072375,-0.12293812774019292899,-0.20843491194548680046,0.45112386136184046137,0.047008546389069205684
1751615337944709778,-0.11383924900728954743,0.204909220537339537,0.046171610303778282125,0.65396953256714784875,-0.7339524414976362765,0.012749515185791596844,-0.18296205605559826002,-0.05731517816749226446,0.25332544692346892212,-0.044820418658798530376
1751615338177588463,-0.09947165009849741335,0.23535489929614739069,0.031253404127876388552,0.65770219192820555953,-0.73022149451828455291,0.032492197287244985182,-0.18206771485291728396,0.054607430735242899755,-0.010607970340787253871,-0.056417315763922254446
1751615338410535812,-0.10452873432465761838,0.23586693979805009591,0.032268964358785894031,0.65760265412869822743,-0.73263050693583020578,0.034226716335924056711,-0.17216219526568549147,-0.013856579929713785937,0.054161146266754812972,-0.00075299070565460618498
1751615338643474579,-0.097306667323230011668,0.20709335813927692849,0.032863099545848165062,0.65871232541485991163,-0.73393317947158043246,0.023399831785758481995,-0.16398965909374424443,0.077077998597293348459,-0.18484067375315035853,-0.033791639468120769629
1751615338876383305,-0.073628255762770711268,0.12500413170141450037,0.044140423124204450356,0.7140613208850752347,-0.69320218327043570117,0.014761287851064593471,-0.096794976656543518789,0.14938694343280034538,-0.32687007966247044743,-0.0034922978132812011742
1751615339109263897,-0.025361491946947943565,0.047369118577159349814,0.028360394805926728706,0.84554570674495144189,-0.52470763552363630655,0.095824980359891759329,0.02349315149999089275,0.11974502359429234355,-0.22368941908274825314,-0.17538072396558052057
1751615339342465401,-0.017393881419168335384,0.03269365115110478559,0.0076741928113164617486,0.88559308103329414941,-0.45684374479281825154,0.074105108288911383796,0.039078390385483052771,-0.007295398600818653323,0.030928252359846586383,-0.036590344098767102476
1751615339544003963,-0.019131385134667128894,0.041742616823527541048,0.0019164692096882724598,0.8903429018521614724,-0.44775931635660487506,0.071690348196671971337,0.040762798147059436937,-0.029962454329674412246,0.063431885249568220608,-0.0013136302281765502298
1751615339745590687,-0.03569863131287270841,0.057248901369526775107,0.018057513186078330558,0.84700124241048746487,-0.52917713351048467629,0.05001904807030509853,-0.0076518987746528391303,-0.12389524102486618173,0.18467238313792869175,0.10663042514729818844
1751615339947225571,-0.071652920225423105682,0.10322185334157377157,0.039577790453399513959,0.71415342608276155545,-0.6903215196821076427,-0.0024646721642791157014,-0.11590948567378529799,-0.20412846400517276058,0.32673068528428206303,0.055700020685726950309
1751615340148908854,-0.11842519033826476305,0.15848825407944178156,0.031612789814159977797,0.53605618409781530254,-0.79735125860411582011,-0.081104169278158597112,-0.26513553443214860073,-0.17524507925536123021,0.23253824392979777214,-0.1300563607575851155
1751615340350464106,-0.13552828678570097432,0.19613953696856514797,0.0059981196857582241844,-0.4360041301726532148,0.82386569875223447657,0.12224165689795180034,0.34088515105636918445,-0.0085997826118022202557,0.064016384129926190427,-0.054245368261165702317
1751615340552116871,-0.13187506981566865516,0.2004484639549982683,-0.0020131752647044231716,-0.43354300115632948831,0.8292004792324579876,0.11964847674180956183,0.33189045391874283375,0.0099569545714247864598,-0.0027091754244450289013,-0.05129472455120384633
1751615340754976988,-0.13654071730880873448,0.19244454697659921227,0.011456591593263754439,0.51629491593749077261,-0.78221687808038686818,-0.099048187115677990833,-0.33431388253013083478,-0.077134878516412347382,-0.18439215790125984551,0.060428943052093918309
1751615340957978725,-0.13534581541998366716,0.0832960232165755321,0.099197171225433811159,0.69115338032762640985,-0.65685438034299814536,-0.27557405181149191575,-0.12209942610065047108,0.16230296742011990352,-0.19387061249020248743,0.098181499105671810046
1751615341161122561,-0.092723264905922794799,0.091260115210852796319,0.11872584969303863478,0.72142067067918291823,-0.60525551289903345431,-0.3176518189137560455,0.11097433019805923171,0.20435989802464843423,0.098666741066855190301,0.023537458358185131546
1751615341364408016,-0.069352743698252450333,0.095374796577090956151,0.11962261750261304893,0.67442274536665869356,-0.57637774498196725492,-0.40392688785733105172,0.22312714959747068089,0.080579605189132430532,-0.00078096466006645492985,-0.068885999121000976442
1751615341566087961,-0.055642572334345004326,0.072943344750317690162,0.1058124600226467843,0.6838200885999445866,-0.54372675664413927521,-0.40842665619224566287,0.26445976451632385862,0.011356152302255562159,0.060054995074872288829,-0.03393841896638679495
1751615341767614365,-0.063144490250529289321,0.094046464382167474505,0.093580993951176527634,0.70123679117406789718,-0.5541058209308552529,-0.36965315724471775605,0.25414611004981185749,-0.042522942281298825584,0.033193523865682278418,-0.093320102688646711098
1751615341969186306,-0.097408251472503190604,0.084997182421297792776,0.07260244934949199036,0.7695161632463946022,-0.61819589844068001394,-0.12164386551154657279,0.10431431175575460457,-0.077235768092156792397,0.098881476975886492542,-0.14264076924106999789
1751615342170804262,-0.095000382986430542687,0.14379250345380728549,0.034400013121391473381,0.62497043141154628998,-0.72103378564193865152,0.21053625601348699425,-0.21259521332321532072,0.10264897025729508018,0.28731319057280202411,-0.21765619479255027269
1751615342372467756,-0.0812026369491980482,0.16431158883684354732,-0.013896367432198707126,0.53414504028312925765,-0.76033569756505281489,0.32390723729535297881,-0.17794045233417213336,-0.081221976307763385505,-0.047408989573069382217,-0.21979071570080080389
1751615342573942184,-0.12269067054370064174,0.15714469591276930549,-0.036940956216219372754,0.63780381963175858395,-0.70898148074100708627,0.21369986090293716097,-0.21185824760790608612,-0.10626470144928648609,0.019065804588699213074,-0.064287421047303616728
1751615342806481361,-0.1360989757416612711,0.17254291406023189448,-0.052478481810143945419,0.64022724461102686888,-0.72945055088310339908,0.1756375718597653901,-0.16481023155530896696,-0.044828992140936115007,0.077613085598690637057,-0.062148616533507929083
1751615343038967609,-0.13311356544947947067,0.19318469365710511099,-0.066634548621829423065,0.63914788897286012315,-0.73016469850654974749,0.17651473727495842203,-0.16490008065834135809,-0.027051363973809548769,0.098560550948599320864,-0.058931047853856013963
1751615343271402836,-0.1259281900868090831,0.20568681852138359645,-0.073601934109113517635,0.63927348758472246626,-0.72994408840148072848,0.17690588089323286414,-0.16497074038866921253,-0.011402893243081368285,0.10314667382716641297,-0.050734100280286902052
1751615343570207119,-0.12523998251220788691,0.20951216585340551313,-0.077985850729061251263,0.64200241091345455757,-0.73062361547504151016,0.1697122257514126209,-0.15880742212501147703,-0.022612181863014765848,0.060260466275803198366,-0.03834655385559392754
1751615343802794933,-0.15790884407223215735,0.22889558789765718227,-0.087105655271523238503,0.66436433462239019576,-0.74730553321679282774,0.005647848312829570859,-0.011071256240745669733,-0.048306236130357269043,0.064927314287699197659,-0.033941308526244162724
1751615344035331488,-0.1659113277110094431,0.26122429263282714862,-0.088618366467410183973,0.664220582330034226,-0.74643373468995277698,-0.032562644117145010669,0.024235757344446561684,-0.0061284495470885769208,0.1336646897557479674,-0.025749084105535030575
1751615344267819166,-0.1435242555888048277,0.26151805125085181292,-0.080332097416219536146,0.66434923544321800026,-0.74639063342720957106,-0.031173680331903923235,0.023860372015210781771,0.012403716987204308278,0.11911509960134862574,-0.014015691051128424671
1751615344500255823,-0.1482210483998144257,0.21489608310486699172,-0.058754726193277220792,0.66466110123642252461,-0.74662141086040678672,-0.02173920060221324474,0.017592512759063264755,0.019143269120175585712,0.080293413953337430811,0.0052635896993186437332
1751615344732814789,-0.14351256787566812889,0.18667229817080718823,-0.054637239685995098171,0.66282146938338304398,-0.74843861955501067573,-0.010094481921880065975,0.020135389685108511654,0.020681001046236314328,0.045986551005493724043,0.011226439416767951263
1751615344965368986,-0.1385661171393509361,0.16446403665485970214,-0.053136568168470489637,0.66229617161597309494,-0.74895702751347248416,-0.0054766025386457179921,0.019928844061868782045,0.010829590695376615714,0.021672494944369364439,0.016067390957679974356
1751615345197875023,-0.12818997967038658903,0.14029269214791051379,-0.049931735934416354716,0.66268258225921383708,-0.74707398409902181502,0.033912779833084806536,-0.039776636568051047804,0.015472270114178614253,0.029132871128149790546,0.015610279494065657652
1751615345430330753,-0.13460940940408344657,0.13652701244823434168,-0.047890638747315444901,0.65779890086612902156,-0.74083435661433938435,0.097577629752219730008,-0.094570969388436412761,0.013295832985783222896,0.013495705831869261176,0.020750076650100458819
1751615345662852526,-0.13526637640240224414,0.13546683315800753244,-0.0454173778455823976,0.65655699085757168731,-0.74008241731306956268,0.1047489197308412584,-0.10118595334983714051,0.031993937400919450487,0.0070446272674073223338,0.023307385233175270667
1751615345895436525,-0.10942077281697684676,0.12851411709331880817,-0.04030829434306446718,0.66186648179365803468,-0.74402569119030992351,0.06508503764692044613,-0.064206456072309042726,0.090085279011772670388,-0.021719923398066595666,0.026230016136618062444
1751615346127972841,-0.095116310692798286541,0.12308647279803461294,-0.033625555017968947191,0.66312697067183667965,-0.74461287831362188427,0.053458840007240618353,-0.05437310587207660334,0.02133270520414000393,-0.0074216575746154783699,0.03346035006760972319
1751615346360459328,-0.092550141657684922847,0.12117476379682931564,-0.029798739052362056834,0.66314537436182086072,-0.74442809733152481844,0.054441061312108053605,-0.055688339974333860016,0.0036885278358235636109,-0.0028968161313588369765,0.032138696881907381775
1751615346593172073,-0.098311719239188480324,0.12035425154385696878,-0.028904476433900282151,0.6639724222192624481,-0.74410077551983733191,0.050715771405734369481,-0.053689560752372654517,-0.024698896957314857292,-0.03479616143824124791,0.025554897984193442051
1751615346793499708,-0.1062504142076697855,0.10482271024847956975,-0.019182028660597229969,0.66705131747470414183,-0.74238868666354473902,0.041793052255388846161,-0.046421100293040341855,-0.042460355799372073715,-0.066119130643755699706,0.032028122841840936386
1751615346993862629,-0.11405593586631482261,0.087638533435681939543,-0.014388848246627693184,0.66627393240867283097,-0.74484163859529650686,0.022851689144474829352,-0.027708856176333111765,-0.045203905962833024201,-0.059584678274175760515,0.03503580283664100431
1751615347194260597,-0.12581715856034889067,0.076659868166458408623,-0.0080095614580238672087,0.66653015251299807531,-0.74508763126793287057,0.013945465085601665284,-0.019685058447619963734,-0.051513750948252515216,-0.039726031167811516609,0.036913478014427847373
1751615347394693375,-0.12696938066941129697,0.065350985935034161534,-0.0024402158441929229504,0.6663716343537084974,-0.74499384378705746368,0.018845531481137267615,-0.024038793466933387061,-0.0091217314696553503106,-0.018073292475365699411,0.037634260684913038719
1751615347594926596,-0.11567916604952886706,0.054913305988905460053,-0.0089410081100858261605,0.66545125751775846545,-0.74535739551009472237,0.026312449139652263619,-0.030407759646428368649,0.011170863235793110357,-0.016564822432652968887,0.028864811615405109452
1751615347827711821,-0.11519125195519488991,0.070723876209186298247,-0.016071986125495738712,0.66295086742192343987,-0.74608159864473566625,0.047671916496224368831,-0.039821902589042189324,0.035996489049117334769,-0.001332991002372318004,0.029029110324433098772
1751615348060460091,-0.11878386349759517682,0.082387964901623172986,-0.020706561962693520451,0.65845236643635252083,-0.74830686580775285233,0.073174429237637367285,-0.033508485866875867276,0.035056057175321966857,-0.0012674368261094033639,0.019859758015645011253
1751615348293169260,-0.1263624733076365303,0.11125762621691712151,-0.028688354978088932007,0.65443084268745399523,-0.74959042676582388065,0.095794536650963407753,-0.025648995852579452304,0.0447712256177856191,0.00068325919239166799796,0.018676965241850695953
1751615348525840998,-0.12039236995005347941,0.12239623310760901209,-0.037713475877023672211,0.64339423411412965947,-0.75235666910855214518,0.14110365637554650453,0.0096467670246654663863,0.14014863734471633139,0.009635826241038442791,0.014063587351468781819
1751615348758636951,-0.030728908147920855343,0.11721799635692715935,-0.058829050116125929104,0.56556949237879805548,-0.71831599326930362093,0.35438754236606129222,0.196374012841986606,0.64348299834334610203,-0.082713713021118379087,-0.41851771787317293416
1751615348991403580,0.14805768733767454837,0.072761531037816476464,-0.38689768597142254469,-0.43773142767164913147,0.64429291573464064768,-0.53830934689830844952,-0.32171553118339002442,0.69307457303971897744,-0.26803339833183059682,-2.0766305094205628201
1751615349257375956,0.34134440672995147725,0.014882976962425686906,-0.98106591410734211856,-0.00077759099199630203787,0.71305575576181690067,-0.68566632081701595069,-0.14633038312137966463,0.72814724996298163529,-0.19724310633187155939,-2.6497696045252330244
1751615349490061045,0.48799739200662606287,-0.080337239090414694354,-1.633072843486730541,0.083654439269811489699,0.72851411606034721657,-0.67263096941728472977,-0.099180121355177217057,0.62855746730462003224,-0.50444017646048067149,-2.8359106434387539863
1751615349690332890,0.61374816012371780083,-0.18727534259735018063,-2.2034765056193594823,0.083605609829490279417,0.72867618033353442897,-0.67247558640613502856,-0.099084367623222868726,0.62771297260778025073,-0.56351508152051865697,-2.8618756867820818179
1751615349891950130,0.74031044902313980494,-0.30661808306480553554,-2.7832305187231130006,0.08373173683784458643,0.73066102619142936359,-0.67036027472194470445,-0.098694291251945093224,0.63118028596663189322,-0.62058029304620299094,-2.8887105567679460805
1751615350093615532,0.86762622110532172659,-0.44064491083044354802,-3.3688434263966815507,0.084456837668660009188,0.73692311708142399507,-0.66345589131064819366,-0.098171494677428222664,0.66104486968129383406,-0.74808630665127673343,-2.9113696622657219137
1751615350295329332,1.0027359469161971628,-0.58925755255696199431,-3.9503120286071071732,0.010950049180937275473,0.72239895198968917533,-0.67770511248229370338,-0.13687816152511306234,0.63961439912522677353,-0.73459652406057651675,-3.0069606280703471413
1751615350497091055,1.1201840130111269112,-0.74363068961885447905,-4.513353322392077871,-0.0066309882842108354081,0.72888833862812185682,-0.68221508983863177189,0.057099833649303460836,0.52248652833880981916,-0.77330974985801370636,-2.633096287728366125
1751615350698497295,1.2029564962877143941,-0.91024112190957118251,-5.0518736045511509758,-0.19183079142983977539,0.70386194194860707274,-0.63621674595404120733,0.25101307994482552344,0.3058687990442914284,-0.87147623684319319715,-2.7385558475868219119
1751615350899615049,1.27451960478907389,-1.0935234181084245719,-5.6332127641062372803,-0.31607585498539431113,0.64975359967078294421,-0.57586254654169399814,0.38249005359698773354,0.42106371708167150691,-0.90757592002557740951,-3.0096464064880708023
1751615351101110697,1.3808762140170334209,-1.2803504993367365028,-6.2527382515283713715,-0.29987100782510855979,0.63248708892720095776,-0.5454357491582587647,0.46101768355076877537,0.62016937769677626946,-0.96525441367675801629,-3.1642691573637722335
1751615351302646399,1.4892846404002357819,-1.504663384882372279,-6.8534934036988470751,-0.38719824172543088059,0.58083257653797537579,-0.53544309952512159079,0.47540690656312678541,0.47089744164218461098,-1.2202089713890347245,-2.9767997074295804438
1751615351504222631,1.6018884403413968798,-1.7349437991451170937,-7.4599521426318080586,-0.44751041400113111823,0.59639261582664548911,-0.495514498077246901,0.44555096155573575833,0.53850576921159443167,-1.1361117697271596594,-3.0283085847036699256
1751615351705839157,1.7170579182896084092,-1.982025992793305047,-8.0676730753790728556,0.53879197975923942554,-0.58600936830072070105,0.44881744260986772277,-0.40602847932139862763,0.61267070462448969259,-1.2366922405774289917,-3.0002423088598253464
1751615351938825607,1.8598288756642276098,-2.2651765773050263064,-8.7699090427230803613,0.55408108831553548601,-0.60585535497713216557,0.42240861837742271767,-0.38406300985265640069,0.61147885676906665875,-1.2543727065185095171,-3.0136104525186468983
1751615352171083927,2.0001097671433600844,-2.5640685474555624523,-9.4700109399697680601,0.56166365159205200452,-0.61588923735163147999,0.4082257175794477555,-0.3722447491925874874,0.578348720573283126,-1.3485043755680630184,-3.017311419012954854
1751615352403277874,2.1321071367741564195,-2.8837793989501219194,-10.170146425959154968,0.56299300998998913492,-0.61387140232299375331,0.40965177108766481773,-0.37200295503819896803,0.55048888764290915265,-1.4179983305336989474,-3.0151449236879455107
1751615352701715708,1.8341467000122344544,-0.60309110987431191475,-8.962433970150142315,0.54312199080065082235,-0.6243583920508486429,0.40751007111001191774,-0.38617436907222307818,0.057335627380958889554,-0.079583897793120722541,-2.1866607160972417745
1751615352933987856,1.8527724914038119497,-0.68513349501188280932,-9.4863044293926037653,-0.49556811125748484459,0.67302134231553922827,-0.39014046605346097696,0.38632232221302781339,-0.051842694276406600662,-0.094930857975848909058,-2.205370874832863759
1751615353166258097,1.8270999415947974942,-0.74013237646721952157,-9.9940650711545000462,0.60101730178991830122,-0.68454029959253193116,0.2960798510452522514,-0.28726208066494596238,-0.13829188832905889295,-0.36728083851262288695,-2.1798152892348641174
1751615353398463726,1.7881561278227697809,-0.79143168905345506747,-10.49717992259710897,0.64265997832505117326,-0.71985204904053112784,0.18623693934183482845,-0.18470782922220504996,-0.20849783939087165874,-0.22889155590926302253,-2.1591705845848103706
1751615353630602598,1.731966608769670124,-0.85142657471482630083,-10.996537454537326894,0.66304307986886279469,-0.74044428909271231554,0.07345161777162244332,-0.081981637180115224384,-0.24339408284689786899,-0.27871200558452374763,-2.1428366194448948967
1751615353863414049,1.6717110587550667589,-0.91725216255116559516,-11.493422333687863812,0.66562046299890753609,-0.74348474076247639264,0.039737641670510581715,-0.050997640385993595058,-0.27002211443181611816,-0.28769573392778763354,-2.125158900186204125
1751615354064773083,1.6157661623527113104,-0.97890641767823238784,-11.919559047753272907,0.66273970912917234966,-0.7439870704703566151,0.06214055252104825483,-0.05829123989670521172,-0.29793169760105270294,-0.3366627643758733357,-2.1097841236101291251
1751615354266165495,1.5496920597503318628,-1.0512615292154710023,-12.343367061806688412,0.66179401037561025323,-0.74384652188093036695,0.069448363385036848694,-0.06243368113245297002,-0.35938694251702951732,-0.38019599146118132627,-2.0991389765009906831
1751615354467591047,1.4720434978521743652,-1.1333649760787656291,-12.765052160765131717,0.66348566514627071999,-0.74212556562874043564,0.061875854725157879155,-0.072165057941247501283,-0.39895391588520989767,-0.42464709740012562822,-2.0831338719259577807
1751615354669049740,1.3856631926181934844,-1.2323725678955872453,-13.182886124961502361,0.66712548815130701119,-0.7422125932556140615,-0.053859081652236406867,0.034106433340854128144,-0.43269455093943698376,-0.51398351810515474636,-2.0669078172186723386
1751615354870368481,1.2990563536853474425,-1.3332321760378551545,-13.597462447985062539,0.65932592277012036508,-0.73329949879029887594,-0.13010823484394509753,0.10311653535208659127,-0.43494729700310302833,-0.51162547204248476351,-2.0520892997358175514
1751615355102400780,1.1962492786020346713,-1.4587144002829655065,-14.071760738000049784,0.65989736068977367101,-0.73385663073963058878,-0.1265366470169499713,0.099891920773681794343,-0.45216204764667256022,-0.56489991215291268656,-2.0356093861467527972
1751615355334352016,1.0897379106414220029,-1.5946488819676554183,-14.542127507741826165,0.66107558097421736942,-0.73598963399536887486,-0.11496692869307539864,0.089894049846721460484,-0.46703321110340417777,-0.59601535513524950272,-2.019816821144268193
1751615355566220284,0.97855672492959688835,-1.7424282782607534159,-15.008559284415770918,0.66210180293306530874,-0.73775493918586487752,-0.10442752968972478234,0.080210618390250870702,-0.48990866201524513324,-0.66184211395223047081,-2.0035155116371026196
1751615355798007250,0.86226726887786564468,-1.9025919760202756326,-15.471063514828371055,0.66250365495577046016,-0.73854215827595015575,-0.099617188632907666124,0.075635992412490235526,-0.51311227780094004203,-0.71840725481743483716,-1.9867507374175354951
1751615356030914545,0.73998471981861480007,-2.0760733935799793315,-15.931957042909203892,0.66253282548710423772,-0.7385564158620415709,-0.099685635794112173458,0.075149516015824244231,-0.53674716518932930054,-0.76921926332404466642,-1.9704077943141091733
1751615356364158154,2.0670938851445046502,-0.097655674680995077641,-13.482922112348594723,0.65555603444182708461,-0.74568349242284170941,-0.091922592055378157805,0.075846238567248175366,-0.077052961653143667298,-0.15644921964618860311,-1.1328164979091936981
1751615356597456455,2.0038044993247514647,-0.18284007668988674911,-13.710029425812159332,0.65573139756028531178,-0.7456180263173010081,-0.092099992501202251893,0.074750815818997548567,-0.07843290818774092954,-0.19083762783614222069,-1.0895544611664476076
1751615356830776215,1.9873810123574007225,-0.25058520537210460244,-13.959205567913596013,0.73571296073091974055,-0.66505286968764110167,-0.10928524166967863718,0.066991461291549633805,-0.053654157153760755061,-0.31020212329224905456,-1.0689893659668050496
1751615357031705856,1.9734455485291213517,-0.29038728720921602733,-14.169119830117230308,0.73256535934578137503,-0.66502189397117250635,-0.12094361364035667583,0.080414657527048280516,-0.07298962027977706768,-0.16167568935187440204,-1.0300126522690982167
1751615357234197855,1.9598430332818852495,-0.33271484484092439526,-14.376223898030605852,0.71879239725615884371,-0.68059697923423290167,-0.11691263941239073143,0.080353445785538074597,-0.064525183280964862331,-0.21837445014761147632,-1.0117005888751049447
1751615357436802387,1.9473754654952581955,-0.38465813808450244338,-14.579014493137080422,0.71593101756702559602,-0.68507595231644446976,-0.11138364968170388902,0.075547337654896809522,-0.060508894546184230356,-0.24469419606378953191,-0.98782873645020941034
1751615357639519691,1.9353185862650790217,-0.43357932804269228022,-14.7767922386422903,0.69581925409272904481,-0.70643603715870284532,-0.10545349230564973753,0.075254581241860754592,-0.059380515144496825997,-0.24921824520278826331,-0.96353142319728746212
1751615357842349529,1.9233696254613947829,-0.48592204427935448141,-14.969404622819119766,0.67503364528677567424,-0.72852991526509980336,-0.09358632869826294387,0.069392646407628474914,-0.057839062356561485312,-0.24114036314000616978,-0.9364368113854354414
1751615358044230223,1.9115275939261935356,-0.53945400650927699537,-15.154541272733970558,0.65330358681147593369,-0.74901812455255090129,-0.086174789642412014112,0.068848951924667958768,-0.062953971045785761529,-0.31610564797043161356,-0.89422035720287751381
1751615358244358301,1.8987672400170356735,-0.60174695329937721855,-15.329885716336491441,0.65356746757367012446,-0.7488206583022113394,-0.086161957293564350735,0.068507694053471415718,-0.065580215117678905545,-0.30888360426994998509,-0.85789297924406571205
1751615358444514513,1.8855281469896771895,-0.66347144861978613051,-15.497891576328578722,0.65309666877180783118,-0.74949052489241396735,-0.08456800476008849432,0.067653136708939576316,-0.068571299010139474817,-0.30870285396691715674,-0.82128714647208644895
1751615358644698143,1.8708538692314156116,-0.72547429383329586905,-15.65859542319025266,0.65360825371100672587,-0.75018237789082620193,-0.078736138823148282828,0.061832604879102234796,-0.067948258600392205664,-0.29802258895544520012,-0.78380756175893195881
1751615358844909668,1.8556537311499761156,-0.78738835506621507321,-15.811941929739115054,0.65393964609216415074,-0.7512527235652276536,-0.071452861309441229043,0.053635559243620130332,-0.081779839504138349127,-0.30239281034220544253,-0.74701153987819979285
1751615359044980526,1.8388513382920881334,-0.84830291354165765494,-15.957686778792782079,0.6536037716242704132,-0.75198218469348576676,-0.068510448668985479692,0.051295438835383268261,-0.096196185267032469079,-0.30606559698019630833,-0.71023379351164206419
1751615359277392149,1.8168982035119545237,-0.91843299577863413141,-16.117735633434435272,0.65368558213595129303,-0.75153302649203412855,-0.070821425606459889601,0.0536432239371777142,-0.10414689745903459028,-0.29294477463559731589,-0.66779123053417777101
1751615359509743929,1.7924458274778214406,-0.98718134879993979514,-16.267817572092845069,0.65298695475122603415,-0.7505364425617987445,-0.080164159253400063543,0.062263897104141610606,-0.10604163417840473116,-0.29573888130777087335,-0.62403709387585826196
1751615359742037773,1.7670032685853889198,-1.0548887747838679996,-16.40780024536092796,0.65276895349172081584,-0.75039974547574828101,-0.081768303438330858235,0.06408478680679384476,-0.11556999604573779672,-0.28675898092804186224,-0.58158937615065764426
1751615359974272013,1.7398500986998441942,-1.1205199656094364524,-16.537818117369575077,0.65209654417381657243,-0.75005633728394371929,-0.086451273639905942825,0.068642299369979800638,-0.12727306631265444814,-0.27842198078856222887,-0.53888004009015166851
1751615360206700802,1.7098368672855999151,-1.1838414105843937385,-16.658111302847583346,0.65179694583130431962,-0.75018908690448005139,-0.087173241599806022828,0.069122364278049755471,-0.13337606343940910936,-0.26705131578765983758,-0.4960617042688353906
1751615360439110041,1.6775839697298897679,-1.2444830460664015881,-16.76841999434168784,0.65159181155168999222,-0.75025069056601134676,-0.087912165852290530266,0.069451159235600717912,-0.14559060091452702412,-0.25544684376917442536,-0.45312536186755703049
1751615360671464205,1.6427494493978020973,-1.3021745788670380239,-16.868876320959564907,0.65139299019926377721,-0.7504435168862735317,-0.087933712352804282997,0.069205220283421534089,-0.1556143305791246878,-0.24142939842917912618,-0.41119298715186142212
1751615360903760433,2.0827802642617752049,-0.67939561399562187205,-15.767420069071773625,0.64949908961894076143,-0.75206632454768973517,-0.087438948437026389748,0.070011473072080374069,-0.023384093593105781395,-0.0013286164923142496086,-0.12560479782219985401
1751615361136153460,2.0790730356883768692,-0.69669181803000157505,-15.7142473491696677,0.64935209985627539986,-0.75207892140112519996,-0.088174454804046897838,0.070316512401955494349,-0.031805536920253202338,0.017841169998881217795,-0.061901229854077616244
1751615361368598938,2.1564201952957038344,-0.70697723535526546534,-15.608188957294157007,0.64926293509962573758,-0.7522073644095840228,-0.087940064338866530402,0.070059025955846218614,-0.011613485584844110421,0.037935246733982887213,0.0094722466537374427897
1751615361766945601,2.1614419864735365806,-0.7437388909941246018,-15.593013516731025092,0.64899053005325779697,-0.75238061240477949188,-0.088327586077022152145,0.070234916646965808718,-0.021092217005113163275,0.063344382150891997973,0.092702074584395610657
1751615361999240637,2.1701979284307855167,-0.74994188304654363364,-15.602595369072480125,0.64883464042522831505,-0.7525044671178393596,-0.088364999962351753471,0.070301231380498152568,-0.018981322860006977216,0.083626952881796445816,0.13487009261926924397
1751615362364528894,2.1553908601223819019,-0.70300808168274830923,-15.580256241377405502,0.64875885475857097973,-0.75252528079549352302,-0.088789442459762307758,0.070243042671107092101,-0.03044156467797603724,0.11632085910039466348,0.20103809393517110826
1751615362862423658,2.120450138602750112,-0.62751825665114935315,-15.521860362520440546,0.64882990526319173075,-0.75245665908481873529,-0.088978852717357670432,0.070082051940371078991,-0.045576132692721191275,0.14603415409229497657,0.28617567903306329047
1751615363095453739,2.1299799826509455691,-0.70575273260908677475,-15.548413095697478425,0.64860501359311639735,-0.7525478863269673413,-0.089559734596406967433,0.070443374888684559543,-0.054269545643013110403,0.15195069169541511322,0.31886836065447188293
1751615363297015905,2.1073047870116901059,-0.73730435781855185873,-15.518679743100097568,0.6485052653597073169,-0.75264850284651985124,-0.089548123981044031039,0.070301390136346383897,-0.0680940654086879954,0.16260542895511742589,0.35478608077343465332
1751615363868336201,2.0334023392895228532,-0.71307028021339358137,-15.4766110587353527,0.64899081182548046254,-0.75226804066336439014,-0.089257193131760073634,0.070262896587356793443,-0.069895846247115145378,0.15113127072407464557,0.41473797388326677504
1751615364069914103,2.0148698448324156018,-0.66523928705921542281,-15.591428139942260955,0.64873870765938068672,-0.752310181935260891,-0.090149822811481331031,0.070996399824423780944,-0.079145356866663421624,0.17600916149651904541,0.42682594182545907646
1751615364302100897,2.0125322853981622018,-0.52561012404210016857,-15.856672809740977925,0.64846565716692161629,-0.75236128708677141308,-0.09105388672065077571,0.071791189440429073465,-0.089963129034361252745,0.21753960754948933887,0.41866875354561577938
1751615364534214497,1.9900238259439939625,-0.47170220321769568139,-15.754399673856930519,0.64824402414951098894,-0.75246326492349147053,-0.09156891271802727883,0.072068400278939862003,-0.10422969666691390966,0.24620784714224963619,0.46271217232861655555
1751615364766253710,1.9642884619502880561,-0.41115904949743042884,-15.641926152910830439,0.64813603987073464818,-0.75259915029065793668,-0.091583762179374278434,0.071600330359101280187,-0.11810541160178211761,0.275748876719598357,0.50684146915146843781
1751615364998219967,1.9508935269007861013,-0.40787270231453409686,-16.12408200388118118,0.65037687277286992948,-0.75096239177684476207,-0.089759234128655759899,0.070772094695716519785,-0.059423154857370180659,0.13998433985412622738,0.40701351912998401383
1751615365230354548,1.9391551775745303754,-0.40226698011543654543,-16.417916372440878092,0.65134409830707284961,-0.75031393130800350111,-0.088945539815932631034,0.069775074579156340371,-0.043939132895268684376,0.10147113299578677803,0.35076577837277495009
1751615365462465525,1.9294288037455649132,-0.38342712839890419341,-16.334854557964728627,0.65126329634250901268,-0.75038078256358253793,-0.088948939323219136655,0.069806061267119273728,-0.052557934848541466855,0.11722525106445423615,0.38722424154441348332
1751615365992719650,1.9024587407490805013,-0.33832987321679347525,-16.453341611141350853,0.65128120625841168234,-0.7504253559121469852,-0.088574385033217087337,0.069635866438947272017,-0.054766680552825006134,0.10599303824058997625,0.38338457022210181702
1751615366227155685,1.8929551347335042966,-0.32980530454200285284,-16.685055705994574993,0.65144754436297536149,-0.75023661839638766669,-0.088558966962139079593,0.070131467482155276927,-0.039020330460894571412,0.079270684774175967369,0.32741468927607958461
1751615366429714680,1.8855990076855746462,-0.31799323540030272062,-16.621276934552067672,0.65150215495736352178,-0.75000460250853617783,-0.089463981246661661295,0.070952338660687078176,-0.04873011425468262714,0.11600866843253737626,0.35113775707445715746
1751615366632390976,1.8753435129676931936,-0.30033677417719861769,-16.544101135027251104,0.65398087535228932587,-0.7485526095317255324,-0.086597808521787805747,0.066924024056546210781,-0.045924008333328270037,0.04560759095622678172,0.38718284386874973757
1751615366835184813,1.8646146842550235245,-0.27794740785224869573,-16.464578721161164054,0.65287262713267590897,-0.7506931092657174176,-0.080480605637270968833,0.061156034519132783378,-0.050494063527139296244,0.18164878009025958727,0.39794239442881529367
1751615367038096428,1.8521416340138943113,-0.25521975117422723844,-16.379463119069086474,0.65192112925854417416,-0.75268799066894809258,-0.073638849373211703875,0.055108527398172756084,-0.060694014559892477123,0.12038654317946080596,0.4329987249130073379
1751615367239337206,1.8377553957039831634,-0.22999209893733421617,-16.289608720660165631,0.65173487468131074962,-0.75297992920699430286,-0.073009393750577522564,0.05415263391321561981,-0.076537091904623946736,0.13283186324929352473,0.45978057875733030491
1751615367439540625,1.8204683107500825301,-0.20327780342026052773,-16.196801566951801732,0.65182788064923335991,-0.75326134637885655554,-0.070843546615849448123,0.051951419256153076598,-0.087002208304497383184,0.14512974165215719591,0.48620710637768677076
1751615367639777899,1.8030289756632724707,-0.17158890307857585511,-16.094569773453571315,0.65193426762754935755,-0.75367089788880181622,-0.067623288880158199943,0.048877184549118227186,-0.098493557673777196171,0.16006355663999802252,0.51322877656260135204
1751615367840048790,1.7821975793176332292,-0.13800867897906091142,-15.989097210806782812,0.65170111215242398917,-0.75411071099308923937,-0.066058279854759704985,0.047318068931658185949,-0.10953328472210256683,0.17524565546119144632,0.53993863230595284808
1751615368040353537,1.7588272829082056692,-0.10159435640728343986,-15.878244881557650459,0.6516472176128709215,-0.75419040418012994742,-0.065881700342334065246,0.04703551402949231186,-0.12346239622318810891,0.18865377659394305665,0.56680897376287253664
1751615368273179054,1.8071314656367145624,-0.17636968239066952435,-16.229302282455691397,0.65304267648262859236,-0.75349210751955497667,-0.061867042250119984315,0.044242238656810192743,-0.06242868804383677056,0.088771716649738402483,0.43717829847250677666
1751615368505525112,1.7945491958779253849,-0.16163499949343010376,-16.128988287681256253,0.65297393777961598715,-0.75360831341604328504,-0.061471940696753213373,0.043826328134853195784,-0.073044218411042013961,0.096439811625734561673,0.46239269602729204944
1751615368737810135,1.8148076292788291042,-0.1853663880507168682,-16.363431434766116723,0.65331811202557688034,-0.75339757951354147103,-0.060606332455440434237,0.043524753287907246013,-0.051461115061562187623,0.060025601048107321556,0.37009953042537468981
1751615368970031977,1.8036025315195616248,-0.17316467943353813785,-16.276458156537955801,0.65335674343492500249,-0.75352995389789256819,-0.059427417914776708985,0.042260577217213469992,-0.063124513112248564761,0.06651937939240494535,0.39124797287498586096
1751615369202303410,1.7876470635140235821,-0.15668515159656612457,-16.183235461659606358,0.65323501601584788023,-0.7537322180418559725,-0.05871237927248462718,0.041528470434663601607,-0.074345298112365038046,0.075012991144613794248,0.41155843319689527915
1751615369832837105,1.7872160862445567453,-0.15417832573467371571,-16.234811612259708369,0.65326422103181203127,-0.7537853236159728354,-0.057965388421133877406,0.041152851250550417928,-0.071102434588791618708,0.059096757915437156394,0.36151433915167036082
1751615370131593227,1.8154131149975416548,-0.17122097358733073813,-16.419787338559533652,0.65353488465981557365,-0.75365507382262642011,-0.056973055908801688296,0.040623332390456956542,-0.050989042147096597102,0.04011193169099027539,0.28049397248402879734
1751615370332038879,1.8068195308524930276,-0.1640714717567706149,-16.362794165818332459,0.65346342995264528053,-0.75376276291944099839,-0.056625753262761646667,0.040258750825126546347,-0.057904935811052105077,0.044599549143274436203,0.29207027640354032982
