#timestamp,x,y,z,qw,qx,qy,qz,vx,vy,vz,bgx,bgy,bgz,bax,bay,baz
1751615316539804697,0,0,0,0.66382639300482904066,-0.74787884994806741457,-0.0034272073988043838706,0,0,0,0,-0.0006781988340797038238,0.00046053857158819932593,0.0057818763122249785397,4.1010858233957170338e-05,-0.0089493135145808366815,-0.0010695753580969302732
1751615316753371000,0.00018193440285488920115,0.00013910335555334770916,4.6840056176874118627e-05,0.66381052751728586436,-0.74789291080574171744,-0.0034318388711334834804,-2.3874688881251895834e-06,0.0011316572865526577929,0.0010395231512608351168,0.00062607049543263930489,-0.0006781988340797038238,0.00046053857158819932593,0.0057818763122249785397,4.1010858233957170338e-05,-0.0089493135145808366815,-0.0010695753580969302732
1751615316970794439,0.0066038073933973118548,-0.012120875983321044086,0.00035587822055215418684,0.66378929724647695032,-0.74791167901870903023,-0.0034474978183656173475,6.3302733213692964935e-05,0.0395944136520072279,-0.075018247154656117481,0.00086051480478493004404,-0.0006789124569324620764,0.00046058358868788362847,0.0057815136684908671055,4.1005762389348718701e-05,-0.0089492735095726728967,-0.0010695603662676986777
1751615317186959505,0.0058841516681488233859,-0.010880853491732534258,0.00068190079472506487726,0.66380501132303926237,-0.74789809248591709867,-0.0033660800535771739743,0.00014036886800271390326,-0.0041589565673465500595,0.0073183684969357898353,0.0034092821979942820182,-0.0006907390180250038,0.00049992359116271469117,0.0057780649846558944371,4.1182981450601520955e-05,-0.0089475176754087726305,-0.0010698107310523089983
1751615317401767015,0.0042015527473070494666,-0.010692404871752225065,0.001031914589133679002,0.66376279202218457787,-0.74793551296457283506,-0.003373389400073049417,0.00021122805410014948132,-0.0090023344732705797011,0.0013311590999575892424,0.0015729460326653977101,-0.0006087167924984165316,0.0004634294468314513536,0.0057441379111183386158,3.9120816879070474659e-05,-0.0089806451412074855822,-0.0010731126931621491876
1751615317615556717,0.0041548270090985576705,-0.012373169181251171891,0.0012688852658919659751,0.66378864379453139666,-0.74791268443577230141,-0.0033470548071873862904,0.0002237266443473725152,-0.00062471240464469397768,-0.0083072751189481493228,0.00075558902423826751309,-0.00066955237442414589251,0.00035905947497937528139,0.005697346954899317438,2.0104131206608572257e-05,-0.0090077522966665688614,-0.0010683083845007188255
1751615317825954676,0.0049570278480024947479,-0.014084486615413024588,0.0014087481778170471425,0.66376654424744940819,-0.74793265345948833911,-0.0032622555551075674805,0.00027984914048221601248,0.0048646191731591586008,-0.0084330803089034799686,0.00052108788109471839214,-0.00067527487410291159309,0.00029576217505443652776,0.0057134921341312882442,-7.4323266269453249779e-06,-0.0089965031059415622589,-0.0010630107377971049609
1751615318032253981,0.0059880961762181295419,-0.015560403343625383785,0.0015828360592640363953,0.66375692831693344775,-0.747941480797284175,-0.0031904660752807099261,0.00031990664031988794245,0.0059484995041689039952,-0.0071818580549623976458,0.00098057724538886856767,-0.0006436850110590628055,0.00028257780577613321026,0.0057403412970254532113,-1.5034915815779627038e-06,-0.0089956505567677317453,-0.0010699002988776393653
1751615318535342216,0.0080305387731302545207,-0.016087333860570530303,0.0024591318150657555906,0.663733819868396413,-0.74796212475501311356,-0.0031569534239406179567,0.00033157194336646530824,0.0059773140491360321133,-3.5202486916931056971e-05,0.0024034150564128638553,-0.0005979373043901670343,0.00038087589961762776227,0.0058673882943496248263,3.7907393192312433694e-06,-0.0089661437514479899735,-0.001075205855253867377
1751615318764677763,0.0085438768926332491621,-0.015736424535170837058,0.0028784232342797763139,0.66382884818102461111,-0.74787785696873054775,-0.0031413667189082506749,0.00032123768794615499946,0.0028234365977306760676,0.0027077725298917079862,0.0021046990809612609388,-0.0006275556224949028648,0.00031927989398172675756,0.00600593146264781063,4.2378195421070513431e-05,-0.0092948602568697150095,-0.0010699368030014004636
1751615318990565777,0.0092644520576889658608,-0.014942322536021368853,0.0033720894770106596937,0.66390230805038885631,-0.74781297351722952893,-0.0030583340744319361011,0.00035860476438774987118,0.0044178554747638021025,0.0041971471226576028551,0.0026116379960038241075,-0.00065547415818179271662,0.00030813876934657663574,0.0060301736835897817857,4.8125657848530543589e-05,-0.0093100697122919327114,-0.0010645867927578198543
1751615319221622705,0.010311802244623687747,-0.013768498607113547477,0.0039004824682096527269,0.66395237369374182634,-0.74776856902994803811,-0.003049589688331556369,0.00033561895766723250003,0.0050447391722597146463,0.0064335356600602250018,0.0020260154222158711403,-0.00070670092819298915062,0.00029434756943876657243,0.0060663020462687075943,5.6392075881196587978e-05,-0.0093291928857313979884,-0.0010522984495953768922
1751615319426081896,0.011329624811108534449,-0.012580092162484672602,0.0043416766762134776161,0.66391542253669444396,-0.74780150738703321522,-0.0030065520014334154615,0.00042179695174087859701,0.0060163841618173412654,0.0067111527739905554174,0.0019744935421513263446,-0.00076489413618620165098,0.00028027444343051843975,0.0061159004833021592129,6.8141724969457916593e-05,-0.0093510880923259181996,-0.0010383320378450028396
1751615319630288124,0.012366860126713103904,-0.011385554378712851864,0.0046710479821327295299,0.66390394717592282614,-0.7478117900711725996,-0.0029849604816980499812,0.00040689765693004950652,0.0058027602592195344153,0.0063217723388224282555,0.0016765811587344664479,-0.00082126202317834803325,0.00026936212314882494604,0.0061665379203360458013,8.0404161754293022608e-05,-0.0093726768451507982277,-0.0010245417360441270299
1751615321983433247,0.015579903981310381025,-0.0073234097597142033473,0.0066782108550408328038,0.66396862031115477798,-0.74775485648895967383,-0.0028670923512222391306,0.00035443014733239859354,0.0024358404887684093065,0.00096693732431142945249,-0.00056636566017773722764,-0.0010378497035000878047,0.00027168679516702569018,0.0063965675575797355593,0.0001114068210011529773,-0.009458610988752063839,-0.00099120327128957301695
1751615326983789921,0.017011087184595718308,-0.0050979577455752779144,0.0059679608852206585123,0.6641184927898513557,-0.74762185341370623881,-0.0028616055423440404752,5.5195232718908138745e-05,-0.0028470866662304722405,-0.0078462201583115384618,-0.00050679126860529916977,-0.00094543062100248557913,0.0002662392844199825033,0.0064224603822716419196,0.00013641966214212138857,-0.0092636182045073046931,-0.00092863132085236059672
1751615330582705736,0.016773557083179849864,-0.007146798832834975676,0.0046908374225471819244,0.66438513546046606972,-0.74738471085409818873,-0.0029128714153536178558,-3.067302576830012109e-05,-0.0038521821036682883654,-0.0042248273530969548961,-0.00025652458689426858862,-0.00086607747304859295477,0.0002449619747808473233,0.0063812435860554159867,9.0217361046269087884e-05,-0.0090593491403929780198,-0.00099810558711547797857
1751615331587571383,0.015799253160007097063,-0.0090116960089379073012,0.0049124921635085331759,0.66440076175452533747,-0.74737258026373110109,-0.0023540717905428903793,-0.00055892391861468650356,-0.0043963511485107390278,-0.0071165089647445781834,0.00014675309786971256053,-0.00083922070980869186308,0.00034293129098643594264,0.0063785924925732319715,0.00031230899266559069638,-0.009118947544212193182,-0.00078785061704822760466
1751615331820255280,0.025507049265290661355,-0.0049641810101819765916,0.0070073305207145860155,0.65639755629659968239,-0.75238304434128167042,0.054956594434175283503,-0.0064633894975638242833,0.13523906601412519213,0.057262177004621668541,0.02399296664894662659,-0.00083484589333804022724,0.00034056370168640136449,0.0063762192812517708151,0.0001905272371691498661,-0.0093123273301343543334,-0.00091953372074766071172
1751615332052896738,0.082176738026606660492,-0.0074915961949308385037,0.0034515327810979304704,0.60841919877496131175,-0.70755276231853547753,0.35802842141595953018,0.031793341375846440044,0.27235754202962381143,-0.066807946275923346668,-0.081877611412315212669,-0.00083546842246842874767,0.00034108916562220880503,0.0063719094385796997207,0.00013846202553540636667,-0.0092648134767451817417,-0.00089584358782549954742
1751615332285558701,0.10589441816079067649,-0.01425229609010238499,-0.0078427945547147222272,0.58425667322118368663,-0.67485947060900475236,0.4356597206769424746,0.11579914725738080228,-0.10403014325630784154,0.024693988925802805995,0.059811343735310752712,-0.00084259347065031211382,0.00034466631045772336836,0.00635343743400932498,-7.9679450758073208563e-05,-0.0092549399011564205397,-0.0010054448419487206808
1751615332518384457,0.055813630544934642042,0.0050482248038574394078,0.015109423499690525367,0.61085648501268852151,-0.71314025183682883124,0.34233326235585753716,-0.033064685282683144163,-0.24028175205124022162,0.093732824327572780709,0.066756278869309168544,-0.00083483032776354812888,0.00034150885044719673893,0.0063694896247091237207,0.0002084630328066653022,-0.0091975935845928467882,-0.00089937142427106331506
1751615332751172066,0.026509717217210029827,0.015165317113468631399,0.02227270663351794272,0.6330158037931452597,-0.72188182228075892244,0.25412025923835418473,-0.11662127015840777211,0.001574378397399939537,0.047722193832550052761,0.025175290952063150013,-0.00083483032776353099848,0.00034150885044710528647,0.0063694896247091887728,0.00020846303280715929181,-0.0091975935845919256501,-0.00089937142426943798759
1751615332983923435,0.0098427828233678994752,0.025255601884307053717,0.02577476199117132577,0.6406310996919373224,-0.72849728068929153757,0.17728747704669656216,-0.1656884323609311982,-0.067031665196737810763,0.042631602810596712361,0.053819648136731179644,-0.00081119841704028680662,0.00033899361617561156327,0.0063564393205328808059,0.0010784712112049863429,-0.0086117202021928542649,-0.00091272165645436798779
1751615333216636419,0.016641980220952409808,0.029007994817631076179,0.032696646815747201775,0.64927707782568810924,-0.73671006223884794029,0.1399148919307152128,-0.1269700099322023934,0.026995262443058172519,0.02075609316820522729,0.029704366846241021111,-0.00081160494203004907715,0.00033966869262545254429,0.0063884462069522989294,0.0012961498106531851165,-0.0086026755661891985555,-0.00033350540166685396521
1751615333449464083,0.024312507488518028675,0.035237440953179516301,0.039605085680980492424,0.6497907237524813695,-0.73689371774564083051,0.13763194464090056091,-0.12576609991009915501,0.032851885788930369758,0.030395228104440712852,0.02949171446502180105,-0.00084034623644031259445,0.00034117479129181540716,0.0064225040232124596187,0.0010429819567359848234,-0.0088594098795361751753,0.00029802511775058060112
1751615333682260036,0.027120791989438952641,0.043869299586055010565,0.045822654769987314349,0.65042978893595182477,-0.73815106286283960202,0.13169308409048682829,-0.12137145324139327063,0.0082341635655325540188,0.042423228716576763531,0.026941962764943004627,-0.00084175031272199505109,0.00034174199544233138095,0.0065407923008212118243,0.00082973634048909229634,-0.010503310231933748325,0.0014442775557075436706
1751615333915020466,0.025953834927057228138,0.048171364871830518739,0.052140160215420713885,0.66515862882566267889,-0.7465656319266534835,-0.01204879395290699845,0.0076539067801818221753,-0.02007120378638469968,-0.0082344902860882977086,0.026882960619653815254,-0.0008571618975928362678,0.00033886406150719942595,0.0065085984740076560304,0.00042821777184906154945,-0.010438394259399248754,0.0010366022406970245608
1751615334147743464,0.025966062446611298115,0.052771082499572519176,0.05698787028316978226,0.65199426594040943428,-0.7235400762264730945,-0.17022352673160479064,0.14972369960052647753,0.012598251161104509488,0.03736186569834525073,0.020534593414831388281,-0.00081736673235712896824,0.00033707854338540501823,0.0064745241256607358876,-0.00022974282570783821416,-0.012605742289768746833,2.180986263928055835e-05
1751615334380507469,0.034281734446002222472,0.053885267884550724915,0.061172263653638508929,0.64326705731436084612,-0.71214827486164888892,-0.21058596691945943857,0.18629513714075721098,0.049768857954766640428,-0.0045974097436894505175,0.017279807999189298467,-0.00092250771870088887731,0.00034682298007128643672,0.0064613246072978943249,-0.00081688942101501289643,-0.013061682057836757759,-0.00053488956335883438946
1751615334613270044,0.040120616048389234898,0.051889273670916474801,0.064013019070950513689,0.64376710496487110635,-0.71344807455248104855,-0.2069926494375461945,0.18360229454265519777,0.027426532319062085774,-0.017099043512800529004,0.011058531401819424872,-0.00095404985539845866237,0.00034343600573300095717,0.0065890905447837664136,-0.0013721174886584222748,-0.01377334930576397734,-0.0029279457354947071787
1751615334845994473,0.041806053272189329373,0.048957927136778434107,0.06484982556845945989,0.64422883902956795676,-0.71408387828526609376,-0.20493718260369528372,0.18180805516297773861,0.0079613207592868148743,-0.01907743637001379014,0.0028675044849275771464,-0.00093803171287956633659,0.00032624695955028675497,0.0066709949432900723237,-0.0012381051011770669197,-0.015636648759582198742,-0.0044820411143355835121
1751615335078678846,0.045188691236421177355,0.04468961286777925479,0.065011752288385876719,0.64777215920635689006,-0.71916499371967268495,-0.18796136530075172044,0.16692353554724118081,0.019449005345073794304,-0.00087216275155121069859,-0.00011843529240261260749,-0.00089258628658680529405,0.00026847319001765035298,0.0066327810824214697427,-0.0043816403371834729968,-0.016021760482770749934,-0.001596706361253027312
1751615335311801195,0.051654363499843057583,0.047193640605949431499,0.064253300797976350967,0.6646214694585040883,-0.74574026146087657452,-0.035571634725951775668,0.029739259809245143645,0.044949300813251054365,-0.0049350350999545263692,-0.0040498125021122891032,-0.00090722905498854828493,0.00031206376968580154096,0.0066487507127948666796,-0.0034380529215654346761,-0.016646073725908577118,-0.0020485245045961802957
1751615335512285709,0.061699074710458018389,0.043864597382084216659,0.063122231926684368997,0.6576752486496990624,-0.74403538826202919587,0.086366871719547017028,-0.080096016110055109904,0.040457377477444600444,-0.030010379319899208039,-0.0059113558965978819579,-0.00091538931542757225913,0.00031243899254533878456,0.006620475199185197647,-0.0027133884450648371525,-0.017077130610897887225,-0.0012109237160256099315
1751615335712811470,0.065826398889106976786,0.036831245570474145656,0.061769493813722181619,0.65180327725010267503,-0.7394651235973432879,0.12370247626536771957,-0.11419945759504147864,0.0086497221722323588966,-0.03810299257173540427,-0.0071313002641757760117,-0.00090342647872030984631,0.00031193333944755071221,0.0066772542005778690727,-0.002819016893982581682,-0.016940437951941961919,-0.0023315251638130773428
1751615335913378954,0.067258576858821209066,0.029776202609798147619,0.0602082211903620379,0.65192329070099375166,-0.73971815265432050435,0.12253544915309694252,-0.11312887065691697164,0.0055260949419813371747,-0.034152103812457708376,-0.0082085883751482433685,-0.00088213180826730733328,0.00030913394077831875565,0.0066807702095918663696,-0.0030646944299050882764,-0.016863683964765046469,-0.0024849240927554056869
1751615336314205408,0.068366263381677949695,0.024450370317081693283,0.058494254673345805196,0.65208758970662594745,-0.74002599404860514021,0.12117868790636515675,-0.11162002096515614979,3.9758993991482148838e-05,-0.0097379675484210760639,-0.0057635518733853636011,-0.0007750116284906637381,0.00019239855330419877374,0.0066604991058653202629,-0.005032117924304710041,-0.014301620516262323821,-0.00307584243229899355
1751615336547168493,0.072218575564284986923,0.022758436418650912492,0.057810476070929261994,0.65274299358595011533,-0.74199186663157068455,0.12168201570164735581,-0.092564254611737492584,0.028773926250413108668,-0.01130105845508246748,-0.0012771833023944724039,-0.00074855329876283933834,0.00023354732793365250132,0.0067156712710111617429,-0.0091470228485247828676,-0.014177005093880026484,-0.0022291867206808602293
1751615336780104637,0.070560746890447473278,0.022221611658356826141,0.055206693606570045318,0.65251308162055421391,-0.73849596593089983365,0.12576583941086005858,-0.11416365557877548864,0.02336831154759941645,0.0072672773800122941398,-0.0061072961391458987016,-0.00075618868066685835782,0.00023318922569012014981,0.0066688074700821768637,-0.0065472626705056422014,-0.014528487569035906588,-0.0023918596163410590048
1751615337013012171,0.070117926732055815831,0.023955821163968517989,0.053290431127908217956,0.65291776053716210626,-0.74099177738276900129,0.11490588204903816327,-0.10689350820693714617,-0.0064666177008966905376,0.014633336448613901495,-0.0074471459166227226695,-0.00076574164554853499636,0.00023158904072384916,0.0066401737633200903776,-0.0071687411508105456509,-0.013963134724669699557,-0.0039006312833683508094
1751615337245904446,0.061244731161511606343,0.03091779328734770016,0.051911598173136411227,0.64551183179785964761,-0.74866926884387430263,0.10381629728501412524,-0.10968581182528433504,0.011645166227277539001,-0.2223982945677430989,-0.0087800460592801117532,-0.00073980436027446699106,0.00023566416335984411053,0.0066265650018054525483,-0.0071924015643482800894,-0.013203419901178186854,-0.0043955211703647712254
1751615337478868008,0.047432751055772881532,0.037986487539364989507,0.055813471777105820582,0.7060698639776930019,-0.70225466641321998562,0.036134871672410501242,-0.083654059869138430727,-0.10022504355948388954,0.2357083841182184003,0.086925274782797018469,-0.00068584931343442206552,0.00023915538410618333897,0.0066542574680083640612,-0.0063811723300566019004,-0.013045726405737123263,-0.0030942321518798903204
1751615337711803675,0.015184183656697089471,0.12109151119321565071,0.077972773370157177908,0.69020258879745366443,-0.71257326795655040463,0.034101272007747859827,-0.12123047248303685242,-0.21186835598507905432,0.44817911751690381328,0.046222948323636020573,-0.0006988027383056104368,0.00023919795440599829072,0.0066748941344519909999,-0.0063710937817497027141,-0.013390308674482728421,-0.0025285466865419747515
1751615337944709778,-0.020224165533459487198,0.21002071520450893427,0.076388453421150984135,0.65428883218180522441,-0.73408161535197913317,0.014931880345875187671,-0.18112797970972380202,-0.050376648393437674367,0.26059867115821366834,-0.042751868304208066884,-0.00066601981644344931347,0.00024096083379941430225,0.0066370076043049284695,-0.0064375371855247042266,-0.01260187019659394364,-0.0034059839628531427165
1751615338177588463,-0.013236128055866491771,0.2308534354263802324,0.059446435076334402936,0.65808247460465629786,-0.73020684340429664605,0.03453009294854275657,-0.18036932983381787077,0.045319576385277671182,-0.014315656520016780892,-0.052810917555175834748,-0.00070085235039481642415,0.00023487201809287887658,0.0066898559480153916429,-0.0073216263136349230695,-0.011293404661074892686,-0.0027703662278750519621
1751615338410535812,-0.01027792031378090519,0.2324116000693567663,0.058349429237000295656,0.65794308633822951027,-0.73266614803172203096,0.036494324346625243993,-0.1702332956814185394,-0.0094208523980680962395,0.037008231127471931388,0.0052319468719331310713,-0.00078074649940454671042,0.00021998836080103109604,0.0066604139088545476211,-0.010018665016611300392,-0.0091538139856302720709,-0.0031664270283837071471
1751615338643474579,-0.0070330392933701845262,0.21810303217939397413,0.056109888507499053323,0.65879133043719162455,-0.73423516853580428343,0.025480943812579384677,-0.16199821520129187302,0.072388899178706681004,-0.19861464520203486739,-0.023308104527394082894,-0.00084413476228974658987,0.00021527401391859427656,0.0066925370067607917179,-0.013437036435922769528,-0.0057194446314484609709,-0.0031710367003803330635
1751615338876383305,0.022172582369201554453,0.15209456066223020487,0.056185199403701223397,0.71395140651286970179,-0.69354496218524275264,0.017177617692651008657,-0.094729636419443472017,0.1548015351935810302,-0.33068619298497098358,-0.00078009864843392017625,-0.00084386639695882060576,0.00023033985199221419728,0.0066775552491749878836,-0.014860885606349991811,-0.0047679463001769773617,-0.0035089871259452024878
1751615339109263897,0.065850633274225467417,0.07974902963415771151,0.037972324365006360214,0.84520049125208296381,-0.52468177933725268502,0.098623620288044999693,0.024870495371013785074,0.12352134807919540327,-0.22677857921591543233,-0.17421160146659683821,-0.00085548388329166559409,0.00022923717540799398457,0.0066403182315861210283,-0.015291627873012568831,-0.0043450798869543744846,-0.0032811993938987385477
1751615339342465401,0.07206392249642511183,0.06704836292602421588,0.015796353114439908027,0.88528571256384447352,-0.45689025604950234127,0.076856099427949367553,0.040170151083300756345,-0.0062215031490498139133,0.030501552365393778954,-0.036687043114649438291,-0.00085444354429021693309,0.00022745682114268871523,0.0066321905781000006427,-0.01526383109295653337,-0.0043809194778941214568,-0.0031379278320590193313
1751615339544003963,0.06964866972156776026,0.074130485840791141006,0.010522521531439493064,0.89006247574249408583,-0.44777534059439083602,0.074411030513539852538,0.041821431929333484356,-0.030063509011791170883,0.052803106674235766871,0.0010520494263296449773,-0.00092652442699422314989,0.00021184214817310237757,0.0066049371647568730359,-0.014873451594042354576,-0.0035299954364450747066,-0.0035538134008978299744
1751615339745590687,0.054165498397273005582,0.096996147628782378169,0.023957584396990479203,0.84654321160264900392,-0.52968517081938504276,0.052520745943386119847,-0.0063072933219348653253,-0.12538182077183759877,0.18584443765152677819,0.10858875406953841236,-0.00091536511601167554197,0.00020621747995105662102,0.0066297060235739934189,-0.01506284891558128114,-0.0032390237879569286003,-0.0055057828142827868953
1751615339947225571,0.020758239106488718395,0.14813164259074607099,0.042464208920619347931,0.71373596182752463424,-0.69108154811591682165,-0.00034646075171659932715,-0.1139611802886449643,-0.20824537990719488301,0.32801479876942563063,0.054934028345353935752,-0.00089128886893692486383,0.00021700637124809872558,0.00665746215507502688,-0.015649737945875114714,-0.0037179425771135758,-0.0044992145284658852794
1751615340148908854,-0.021695840226184877342,0.20837651159939368783,0.03285874262846451288,0.53591857719892643797,-0.79840112292719889187,-0.079406056943915753754,-0.26275768997742954269,-0.17588288632155835156,0.23672785895084053065,-0.13087122388531530204,-0.00088674964090919414141,0.0002204185465049824386,0.0066712429262876836791,-0.015464998287815036326,-0.0037347705972816391817,-0.0049529050324495591667
1751615340350464106,-0.041332727040213478042,0.23899576170742561909,0.010780058801528491497,-0.43600208061027045936,0.82511704442057320907,0.12081870818513128218,0.33835911168849852615,-0.0090648073686406573091,0.064769206819168256839,-0.053716036467185618308,-0.00088437621752115406094,0.00022096714273282355343,0.0066755361925345318638,-0.015577019263386638129,-0.0035722496346204616474,-0.0051876437295717428913
1751615340552116871,-0.037121426319779222969,0.24473154997395582533,0.0042553049387345906127,-0.4335895252560550972,0.83039367985136924855,0.11819769659097173475,0.32935659181455501088,0.011117904392077252243,0.0065298437619742671217,-0.040364127882040946871,-0.00085002897951882690295,0.00020709412628711323305,0.0066902707065699708322,-0.018404285595050598467,-0.00027738074793095743309,-0.0086842811379934208016
1751615340754976988,-0.042019385536736418574,0.2312093927457318232,0.012159761510408529511,0.51640790794774638073,-0.78341475921691783313,-0.097308581417151582271,-0.33183614575977082861,-0.074028629119055611163,-0.20331810619195275769,0.10537455843660556432,-0.00093208225473765304783,0.00015155849837372069788,0.0066946629259975239806,-0.027153123781440940965,0.013068410398791087748,-0.021560406081473332263
1751615340957978725,-0.042775301554514297275,0.1664148473578509202,0.030200830898396275465,0.69146746748203269384,-0.65795895672428084122,-0.2733332362319619846,-0.11938046176502099815,0.1569247516972744616,-0.1930535676417012847,0.090657944902872947268,-0.00095544186278637632196,0.00019598273259499587873,0.0066975520392673704509,-0.022783884585498740544,0.010255576273277692764,-0.018606618348213331549
1751615341161122561,0.0012136155045540386599,0.16322755422726292762,0.043962661503753192038,0.72190919283140297935,-0.60566418470004468322,-0.31493364090517855791,0.11329084033290988398,0.20596083195814043898,0.10214947622311143505,0.021946603019130539458,-0.00091765557888600626443,0.00019134356262760028513,0.0067035158141224310963,-0.022915796093269782951,0.008637777170484596187,-0.015216970602066920426
1751615341364408016,0.019273547158800110463,0.17222663205837732137,0.037844150744925836305,0.67543792722919371307,-0.57610753505351974812,-0.4013703983075939119,0.22535642408699335659,0.078006053956202914268,0.0040079812227681761716,-0.061389211651639394307,-0.00089475839271685800314,0.00020582006566104602235,0.0067721099062171639243,-0.029964854886301552084,0.010480297173812682526,-0.014794819043200312103
1751615341566087961,0.032143198304198511428,0.17997522443660210478,0.027116022689714625732,0.6852049244579219156,-0.54313479258068231292,-0.40547509734686315586,0.26662474382264034212,0.016934282445441685427,0.058006623845461235955,-0.036469212601189932021,-0.00089819371598828942008,0.00018109806210542074762,0.0066983760646324502427,-0.02498870878760673514,0.010793384902416474497,-0.015398049845730961416
1751615341767614365,0.025771792267115449515,0.18814396890887666314,0.016479857201959657864,0.70220076610830883812,-0.5536595360498381968,-0.36706650234199761362,0.25619794120245698021,-0.059279575717329703599,0.019380853323146662176,-0.088394271534716586936,-0.00096921609238809561249,0.00016754151307132761177,0.0067477611670669042712,-0.028192004444828135806,0.011922925665112969057,-0.015534305317632092491
1751615341969186306,0.011464185063648962837,0.19803295249706961978,-0.0079237568666495478142,0.76941094730506953692,-0.61851143907095906815,-0.11853038791636821836,0.10677518928039284041,-0.079652871650216755528,0.11096293121828182393,-0.14428452513157430381,-0.00090937771133284457398,0.00021211633330652448375,0.0067821762343086393343,-0.027678546045874552473,0.011509449396766485707,-0.015792429104195954137
1751615342170804262,0.011834045359567035502,0.24817271056790857209,-0.045057857896568728751,0.62363183861436910504,-0.72217102869012195221,0.21316034472183928439,-0.21003571749859695217,0.10264317119928507982,0.28731100931856873304,-0.21766464642622723735,-0.00090937771133525876696,0.00021211633331474479621,0.0067821762343086558142,-0.027678546045880141752,0.0115094493967737143,-0.015792429104267875772
1751615342372467756,0.025256804958057779698,0.26862714010203792014,-0.093488140138120262579,0.53234162377952887191,-0.76124280539917965616,0.32619960475607695516,-0.17525867931916186415,-0.081221976307625620706,-0.047408989573168060228,-0.21979071570076041953,-0.00090937771133578373765,0.00021211633331556946748,0.0067821762343078231469,-0.027678546045846536688,0.011509449396786717787,-0.015792429104247295013
1751615342573942184,-0.0164194727839262547,0.26146182709967419333,-0.11619101487068762835,0.63645966704896828059,-0.71012223352705250434,0.21637173118084035428,-0.20935324123653287209,-0.10626470144944134832,0.019065804588789033586,-0.064287421047313594857,-0.00090937771133462158134,0.00021211633331334311253,0.0067821762343088683178,-0.027678546045868966663,0.011509449396777993863,-0.015792429104259379097
1751615342806481361,-0.02791114325365570345,0.27655146314777756533,-0.13165953504410043973,0.63904027827756004765,-0.73041246206079313286,0.17836587821933919118,-0.16220595393585895971,-0.035615133742891942614,0.076258222112339665855,-0.062120722284016126336,-0.00091771377249736177384,0.00019917369671413457147,0.0067444905433218229826,-0.027118106817525571006,0.01167426884631912222,-0.015229097653636928036
1751615343038967609,-0.032584193377780415468,0.29505223821423171016,-0.14501439072103736172,0.63801054004405688413,-0.73110075209061442525,0.17900766526108360943,-0.16245152157789241598,-0.01710126376944075266,0.08764557110292570119,-0.055469027910692643435,-0.00096539364308397023536,0.00015604559704430543462,0.006712621407324401851,-0.027450403537059051701,0.012688016848605642231,-0.014532826496589185128
1751615343271402836,-0.035296182005917831059,0.31229001721454757723,-0.15621967282726184623,0.63802886934242164507,-0.73106754606641477512,0.17900147819488254619,-0.16253576768845434675,-0.0082469600763845525571,0.080988603559113317432,-0.045622342270823318389,-0.0010462663522243171102,0.00012286172322076475776,0.0067076913055995474044,-0.028981055972025319967,0.013864133202828379798,-0.013818971367565864236
1751615343570207119,-0.041508198315818506385,0.33995098292175984778,-0.16911650028898439491,0.64043140998655523344,-0.73209776576183771546,0.17157911543632300977,-0.15633642446727838426,-0.036283613725482943835,0.067330948729996814572,-0.038920007229259069581,-0.0010218069492342572724,0.00015485427549661345587,0.0067477897136438815331,-0.029112316485337533245,0.013678082098153236668,-0.014151620984372854234
1751615343802794933,-0.056135693987245133263,0.35301851910306769611,-0.17680761807422082366,0.6634212722538037621,-0.74815590607250281874,0.0081612481571609850339,-0.0082673912731599293741,-0.049962845736642315375,0.070764735812834989037,-0.031201299492573310312,-0.0010026527293602600487,0.00016401563562021343932,0.006750529013411848793,-0.029022370553957409917,0.014453764680565601292,-0.013986910938536245216
1751615344035331488,-0.05788009724839771053,0.37428727919145898806,-0.18205205232660506831,0.66355393700494391673,-0.74703986805506539248,-0.029931534514387125867,0.027050165675881202715,0.0085897590048693486103,0.11320246223032551236,-0.019223920815150417896,-0.0010659007466552778039,0.0001403458775244441402,0.0067047895170620009156,-0.030019781754152402575,0.016058321299322407538,-0.013298557136268323794
1751615344267819166,-0.057157588176676502045,0.39042557754702045258,-0.18361512904301183213,0.66338887154814851765,-0.74724212581932503152,-0.028888770599802143096,0.026642999836539633246,0.0060269466002957463105,0.071771756177323842163,-0.003214844361385934754,-0.0012130233560133925168,0.00011225445950269579407,0.0067329845922586952292,-0.031722764808690018246,0.018357403850369793247,-0.011622881879184570469
1751615344500255823,-0.05544020593597826646,0.40231145077895641426,-0.18354533084612756344,0.66298677008691297985,-0.74809413907273247801,-0.019383147688694344485,0.020688048733375055677,0.017724226057610661944,0.053251528302334129317,0.0059023936390856547585,-0.0012882890797750827776,8.9978477087779111521e-05,0.0067391285326757650875,-0.032239230117802469833,0.018315257628402505097,-0.011281879263668076821
1751615344732814789,-0.051901505703543591996,0.41004228986162633008,-0.1816705066400708668,0.66071036275212480238,-0.75023556747171871173,-0.0078155378677856393588,0.023395025542753061093,0.0138962023678112917,0.02843357545172608622,0.010692257942646441957,-0.0013330745982997461822,3.2023489617318105793e-05,0.0067953428668275760866,-0.031372026000830610659,0.018291920759501988786,-0.011994410677344528177
1751615344965368986,-0.051045871506856417554,0.41394395555826435373,-0.17964798402540457789,0.65992631341712404414,-0.75094869036619171787,-0.0033427058275405149151,0.023709736706667736833,0.0012903954021598745827,0.013967540231912840137,0.011340770967318721668,-0.0013289536098341999705,-7.2255134975609565514e-05,0.0068919351789890901175,-0.030677484650367216334,0.016521808863780008264,-0.016584620519216858314
1751615345197875023,-0.051912469512482115053,0.42051727136509386984,-0.17767999137862522385,0.66014410036892079425,-0.74946281580693330238,0.03569250358102449977,-0.035232082807173548122,0.015782585380106874812,0.027997087884977255035,0.014485604197455148601,-0.001310746540522237432,-4.1255388392378463639e-05,0.0068668677295970420929,-0.032084122580592337737,0.016078846452461437178,-0.016455276160872573527
1751615345430330753,-0.045371887447862975506,0.42491437482596267072,-0.17408369342826110482,0.65509423497037977402,-0.74350616958006776613,0.099274827790860845078,-0.090524182802182731611,0.010329783647361558824,0.011772519326639903012,0.018843117138755579448,-0.0013097441422248174824,-5.2052654690812863089e-05,0.0068833314269237839966,-0.032204633188509038111,0.015391549316161892702,-0.016686189930424401295
1751615345662852526,-0.043855761614310019569,0.42676715789802627254,-0.16928580219357627912,0.65381739081423140281,-0.74282356646533287403,0.10640063522584555789,-0.097030270514354616251,0.027773067633924980457,0.0033291829757925916686,0.022495907000404314485,-0.0013280550007421056732,-5.958988468057216869e-05,0.0069192591441118228221,-0.0319203377162407681,0.014944258797171450573,-0.01619800724106275
1751615345895436525,-0.019524172401926619819,0.42232090878391864708,-0.16399454027297569181,0.65917698391165591154,-0.74661716678858325302,0.066948566250964167135,-0.059719340373284801604,0.08879886767068342901,-0.023446262710013883457,0.025595726464728355692,-0.001340092761892186686,-4.4328956751262782432e-05,0.0069317400127923926162,-0.032079786742851411352,0.014627196695134311519,-0.016135345074976228941
1751615346127972841,-0.0043729431310233022462,0.41696519847320812069,-0.15844862724127417586,0.66039633327111002536,-0.74719749046204841925,0.055512507060816562721,-0.049909466126885015935,0.025935343697370868976,-0.010272624350221318257,0.027507819617255270528,-0.0013513139512196946281,-3.10412438969947396e-05,0.0069099773689393038933,-0.034005898628958308727,0.012160168608973053253,-0.017433027873813653624
1751615346360459328,-0.0034793698982579991837,0.41759471658662272731,-0.15393239222156401835,0.66027191908334981196,-0.74713544542547682958,0.05649308378462112451,-0.051362929660654060848,-0.0033659557524363774295,0.003543992073436570342,0.021211805435024003175,-0.001307681897243660003,-6.5920632433852512999e-05,0.0069824480777734591538,-0.036295002542430697401,0.0075043281921265518608,-0.018761449100413808699
1751615346593172073,-0.003501324669655907218,0.41534004665743567974,-0.14773076107341462371,0.66125848896120675846,-0.74669127063399598487,0.052927329605111005095,-0.048867728784525769903,-0.015861922375224071086,-0.035720083055227558333,0.029443900388225193593,-0.0012958958288794002623,-4.6513308392630070337e-05,0.0069243345002426457888,-0.035197243851477849619,0.0089459468197185480071,-0.019327501647477290936
1751615346793499708,-0.010706051121598092121,0.40241508885942611773,-0.14136027210455029413,0.66437374088390632743,-0.74493325986594693955,0.043875349268328159291,-0.041915683174139919953,-0.045783708618468740847,-0.0719675779161043222,0.032207351973348050111,-0.0013269036076287228816,-4.5382791143238059451e-05,0.0069453864273395218495,-0.034639167452792885005,0.0091168628198433250553,-0.019040392632328009132
1751615346993862629,-0.020021357218603652584,0.39102522994188998462,-0.13471271651621724574,0.66353891253608099365,-0.74736578244332985133,0.025068403948014648941,-0.023066727265866279056,-0.047071794717109191608,-0.060705521979162839485,0.034008522480445516067,-0.0013334150889432988107,-4.8876258035709760515e-05,0.0069590064708844531771,-0.034825487774579368117,0.008718015024496974727,-0.019031259196870976141
1751615347194260597,-0.029454905302867404743,0.37987700469066043585,-0.12775499296042089337,0.66379098151575954834,-0.7475924393156130332,0.016233842983987663983,-0.014951250061472246694,-0.045876259879950885556,-0.044236487639977076225,0.034967089567174057529,-0.0013433458387376447877,-3.8985471748038114906e-05,0.0069339658825629769609,-0.035412826276324908814,0.0079929762881939259156,-0.019267663023970562491
1751615347394693375,-0.032689600609849975288,0.3720429493361171458,-0.1226277355058684182,0.66351009433323882014,-0.74761621856584525858,0.021087088689972128402,-0.019485357213464633147,0.0034283082151692640532,-0.022792643656496601456,0.025855242574554584967,-0.001335439505774251804,-3.4612292431146301185e-06,0.0068767508519891494198,-0.037727616343975083069,0.0040521684816615458069,-0.020496285065419100196
1751615347594926596,-0.030664498152868691766,0.36976983284189413048,-0.11849248582029389687,0.66249711491734020186,-0.74806035014875271738,0.028525640751049217286,-0.02625972355565124941,0.011885199038639054567,-0.010201932460967911773,0.02202409855369687891,-0.0013189944435662277842,-2.7872990651740768282e-05,0.0069082363333765996541,-0.039076211807194505266,0.0021462994330478848276,-0.020311953295515675078
1751615347827711821,-0.025823628629925671901,0.37122847423438648518,-0.11489102372682420683,0.65995886397675795898,-0.74880564123603499116,0.04984019489404884623,-0.035501612420707533146,0.038546621907058854772,0.0055577012547357515504,0.01999303846727389089,-0.0012753525649731377138,-2.3740278790602677367e-06,0.0068697444213885357212,-0.040794805547468282469,-0.00078900165236043141165,-0.020720998321999185149
1751615348060460091,-0.01722297783504362495,0.37276531451894634461,-0.1113096426907395492,0.65545908451873857725,-0.75088037051261913302,0.075368409733816518759,-0.029523897351666092415,0.033169675390439308516,0.0029001959498210789362,0.015354885060351939133,-0.0012802038699134459052,-2.6552632246687681461e-05,0.0068675807114918878404,-0.040573638821250035402,-0.0020554168663438291548,-0.020591074604460905817
1751615348293169260,-0.0098963007820408455117,0.37496040579077882793,-0.10882226839994008083,0.65129232851213447741,-0.75218483777673195156,0.097823703720316526611,-0.021605453719327507439,0.040568917326353690078,0.0089601345181864501532,0.013233607749334297399,-0.0012650228311717941296,-3.7508521849679782117e-05,0.0068955439866040394228,-0.041120668825917403022,-0.0031836002883954290371,-0.021920859427934757946
1751615348525840998,0.0081707092696188532432,0.37542587642106628465,-0.10584653412696230779,0.64003105531289006258,-0.7547527607487954926,0.14325103869216807007,0.013698842677199217846,0.14159473748178649788,0.0018459770997039512061,0.012133771264861334047,-0.0012939376760985200464,-1.0966079627420017195e-05,0.0068872895211360791665,-0.040972278786817174778,-0.0039841935953064252715,-0.022006757378026042815
1751615348758636951,0.089220483024519542381,0.37364715011579308079,-0.12617748187041033514,0.56097051990241986186,-0.7198423916164972125,0.35703052076728475361,0.19916880848363630041,0.65023943925121419074,-0.082101845721634744701,-0.41822330371798921433,-0.0012829399137588672671,4.071040750317405564e-06,0.0068485128798913075601,-0.040817807731692634654,-0.0037827764648145547483,-0.02195043047810140216
1751615348991403580,0.25924639822304706982,0.32731862354051738384,-0.45581505901511598644,-0.43255897087233213805,0.64495852615054205526,-0.54082739948731295421,-0.32315160563939510086,0.6930745557415090019,-0.26803344100018000606,-2.0766304137610474001,-0.0012829399137578325046,4.0710407435282586149e-06,0.0068485128798917646598,-0.040817807731659994097,-0.0037827764648153670325,-0.02195043047815484899
1751615349257375956,0.44718655776769616894,0.26547742258149059635,-1.0512991652561209932,0.0051359311088190274033,0.71307840933904220737,-0.68545994390448894418,-0.14709680366533145479,0.72814724996303659132,-0.19724310633183467223,-2.6497696045253924524,-0.0012829399137575577677,4.0710407427147453024e-06,0.0068485128798918973661,-0.040817807731672234306,-0.0037827764648836153909,-0.021950430478250709809
1751615349490061045,0.58804164048978835311,0.16577666546784458612,-1.7039143874975986037,0.089514618761055847473,0.72843076617831403752,-0.67184811211917161433,-0.09997932863746267218,0.62855746730416106605,-0.50444017646046868109,-2.8359106434389986795,-0.0012829399137574181225,4.0710407385617436091e-06,0.0068485128798930422836,-0.0408178077319790375,-0.0037827764649125861403,-0.021950430478340117457
1751615349690332890,0.70876968575958243513,0.054914320725340540208,-2.274653934966290425,0.089465570601523505823,0.72859328675073764536,-0.67169243912402343266,-0.099884940818302847543,0.62771297260798031292,-0.56351508152038809474,-2.8618756867818957446,-0.0012829399137572266524,4.0710407364616897407e-06,0.0068485128798924958457,-0.040817807731745661681,-0.0037827764648810072341,-0.0219504304783031505
1751615349891950130,0.83024924331883442896,-0.068419210202227673245,-2.8546599484049601791,0.089588834980567189081,0.73057725315348653883,-0.66957311549075981816,-0.099511611551026266098,0.63118028596691433396,-0.62058029304624584555,-2.888710556767759563,-0.0012829399137579806066,4.071040745618049832e-06,0.006848512879892261658,-0.040817807731717871411,-0.003782776464848532777,-0.02195043047818264273
1751615350093615532,0.95245912282318145881,-0.20647783230445759806,-3.4404240103174630327,0.090304566063603847192,0.73683187972179886582,-0.66265716593346057905,-0.09904214663814213393,0.6610448696809281266,-0.74808630665117292757,-2.9113696622659910318,-0.0012829399137565707101,4.0710407339581635865e-06,0.0068485128798923223734,-0.04081780773174290694,-0.0037827764649024258649,-0.021950430478343555679
1751615350295329332,1.0825311838008786491,-0.3590756921163307247,-4.0220091225608163299,0.016851241620540496902,0.72241377432080533527,-0.67740074182749765441,-0.13770479039932034815,0.63961439912535622554,-0.73459652406098574495,-3.0069606280702925183,-0.0012829399137576980635,4.0710407372848389e-06,0.0068485128798920205315,-0.040817807731803212867,-0.0037827764648802990333,-0.021950430478286993285
1751615350497091055,1.1951237192241059848,-0.51733452361768605954,-4.5849635393659600169,-0.0008845183985371032117,0.72986390640160025978,-0.68127464697540585092,0.056238342328696941386,0.52248652833914721594,-0.77330974985775924324,-2.6330962877282924062,-0.0012829399137573693334,4.0710407416569459939e-06,0.006848512879891885223,-0.040817807731692933026,-0.0037827764649024701003,-0.021950430478271928947
1751615350698497295,1.2732930908621549193,-0.6877206928276037301,-5.1229900416058899992,-0.18658359606326785363,0.70636021388940783972,-0.63544445010280581343,0.24990430317958695072,0.30586879904437269673,-0.87147623684354358353,-2.738555847586678027,-0.0012829399137582865684,4.0710407460417119953e-06,0.006848512879891813232,-0.040817807731752309142,-0.0037827764648653344412,-0.021950430478198289935
1751615350899615049,1.3398950342405764324,-0.8751148438557962983,-5.703607394367534944,-0.31143726901606999524,0.65325010766557567443,-0.57523689202534067366,0.38127895608812067962,0.42106371708123097042,-0.90757592002506937146,-3.0096464064882315625,-0.001282939913757183718,4.0710407389498778224e-06,0.006848512879892424722,-0.040817807731729174869,-0.003782776464883691285,-0.021950430478277074137
1751615351101110697,1.4409454984946565848,-1.0662632267539973174,-6.3227027146234346944,-0.29551659150248033026,0.6362543298717292517,-0.54446640322075978702,0.45978985159522411941,0.62016937769676239167,-0.96525441367710296259,-3.1642691573637060642,-0.0012829399137577804629,4.0710407410701478261e-06,0.0068485128798923414553,-0.04081780773180024996,-0.0037827764648624478613,-0.021950430478244058879
1751615351302646399,1.544298523653649724,-1.294754567150964375,-6.9227737687044319514,-0.3830921215922820644,0.58497631939670835521,-0.53487589227608112186,0.47428990288717598478,0.47089744164237945512,-1.2202089713880233113,-2.9767997074296834725,-0.0012829399137561006,4.071040728534658212e-06,0.0068485128798918531307,-0.040817807731573396701,-0.0037827764648772684714,-0.021950430478341945856
1751615351504222631,1.6518068101778307089,-1.5292465888486050929,-7.5285429880195957608,-0.44349912588447903961,0.60057854273346800156,-0.49531859728066007786,0.44415473265026789162,0.53850576921207815584,-1.1361117697281000183,-3.0283085847034989513,-0.0012829399137577626819,4.0710407447251144753e-06,0.006848512879891710016,-0.040817807731644131786,-0.0037827764648885710622,-0.021950430478224848552
1751615351705839157,1.7619041941985917887,-1.7805439657933963549,-8.1354750645660800501,0.53499112663684189606,-0.59029991315522456485,0.4491974322553509702,-0.40441584267173558143,0.61267070462327155589,-1.2366922405773477234,-3.0002423088600127521,-0.0012829399137569937658,4.0710407409035144225e-06,0.0068485128798930119259,-0.040817807731863303689,-0.0037827764648876299747,-0.021950430478283950581
1751615351938825607,1.898808864619935699,-2.0685457551336101645,-8.8369059123106907805,0.55030613385639048918,-0.61007336393208422276,0.42291937454716205247,-0.38224710894024888086,0.61147885676987945303,-1.2543727065187399994,-3.0136104525183897707,-0.0012829399137580935805,4.0710407440425168811e-06,0.0068485128798920786447,-0.040817807731721132691,-0.0037827764648589415515,-0.021950430478206061496
1751615352171083927,2.0332761000050854072,-2.3722778680750669089,-9.5360648148752336084,0.55790488099582735693,-0.62006590142593587256,0.40880453419288209638,-0.37032320272045315956,0.57834872057295638736,-1.348504375567692648,-3.0173114190130640999,-0.0012829399137574428423,4.0710407397208760101e-06,0.0068485128798923457921,-0.040817807731744704114,-0.0037827764648634470621,-0.02195043047825277413
1751615352403277874,2.0803147011973579517,-2.3745105752868216342,-10.058154515280572028,0.55902364873137855295,-0.61812929324590515368,0.41036132266506991639,-0.37015175516383491683,0.15008230352078555381,-0.11692346858851743185,-2.207985831967042234,0.00038076954707813169716,-0.0014084902142445510087,0.0073340701105678706567,-0.0096661267766420498615,0.03496001327890297522,0.25636973738385820942
1751615352701715708,2.110161632436593937,-2.3955681479464852046,-10.723353874790229057,0.55762092214220859709,-0.62169714235741224684,0.40745045139521446353,-0.36950737480009226976,0.073481321791758466566,-0.11959014356224306752,-2.2130470590093378469,0.00035218132927256214602,-0.0010272608866376464407,0.0073563359718862861639,-0.014746037939125000021,0.03504232059866443233,0.25626958426686430315
1751615352933987856,2.1149509437767046727,-2.3931502317755222187,-11.236625536744439202,0.50866086605009397381,-0.66984764064603530276,0.39179618778124697398,-0.37291287040019660548,-0.050214364791188091652,-0.09296291765448240485,-2.2054711651538143613,0.00034872426853551496831,-0.0010406653953414677586,0.0073618511590312135304,-0.014689905062005475037,0.035051674851608774497,0.25620936196515031735
1751615353166258097,2.0841124027816069209,-2.4339723233217673837,-11.745515452029762216,0.61374335070582830554,-0.67843464089679128559,0.29631859726212844697,-0.27430061321870780056,-0.13829191391963999158,-0.36728083810138628662,-2.1798152827873407134,0.00034872426853379423104,-0.0010406653953639788315,0.0073618511590306436737,-0.014689905061878531442,0.035051674851655945098,0.25620936196497612336
1751615353398463726,2.0424721381449524316,-2.469625320385480105,-12.24976524954016277,0.65536567697711467506,-0.71166258860826292487,0.18463647174820907448,-0.17303630461848484856,-0.20849783939069363448,-0.22889155590962592668,-2.1591705845843862654,0.00034872426853251948034,-0.0010406653953755171278,0.0073618511590297910571,-0.014689905061829666016,0.035051674851675700129,0.25620936196504329185
1751615353630602598,1.9837806217327069724,-2.5144182171376225909,-12.750428305267774931,0.67550124385824428241,-0.73049151238034804035,0.070074850504863936407,-0.071900870738059743936,-0.24339408284560851148,-0.27871200558520914381,-2.1428366194445351844,0.00034872426853010100476,-0.0010406653953456967976,0.0073618511590300139691,-0.014689905061467816577,0.035051674851641782815,0.25620936196526972184
1751615353863414049,1.9211517468965850775,-2.5651955395540619875,-13.248783208938759159,0.67795192027688122582,-0.73306173419868303487,0.035842618858997463138,-0.041436630169088155273,-0.27002211443170098804,-0.2876957339291125737,-2.125158900185556643,0.00034872426853379152054,-0.0010406653952952562431,0.0073618511590311944484,-0.014689905061732080882,0.035051674851675429512,0.25620936196549309871
1751615354064773083,1.8632702655396786717,-2.614021819463570484,-13.676321869403327725,0.67507069866921276535,-0.73384863557147406166,0.058345383134661317481,-0.0483895457195877704,-0.29793169760337234742,-0.33666276437721154302,-2.1097841236106353868,0.00034872426853496533202,-0.0010406653952743317917,0.0073618511590367464309,-0.01468990506199130755,0.035051674851635822305,0.25620936196538818264
1751615354266165495,1.7954801509623967704,-2.6738101033352479341,-14.101814693609936668,0.67413659674944570455,-0.73380722902501749338,0.065717348292103849872,-0.052421652845807902021,-0.35938694251288355597,-0.3801959914589169709,-2.0991389765005661339,0.00034872426853501601847,-0.001040665395282796158,0.0073618511590309671996,-0.014689905061507722156,0.035051674851642337927,0.25620936196550531117
1751615354467591047,1.7163170056713348277,-2.7436294037910546884,-14.525426614535421166,0.67591857236497365768,-0.73202129416014738439,0.058326944716666252744,-0.062264564144857287298,-0.39895391588744205658,-0.42464709740133715909,-2.0831338719259626657,0.00034872426853411553436,-0.0010406653952843634807,0.0073618511590334678035,-0.014689905061650836843,0.035051674851643295494,0.25620936196550186947
1751615354669049740,1.6287703320585664724,-2.8306324397572977247,-14.945682885964794551,0.67895667728731479151,-0.73058113950108882761,-0.059105720512401635491,0.042137189926429112485,-0.43269455093689845881,-0.51398351810547959762,-2.0669078172178463326,0.00034872426853234237592,-0.0010406653952845497466,0.0073618511590292194657,-0.014689905061452027124,0.035051674851658290444,0.25620936196575944122
1751615354870368481,1.5410558153362279299,-2.919596375822517853,-15.362742251471969368,0.67062596831053022939,-0.7208331457785653873,-0.13640766611014237819,0.10978768237305029654,-0.43494729700490275537,-0.5116254720436406167,-2.0520892997364441612,0.00034872426853055815861,-0.0010406653952874319897,0.0073618511590309984247,-0.014689905061593318616,0.03505167485162356128,0.25620936196563781628
1751615355102400780,1.4371723295910745488,-3.0315331034423405043,-15.840185799541494305,0.67122444719989826645,-0.72142597526114549122,-0.13278749570620179687,0.10662919245540541935,-0.4521620476470184502,-0.56489991215190371587,-2.0356093861471054041,0.00034872426853190755663,-0.0010406653952863326087,0.0073618511590320245136,-0.014689905061621056845,0.035051674851622631468,0.25620936196551502562
1751615355334352016,1.3298108260083787435,-3.15411305245305984,-16.314016377428661286,0.67249148975315387045,-0.72368395045175715197,-0.12107315592906985058,0.09684021365846813556,-0.46703321110340417777,-0.59601535513524950272,-2.0198168211442673048,0.00034872426853190755663,-0.0010406653952863326087,0.0073618511590320245136,-0.014689905061621056845,0.035051674851622631468,0.25620936196551502562
1751615355566220284,1.2180322283040982967,-3.2887464064057079227,-16.784269515020262986,0.67360119412924335247,-0.72556591015865434802,-0.11039111497384773708,0.087346110491835493583,-0.48990866201462829332,-0.66184211395186443028,-2.0035155116366447636,0.00034872426853326958561,-0.0010406653952852876546,0.0073618511590316949161,-0.014689905061573188885,0.035051674851652676879,0.25620936196558208309
1751615355798007250,1.1014082766437094385,-3.4359802838069759545,-17.250967329528300809,0.67404232800322183561,-0.72640800062394228487,-0.10551320333466551737,0.08285723029103322923,-0.5131122777998173845,-0.71840725481803036079,-1.9867507374180748414,0.00034872426853257005837,-0.0010406653952836171159,0.0073618511590307217363,-0.014689905061570687414,0.035051674851633629615,0.25620936196546484354
1751615356030914545,1.0835225381441713211,-3.4478648362821417983,-17.537244879450920365,0.67396967808325991545,-0.7265294780040922884,-0.10556444832624990726,0.082316085092416141356,-0.084589847049220567854,-0.13016917681758810588,-1.1935129887432491813,0.0016444462893707245763,-0.0014065279550028145401,0.0074801114957395685445,-0.036046358217764279397,0.13330644857491799615,0.34903125482837277227
1751615356364158154,1.0564215643363874531,-3.4801047405508991339,-17.927177800614259695,0.67367552139675823675,-0.72697812782419146682,-0.10484326449924583069,0.081682209967038038601,-0.083906365285350600902,-0.1682197315039538621,-1.1330918187016001397,0.0016396421807374501455,-0.001270219427788717376,0.0075194704305445465159,-0.036094617471123628671,0.13348077141789019273,0.34989381728113366776
1751615356597456455,1.0385592407815453786,-3.5084646432115418335,-18.188297652790627268,0.6739613798931177735,-0.72717311425350583676,-0.10337984461322224927,0.079422465632127473012,-0.078173387900887666979,-0.19058265199181800842,-1.089512381340906888,0.0016406115303658436264,-0.0012705145789821388567,0.0075189312277433202614,-0.036206272827068924913,0.13346224982814341997,0.34996035872444736237
1751615356830776215,1.0247034184455801054,-3.5634822124131098064,-18.441082848816627404,0.75188939090047746117,-0.64433696813557328475,-0.11947782982382149086,0.072230627338210284805,-0.053625504944350158021,-0.31020741199377727115,-1.0689989260960384154,0.0016406439271358578928,-0.0012705622306047781485,0.0075187478728024354641,-0.036214270403533019294,0.13346440431097261747,0.34995130389050493891
1751615357031705856,1.0119871481605271502,-3.5925661747961346038,-18.652731833627846925,0.74857329418360529782,-0.64426221636927871739,-0.13147969071316548129,0.085307155174312282453,-0.072989620283260114864,-0.16167568934742898579,-1.0300126522685633113,0.0016406439271366576003,-0.0012705622306107705339,0.0075187478728020416818,-0.036214270403589654546,0.13346440431092648771,0.34995130389057799158
1751615357234197855,0.99961809662825595879,-3.6243305599673067974,-18.861793489349974351,0.73521683061679321547,-0.6602380675138423971,-0.12762094848944197101,0.085175111916292373104,-0.064525183281039136252,-0.21837445014770776042,-1.0117005888754369014,0.0016406439271364546377,-0.0012705622306114954315,0.0075187478728021952049,-0.036214270403605884618,0.13346440431091616263,0.34995130389049400321
1751615357436802387,0.9886064689587454879,-3.6658933674432381267,-19.06704662212257162,0.73253510041582192702,-0.66485109817203225102,-0.12201920602494083223,0.080477681870068901171,-0.060508894547762183402,-0.24469419606427172953,-0.98782873645039537269,0.0016406439271368039676,-0.0012705622306427198035,0.0075187478728047417789,-0.036214270404149193072,0.1334644043109207423,0.34995130389044243335
1751615357639519691,0.97792838134122306304,-3.7046911089095373448,-19.267135106245145693,0.71299784922025666312,-0.68679730896961965758,-0.11631891456920480377,0.080083915443310477178,-0.059380515142883845414,-0.2492182452032735418,-0.96353142319629614398,0.0016406439271319604029,-0.0012705622306281819534,0.0075187478728016808593,-0.036214270403483822536,0.13346440431090261791,0.34995130389076056776
1751615357842349529,0.96743346081462355812,-3.7471719314375651066,-19.462243549199055082,0.69287708580929241453,-0.70955996058473602695,-0.10454674206736093434,0.074269677651269558338,-0.057839062356606074644,-0.24114036313913456144,-0.93643681138742485004,0.0016406439271312669471,-0.0012705622306311249118,0.0075187478728028630734,-0.036214270403611380222,0.13346440431099887425,0.34995130388995171478
1751615358044230223,0.95706535082098453948,-3.7912278848479084026,-19.649948261685992179,0.67170367869032787667,-0.73069419209841046658,-0.097347434972669844022,0.073645383912953624184,-0.062953971044960088665,-0.31610564797081741606,-0.89422035720113557389,0.0016406439271333431943,-0.001270562230625167004,0.0075187478728022862778,-0.036214270403537904275,0.13346440431096548429,0.34995130389054085462
1751615358244358301,0.94597571240355893263,-3.8445633990853051998,-19.828333391673574226,0.67196633807323058463,-0.73048977572313822382,-0.097323591836004308409,0.073307888610042240551,-0.065580215117550078041,-0.30888360426990552066,-0.85789297924514673621,0.0016406439271307146546,-0.0012705622306346435815,0.0075187478728030244027,-0.036214270403559303824,0.13346440431100461965,0.34995130389010881133
1751615358444514513,0.93438593783063450537,-3.8977258787412538688,-19.999361412115192138,0.67152468801547993138,-0.73118975608772129871,-0.095715492348030242753,0.072489161276537941725,-0.06857129901087073709,-0.30870285396660640531,-0.82128714647212019972,0.0016406439271313111826,-0.0012705622306320835634,0.0075187478728028049602,-0.036214270403561329981,0.13346440431098402501,0.3499513038901648776
1751615358644698143,0.92135992864134896863,-3.9515813719478005694,-20.163115259627687692,0.67212790295450730582,-0.73193186535129250991,-0.089742668947654202771,0.066828735761016500039,-0.06794825860214499802,-0.29802258895528327409,-0.78380756175922172702,0.0016406439271342417811,-0.0012705622306365606678,0.0075187478728039073769,-0.036214270403981424495,0.13346440431094339085,0.3499513038902091755
1751615358844909668,0.90779800539557542471,-4.0057448004510067818,-20.319518403762415915,0.6725902054633532412,-0.73307212156318934948,-0.082261299028048670556,0.058828214181094601321,-0.081779839503298618064,-0.30239281034258558289,-0.74701153987822155322,0.0016406439271322930361,-0.0012705622306349525791,0.0075187478728035968614,-0.036214270403761905648,0.13346440431096801005,0.34995130389011813721
1751615359044980526,0.89260225569316686833,-4.0593450737148275564,-20.468281856139409314,0.67230368981824817354,-0.73384280375224386628,-0.079267327222091676919,0.056561284221538027372,-0.096196185266772218925,-0.30606559698010915582,-0.7102337935112209566,0.001640643927132158595,-0.0012705622306345158625,0.0075187478728033618064,-0.036214270403709655777,0.13346440431098155477,0.3499513038902086759
1751615359277392149,0.87249103155508467289,-4.121520247968399886,-20.631822648619255745,0.67234401641798835492,-0.73336640915574358157,-0.081633416270778774715,0.058849119422534762469,-0.10414689745892223571,-0.29294477463543588946,-0.66779123053425892831,0.0016406439271334678776,-0.0012705622306372300542,0.0075187478728039464082,-0.036214270403864198822,0.13346440431097808532,0.34995130389019002415
1751615359509743929,0.84983759721854579272,-4.1828953200999343665,-20.785343870216831164,0.67150978115639914368,-0.73228550554664029182,-0.091185012078001434488,0.067214922077071026507,-0.10604163417813294856,-0.29573888130799835805,-0.62403709387577854795,0.001640643927132574495,-0.0012705622306371426675,0.0075187478728037928852,-0.036214270403788287322,0.1334644043109891598,0.34995130389017653494
1751615359742037773,0.82615850650674516054,-4.2437818689054216392,-20.928727610541731252,0.6712654095482727401,-0.73213716935079919956,-0.09283423610621352462,0.068990722604340123936,-0.11556999604479735455,-0.28675898092834578579,-0.58158937615054806525,0.0016406439271311628637,-0.0012705622306347253304,0.0075187478728031059347,-0.036214270403574215507,0.13346440431100714541,0.34995130389014733607
1751615359974272013,0.80070918227580645254,-4.3031562488283352508,-21.06205581382980796,0.67052644279338569078,-0.73176004866360755408,-0.097629638333223939251,0.073416445116265771631,-0.12727306631381818391,-0.27842198078817353979,-0.53888004009050749499,0.0016406439271322015294,-0.0012705622306372185617,0.0075187478728038431922,-0.036214270403760837058,0.13346440431098005597,0.34995130389012951699
1751615360206700802,0.77233523522662339555,-4.3607998917866526156,-21.185558767153569448,0.67022414155771692368,-0.7318924489181473092,-0.098365154406841945334,0.073873809217056093934,-0.13337606344025201843,-0.26705131578755897381,-0.49606170426882112423,0.001640643927132892383,-0.001270562230637992682,0.0075187478728042300355,-0.036214270403868140114,0.13346440431096784351,0.34995130389017808925
1751615360439110041,0.74164784349635981542,-4.4163422831215655151,-21.298956260630088622,0.67001618057759115832,-0.7319509357859096399,-0.099112910933296508031,0.074180700000582328046,-0.14559060091461564768,-0.25544684376930781866,-0.45312536186759017065,0.0016406439271327457989,-0.0012705622306389790892,0.0075187478728044217224,-0.036214270403894167905,0.13346440431097206236,0.3499513038901544415
1751615360671464205,0.73842264414511982196,-4.4226891054928669789,-21.345673208714174507,0.66980044830976526171,-0.73217197050278726156,-0.099120459232602195487,0.073937132859747969893,-0.018454145665096677309,-0.026656938172255367769,-0.17405012821902990372,0.0019185985179716901535,-0.0012881020793711088143,0.0073982366999396920182,-0.046238674841464461052,0.16077242020035029113,0.35540988051099259293
1751615360903760433,0.73382180826370069227,-4.4256144031272404149,-21.377451885172646939,0.66954958940571918102,-0.73229096110972380362,-0.099669414899186056789,0.074292013952922342224,-0.023044366702010658093,-0.0067721001757572105162,-0.11123049020899299089,0.0019064183298961568346,-0.0012875515995640512447,0.0073966517865167941484,-0.046367799720436274347,0.16255147866688041125,0.35557891677248820717
1751615361136153460,0.73367887566377587572,-4.424967454426870006,-21.392535652840088289,0.66935615579526130947,-0.73234104099191033033,-0.1003901424121882574,0.074570474614499435151,-0.0043305824966954516164,0.011436207663946200419,-0.039966471700430508673,0.0018912538015172738505,-0.0012954463071214361494,0.0073533618093940327984,-0.04693105798005335616,0.16499148985222814034,0.35654104407754788619
1751615361368598938,0.73279215360400851154,-4.4237280783546566454,-21.396402372560348937,0.66920046012029044125,-0.73250920454201973175,-0.10046599196532500498,0.074213165235876996095,-0.0069167131078434682112,0.017172176073403953855,0.0078254166965424122593,0.0018574061157793366698,-0.0012932071512118544464,0.0073434925529786638024,-0.046588397138871501246,0.16467621471838164715,0.35688722015624702033
1751615361766945601,0.73092783747713618858,-4.4115441024574257867,-21.37865839998720574,0.6687502752748477608,-0.73285462829381620153,-0.10087712286254282845,0.074303224634045844654,-0.01059325296434556786,0.05614378005603647831,0.084764925896706908026,0.0018453080780651567004,-0.0012958410263164408301,0.0073158605445871527015,-0.046621060729958585522,0.16356880986076371975,0.35702369628125729673
1751615361999240637,0.7279719618165513273,-4.3993885527407927682,-21.354896459604006509,0.6685468135777070664,-0.73301291559958814403,-0.10108456607555499351,0.074290875082311177979,-0.014830622016229101298,0.071205960330741238651,0.12431082518983782581,0.001779296048928286425,-0.0012979244390398372508,0.007311483021696563514,-0.046625150640702127391,0.16164418281744385997,0.35730711590582298065
1751615362364528894,0.72119913796428281039,-4.3778084606356006958,-21.300712460550695226,0.66823432149928796431,-0.73323917812665451166,-0.10157687023247720381,0.074197969407531511044,-0.023350298626992650741,0.087666320146129725344,0.18273874002371109926,0.0016524141805568835165,-0.0013117527455625229739,0.0072987914619192647767,-0.046564571633999345124,0.15807121963195044922,0.35794634278975423491
1751615362862423658,0.70390662664361602907,-4.3373910826533315088,-21.189153446778433931,0.66778416875296842115,-0.73360476381586314787,-0.10200307593141214046,0.074052190852127219856,-0.042519255433405969691,0.12346415328765301955,0.27106293355330030037,0.0016578948864997909273,-0.001313607661405294955,0.0072940034409952709746,-0.045939148169004809241,0.15695771303906466687,0.35783682394756494149
1751615363095453739,0.69086580319044055276,-4.312681512680206275,-21.120304501881960846,0.66750900234616783457,-0.73373350198792974819,-0.10262874808216664035,0.074392337739373495809,-0.057562339130413177346,0.13701547646722467277,0.31321690386324541056,0.0016538150413384373333,-0.0013217875348473624112,0.0072900597133052002716,-0.045471121267605982275,0.15656930968952606498,0.35777678915879607136
1751615363297015905,0.68203977907377388856,-4.2999861332890612076,-21.06249552584392859,0.6673702945129075248,-0.7338599537630905445,-0.10268393362287253634,0.074313309980186939563,-0.043825195049216406074,0.089023194332744567947,0.30335792597735306009,0.0014294025393441084099,-0.0013571794798448270913,0.0072309332635882529391,-0.045291035510359345384,0.14695824780912664087,0.35927032544985121332
1751615363868336201,0.64716676951200313717,-4.2418516955785783296,-20.869748443445260477,0.66687510076192213493,-0.7342492930400000839,-0.10312383974854931468,0.074303763898195554494,-0.069177687625262662685,0.15272754585126493976,0.38723609065701353193,0.0014309988971764199105,-0.0013576836763473361467,0.0072292493521588759367,-0.045087269193144569046,0.14534110042425013587,0.35856671478121210361
1751615364069914103,0.63127832069904288304,-4.2102361158510408501,-20.796413688972659628,0.6666048087526365018,-0.73429397259526318908,-0.10404808499143305967,0.074995911672764412059,-0.077198295166050770466,0.18917222984524700857,0.37518349921199861674,0.0014320691428081212381,-0.001376275835241865626,0.0072371155462508732215,-0.044944099534303061372,0.14189542076007735649,0.35758119673439869857
1751615364302100897,0.61006301146110519795,-4.1683983455582573896,-20.702096839990563382,0.66630761308630748196,-0.73431310360579005181,-0.10513462075818882924,0.075928533068775921899,-0.089968793026122706458,0.21757424452835874562,0.4186760413344569054,0.0014321390498811740859,-0.0013759948393568650037,0.0072371665866777989615,-0.044955147275160506348,0.1419010066025388761,0.35756911834052990118
1751615364534214497,0.58555445844738263084,-4.1206198840855918775,-20.597325192028620222,0.66608396968686778283,-0.73441497165208202702,-0.10565284427397747535,0.076185767937047482734,-0.10422969673164872439,0.24620784700894593477,0.46271217214439080978,0.001432139049088185798,-0.0013759948395376316466,0.007237166586532668526,-0.044955147248376375879,0.1419010066852789409,0.35756911813550223966
1751615364766253710,0.57323145840454481359,-4.0985457647431182693,-20.515593228441620255,0.66602660951137593326,-0.73451704417573415729,-0.10563833230353966708,0.075721925399011971725,-0.05109309455802449329,0.12115504719408454193,0.36797646320694316069,0.00099080769837416688903,-0.0014605870913073817473,0.0071477196773261936907,-0.045416159849817644423,0.12093275503249223402,0.35954962581973726188
1751615364998219967,0.56461795696148964208,-4.0841149938674679021,-20.446209363006335735,0.66623748988013564709,-0.73443082116884883526,-0.10530322732399755026,0.075167854236361325571,-0.035702774266734960129,0.084178000771036154415,0.31416325398211719655,0.00083463255606320532927,-0.0014869428426941408081,0.0071199148520831841494,-0.045498403279935255294,0.1069609823081106581,0.36053313206409920433
1751615365230354548,0.5538511503832291849,-4.0666457760810192923,-20.368166400200038879,0.66652472349694913412,-0.73431153751352351566,-0.10496654069601066284,0.074252166136986624823,-0.043893945254660518551,0.10137341238976255164,0.35077059154743767122,0.00083278524489060611492,-0.0014876371731691586872,0.0071191746988790169728,-0.045498311539837930917,0.10699577280956729108,0.36042154159148964698
1751615365462465525,0.5456958957488016182,-4.0539092340236626555,-20.300325020977492585,0.66644540633816140573,-0.7343781067334589352,-0.10497878861387932581,0.074288428859319452502,-0.033955071882010842699,0.075588639742753066519,0.30654855537918562769,0.00071541348919432125753,-0.0015026027276873502817,0.0070988181616167865887,-0.045636559701447219906,0.094363117982715682963,0.36151695097591962647
1751615365992719650,0.52992768160806180688,-4.0312995814924690308,-20.160302415326388115,0.66601116637934010267,-0.73479719130646947711,-0.10491909132333498977,0.074122858700402721732,-0.034412809162855557965,0.065904750730597899677,0.29696899803953724639,0.0005979617443114890055,-0.0015129619225279773535,0.0070729053230997812954,-0.04583912270586363441,0.080529710093548617644,0.36258194795216824868
1751615366227155685,0.52020334932444900478,-4.017702913897776007,-20.08671053378176552,0.66568785078410019906,-0.7350031182793070883,-0.10522742664779999311,0.074547234147897253886,-0.038698834567591086642,0.079550367087597426141,0.32667161058271254603,0.00059802725568304493896,-0.0015147467046753215411,0.0070715644937119443922,-0.045825388566487296194,0.080437230540392923306,0.36248506465337804183
1751615366429714680,0.51024151562842212648,-4.0041594230016261946,-20.017143943657035976,0.6657158063337313969,-0.7347582376930743564,-0.10617425008079321713,0.075364620076380450797,-0.049002068813141133607,0.11559906584973905774,0.351919858191465873,0.0005964903151396627138,-0.0015143115497262924374,0.0070720914415501236888,-0.045826406067631678121,0.080559331044112086895,0.36247364428101186418
1751615366632390976,0.4987966390411413542,-3.9897493659264369192,-19.942057220961576292,0.66823365115068300568,-0.73328557633803048699,-0.10320729191295009708,0.071444425257004534613,-0.045924008449838585322,0.045607591668095061321,0.38718284405640196466,0.00059649031456060974069,-0.0015143115518092503755,0.0070720914411278425551,-0.045826406168038062716,0.080559331181766821728,0.36247364398037068556
1751615366835184813,0.48658662657400664209,-3.9711383654146699129,-19.861778002432785684,0.66729439541806534475,-0.73551524783352928427,-0.096996989136808722809,0.065780651762458466902,-0.050494063488595052058,0.18164877993306982606,0.39794239448804863413,0.00059649031461160323831,-0.0015143115506738662711,0.0070720914413038198434,-0.045826406112972027651,0.080559331100830244843,0.3624736441589960223
1751615367038096428,0.47256799730717935493,-3.9524840309252033954,-19.775916012994454007,0.66651690879667846445,-0.73760596144471124447,-0.090054948118200667251,0.059856179703113701618,-0.060694014605500945514,0.12038654317143208938,0.43299872503373587618,0.00059649031448454265837,-0.0015143115507470078507,0.0070720914412415389338,-0.045826406092980241647,0.080559331145014873021,0.36247364407224280658
1751615367239337206,0.45631202303190443459,-3.9318519142973378244,-19.685379263467574162,0.66635395317243195645,-0.73790757666692785577,-0.089411768643208683338,0.058909702231354971191,-0.077639915973491735457,0.13149990910216571849,0.45911793514052179344,0.00059430565382061065812,-0.0015135704271087495158,0.0070763652505981102306,-0.045838365331917235723,0.080444019984421119562,0.36250783727884472452
1751615367439540625,0.43818349198310690973,-3.90861269746348583,-19.589646730429468136,0.66648695797321289014,-0.73822281422603885925,-0.08717770813420717968,0.056764941752335547343,-0.085812523427190742775,0.14654839169719099945,0.48689157279765360453,0.00059649031456499631426,-0.0015143115501511769574,0.0070720914414350464702,-0.045826406084610436797,0.080559331073843318261,0.36247364422439970477
1751615367639777899,0.41784565508808735323,-3.8829833189938325333,-19.488429361939182627,0.66667931993427131943,-0.73865135309593776824,-0.083926821068899704059,0.053750829264911481609,-0.098493560110300429344,0.16006355719415663041,0.51322878032559593464,0.00059649031332021686114,-0.0015143115522109507499,0.0070720914403376430521,-0.045826406138167644078,0.080559331310771906121,0.36247364372851076375
1751615367840048790,0.39492963152373811164,-3.8546261469117943932,-19.381861254305096764,0.66648839718101504648,-0.73911250671283346136,-0.082334777162652195148,0.052219759796543578634,-0.10953328489769552367,0.17524565587447343828,0.53993863240639405898,0.00059649031431460535196,-0.0015143115524424610903,0.0070720914410194830532,-0.04582640619838948548,0.080559331231042793919,0.36247364386110664247
1751615368040353537,0.38401904141827492012,-3.8430846255206350115,-19.301105693855163281,0.66646385950501096929,-0.73917501786730233082,-0.082143062941906958008,0.051949342103234673329,-0.051583443798640646327,0.078221443254284789282,0.41222544522218196317,0.00030818974749723435742,-0.0015221446255127509851,0.0069702242354716436104,-0.046947079666215106586,0.054846428843122491115,0.36390425759308980824
1751615368273179054,0.36921613799955999013,-3.8282606830461629599,-19.201753291505525567,0.66668162663906183063,-0.73955070963179547761,-0.078893840807802109727,0.048745445607508944286,-0.061957807166249607989,0.088098842497775761706,0.43709848088130209831,0.00030449607433301887271,-0.0015250031266884258446,0.0069678036274924267865,-0.046858977860029710216,0.054915750716715582003,0.36363946734147206685
1751615368505525112,0.35928761290922284211,-3.8197051827048862371,-19.122773967535671602,0.66660715347504262418,-0.73968010945249185184,-0.078543487020231450568,0.048364855658136890471,-0.041024580649928227283,0.053740577063505788613,0.34945214633935473003,0.00019563933436676501747,-0.0015182827476488205964,0.0069220455536522880122,-0.047265811227762827285,0.036303241560576883507,0.36459970626785376258
1751615368737810135,0.34700671721385961677,-3.8100953394442655942,-19.038954701794221336,0.66655314552724342914,-0.73983357066573240957,-0.077921501487146355158,0.047764333027873411008,-0.051287744870095408611,0.0598328179676997432,0.37007965437900069983,0.00019415045920057323972,-0.0015197113585208575116,0.0069208822890648846043,-0.047207698408736509244,0.036338058583076593422,0.36447029067383357459
1751615368970031977,0.33209213009990218302,-3.7993115992142341142,-18.95027053513402393,0.66661057940441781344,-0.73998270629414897304,-0.076749317257067670162,0.04653463346956138863,-0.063124513029448520163,0.066519379735382827556,0.39124797278845097059,0.00019415045900320030575,-0.0015197113588179703234,0.0069208822887676353999,-0.047207698407087404779,0.036338058634694636595,0.36447029055293911348
1751615369202303410,0.32161758159460313022,-3.7927208053125185394,-18.878953958740115837,0.66651742916886558277,-0.74018661376693983822,-0.076018338528759721306,0.045820362521077885598,-0.044046671690415706291,0.044189514371550046856,0.31466396535313978511,0.00010942035478928403087,-0.0015086824023328334037,0.0068688779616292595237,-0.047552323808960732243,0.020418219691804729427,0.36491285761805608567
1751615369832837105,0.30007166698947368433,-3.7813523013989223109,-18.724307896246340732,0.66628083842923369051,-0.74049923416365726059,-0.075465922020939005255,0.04511788069582833155,-0.040553454519209997109,0.033063799317362183028,0.26332402438910545994,3.3948028669083065746e-05,-0.0014961244872792407636,0.0068104920999880885768,-0.047754716641577078795,0.0045523925170019366448,0.36497602760283065493
1751615370131593227,0.28494293144060472978,-3.7739578207406805355,-18.642897757267018477,0.66630102699560700419,-0.74061284409368910442,-0.074700285773199745498,0.044220175184383696265,-0.050894806119628488439,0.040038865043016555467,0.2804785437852034824,3.323543331938220302e-05,-0.0014977748227791979653,0.0068095160425074904159,-0.04769636464849603269,0.0045693671854367401419,0.36491000880370161319
1751615370332038879,0.27681799081566493825,-3.7702775519937516968,-18.596816789812802284,0.66623642273770400379,-0.74072383672228669926,-0.07437538743072005798,0.043880844038049586497,-0.038832962442334369169,0.029844534383902273506,0.23423345021371050345,-1.3941400236367290058e-05,-0.0014889739645957509196,0.0067682806430733426228,-0.047861913892572542639,-0.0050293413102954227095,0.36481505458357460503
