name,red,green,blue,alpha,id
Unknown,0,0,0,0,0
conference_table,128,64,128,255,1
lubricant,244,35,232,255,2
jimmies_jar,70,70,70,255,3
cooked__diced__broccolini,102,102,156,255,4
cooked__blueberry,190,153,153,255,5
diced__cauliflower,153,153,153,255,6
detergent,250,170,30,255,7
fur_coat,220,220,0,255,8
bag_of_flour,107,142,35,255,9
clothes_dryer,152,251,152,255,10
wine_sauce,70,130,180,255,11
oyster,220,20,60,255,12
butter_package,255,0,0,255,13
desk_leg,0,0,142,255,14
gravel,0,0,70,255,15
straight_chair,0,60,100,255,16
arepa,0,80,100,255,17
half_chorizo,0,0,230,255,18
jigger,119,11,32,255,19
bookcase_baseboard,255,204,54,255,20
half_gourd,80,50,50,255,21
cooked__diced__auricularia,4,250,7,255,22
pedestal_table,224,5,255,255,23
keyboard,235,255,7,255,24
cooked__diced__bell_pepper,150,5,61,255,25
pants,120,120,70,255,26
cooked__diced__sirloin,8,255,51,255,27
diced__nectarine,255,6,82,255,28
orange,143,255,140,255,29
cleaver,204,255,4,255,30
bunch_of_bananas,255,51,7,255,31
bottle_of_powder,204,70,3,255,32
diced__tiramisu,0,102,200,255,33
bottle_of_almond_oil,61,230,250,255,34
diced__feta,255,6,51,255,35
wheat,11,102,255,255,36
cream_cheese_box,255,7,71,255,37
pancake_batter,255,9,224,255,38
salt_shaker,9,7,230,255,39
cooked__yogurt,220,220,220,255,40
diced__green_bean,255,9,92,255,41
cooked__margarine,112,9,255,255,42
diced__trunk,8,255,214,255,43
box_of_sake,7,255,224,255,44
half_cheesecake,255,184,6,255,45
jar_of_curry_powder,10,255,71,255,46
room_ventilator,255,41,10,255,47
scoop,7,255,255,255,48
box_of_apple_juice,224,255,8,255,49
cooked__diced__brownie,102,8,255,255,50
bouquet,177,118,143,255,51
jimmies,112,178,191,255,52
fire_extinguisher,118,63,235,255,53
diced__pumpkin,207,105,166,255,54
clothesline_pole,85,162,192,255,55
jelly_bean_jar,73,100,88,255,56
jar_of_kidney_beans,193,52,171,255,57
peanut_butter_jar,60,144,200,255,58
half_virginia_ham,198,100,102,255,59
diced__pie_crust,107,71,216,255,60
cooked__diced__ginger,128,122,197,255,61
mayonnaise,176,96,192,255,62
eyeglasses,197,94,66,255,63
carton_of_eggs,163,163,125,255,64
solvent_bottle,171,81,211,255,65
magazine,156,123,123,255,66
bicycle,68,129,161,255,67
lemon_peel,69,79,246,255,68
pill_bottle,239,169,226,255,69
iron,225,59,74,255,70
scanner,80,125,229,255,71
marinara,132,180,208,255,72
mixing_bowl,68,250,202,255,73
tent,121,81,178,255,74
cooked__diced__cookie_dough,206,181,79,255,75
pecan,165,199,161,255,76
jar_of_tumeric,144,168,149,255,77
coffee_bean,254,114,133,255,78
muffin_batter,98,74,126,255,79
cooked__diced__pear,87,162,139,255,80
barbecue_sauce_bottle,119,150,188,255,81
half_macaroon,179,166,136,255,82
perspiration,87,246,175,255,83
poultry_seasoning,177,167,72,255,84
diced__butternut_squash,237,122,248,255,85
cooked__diced__carrot,101,229,207,255,86
bottle_of_mayonnaise,252,249,57,255,87
bottle_of_supplements,87,238,98,255,88
half_papaya,151,98,135,255,89
half_apricot,70,246,205,255,90
checkout_counter,102,232,73,255,91
wire_cutter,71,201,94,255,92
tonic,157,182,194,255,93
half_cheddar,176,194,235,255,94
half_artichoke,189,96,81,255,95
utility_knife,244,186,181,255,96
hanger,144,130,222,255,97
electric_hand_mixer,99,159,145,255,98
bagel_dough,141,197,61,255,99
half_cheese_tart,153,147,101,255,100
hand_towel,87,167,166,255,101
shopping_cart,198,99,188,255,102
folderal,87,223,207,255,103
butternut_squash,232,166,234,255,104
ceiling_fan,55,100,237,255,105
cooked__cranberry,201,139,198,255,106
plum,231,172,54,255,107
clove_jar,113,208,198,255,108
peach,83,233,71,255,109
pack_of_kielbasa,121,108,167,255,110
cooked__cocoa,149,253,203,255,111
cooked__iced_chocolate,104,130,176,255,112
yogurt,173,220,198,255,113
pommel_horse,57,217,234,255,114
microwave,111,194,75,255,115
cooked__orzo,122,100,249,255,116
infant_car_seat,240,203,189,255,117
can_of_soda,111,96,92,255,118
toy_box,232,211,96,255,119
commercial_kitchen_shelf,123,96,239,255,120
mustard,181,113,98,255,121
cooked__diced__pineapple,72,105,199,255,122
diced__cupcake,180,104,202,255,123
pickle,63,118,72,255,124
gas_fireplace,121,190,51,255,125
cooked__diced__cherry_tomato,112,106,203,255,126
cleansing_bottle,196,65,197,255,127
pool_ball,61,209,198,255,128
bottle_of_sour_cream,110,153,180,255,129
half_cucumber,200,250,183,255,130
diced__frank,183,158,119,255,131
paperback_book,130,145,247,255,132
diced__duck,155,89,154,255,133
jar_of_peppercorns,176,140,173,255,134
cardamom,173,183,100,255,135
cooked__mace,221,145,210,255,136
flour,197,159,185,255,137
lock,68,96,154,255,138
pillowcase,99,147,165,255,139
baby_shoe,50,227,207,255,140
bottle_of_sake,247,74,57,255,141
mannequin,182,249,57,255,142
vinegar_atomizer,199,227,224,255,143
hanging_plant,97,61,54,255,144
hotdog_frank,164,59,166,255,145
flower,243,158,183,255,146
hoodie,84,85,209,255,147
ammonia_water,204,214,88,255,148
beet,153,229,212,255,149
tuna,68,75,114,255,150
jar_of_spaghetti_sauce,133,152,98,255,151
mop_bucket,230,154,232,255,152
lipstick,243,150,210,255,153
cooked__diced__onion,175,69,59,255,154
heatgun,102,252,146,255,155
spice_cookie,198,178,188,255,156
diced__spinach,174,156,239,255,157
oden_cooker,206,175,107,255,158
pasta_box,225,106,76,255,159
cornmeal,150,93,222,255,160
bush,81,179,137,255,161
cooked__chia_seed,182,102,190,255,162
half_chanterelle,63,226,210,255,163
granulated_sugar,188,209,167,255,164
half_lime,74,239,127,255,165
diced__halibut,54,65,233,255,166
whipped_cream,95,211,204,255,167
acetone_atomizer,108,72,134,255,168
display_fridge,240,79,182,255,169
jar_of_honey,115,183,209,255,170
glitter,251,138,200,255,171
analgesic,250,255,193,255,172
cinnamon_stick,140,99,104,255,173
conditioner_atomizer,132,174,221,255,174
bag_of_cream_cheese,255,51,163,255,175
half_green_onion,163,110,63,255,176
cooked__diced__peppermint,57,64,246,255,177
smoothie,105,177,157,255,178
broken_light_bulb,78,192,169,255,179
diced__broccoli_rabe,100,81,66,255,180
clove,86,70,222,255,181
iced_chocolate,198,228,76,255,182
cooked__flour,165,140,109,255,183
half_pretzel,77,73,241,255,184
cooked__cream_cheese,120,51,111,255,185
cooked__diced__brussels_sprouts,78,88,89,255,186
cooked__diced__crescent_roll,137,219,156,255,187
diced__club_sandwich,139,171,255,255,188
lace,252,230,106,255,189
honey,173,240,120,255,190
fillet,69,93,242,255,191
cooked__diced__chicken_breast,244,185,251,255,192
half_mango,145,126,72,255,193
cooked__corn_syrup,193,168,245,255,194
paper_towel_holder,204,67,198,255,195
swimming_pool,202,151,60,255,196
cheese_danish,216,179,232,255,197
windshield,188,53,83,255,198
cauldron,63,196,232,255,199
jar_of_jam,138,240,150,255,200
beef_broth_carton,61,102,238,255,201
cooked__diced__porkchop,67,232,133,255,202
half_turkey_leg,245,148,215,255,203
smoker,73,60,175,255,204
soda_water,151,71,199,255,205
diced__veal,161,173,235,255,206
diced__lobster,52,70,128,255,207
bottle_of_bug_repellent,179,218,221,255,208
bag_of_shiitake,121,184,249,255,209
swing,192,218,55,255,210
cooked__diced__peach,148,51,224,255,211
salsa,194,141,239,255,212
wood_chip,151,205,60,255,213
cooked__catsup,88,154,106,255,214
cooked__diced__chorizo,182,236,140,255,215
place_mat,61,211,134,255,216
apple_pie,103,214,97,255,217
cooked__diced__halibut,123,110,97,255,218
bottle_of_pesticide,126,97,77,255,219
shampoo,228,213,137,255,220
urinal,241,245,109,255,221
cooked__quinoa,112,158,73,255,222
pastry_cutter,249,77,110,255,223
chia_seed_bag,135,141,162,255,224
diced__eggplant,66,98,168,255,225
isopropanol,229,111,95,255,226
cooked__diced__toast,173,58,214,255,227
acorn,152,225,144,255,228
bait,243,228,218,255,229
free_weight_rack,185,85,107,255,230
wall_socket,230,91,127,255,231
dress_shirt,55,82,147,255,232
eggplant,121,81,109,255,233
cooked__pesto,224,255,210,255,234
cooked__chicken_curry,137,117,64,255,235
diced__lettuce,138,235,181,255,236
tenderloin,222,144,176,255,237
diced__melon,209,176,93,255,238
projector,253,145,73,255,239
chopped_lettuce,80,99,231,255,240
jar_of_sesame_seed,207,65,59,255,241
white_sauce_bottle,226,186,242,255,242
half_buttermilk_pancake,135,57,177,255,243
cooked__fritter_batter,184,130,158,255,244
carton_of_milk,242,251,251,255,245
penny,82,123,170,255,246
desk_organizer,65,182,149,255,247
poinsettia,167,136,55,255,248
vaseline,156,235,254,255,249
bottle_of_black_pepper,119,199,204,255,250
ice_cube,149,152,90,255,251
olive,163,218,147,255,252
cherry_tomato,248,209,54,255,253
fruitcake,187,186,147,255,254
cooked__diced__potato,145,178,114,255,255
pet_bed,64,133,213,255,256
mortar,175,129,160,255,257
diced__bamboo,131,155,75,255,258
jelly_bean,217,68,89,255,259
toasting_fork,60,255,190,255,260
tobacco_pipe,103,68,154,255,261
half_pear,160,57,94,255,262
ginger,130,243,186,255,263
diced__tomato,239,243,245,255,264
beefsteak_tomato,209,248,222,255,265
space_heater,150,172,130,255,266
diced__taco,67,188,224,255,267
cooked__diced__pomelo,100,55,163,255,268
key,243,186,193,255,269
footstool,60,56,66,255,270
diced__fruitcake,95,141,70,255,271
margarita,173,217,141,255,272
mousetrap,172,141,66,255,273
sliced_melon,99,220,212,255,274
fish_stew,86,167,144,255,275
half_vanilla_flower,244,81,196,255,276
cooked__diced__bagel_dough,145,67,100,255,277
tennis_ball,72,97,105,255,278
head_cabbage,125,177,121,255,279
conditioner_dispenser,155,140,251,255,280
omelet,129,164,217,255,281
cooked__diced__chocolate_biscuit,55,128,114,255,282
half_brisket,221,60,220,255,283
tile,235,55,84,255,284
half_pomegranate,58,121,144,255,285
chicken_soup_carton,198,122,149,255,286
beer_bottle,175,68,131,255,287
soft_roll,192,56,130,255,288
box_of_barley,122,176,253,255,289
diced__toast,242,119,225,255,290
ruler,188,136,175,255,291
staple,218,171,237,255,292
vest,246,87,245,255,293
salt,172,170,79,255,294
diced__durian,95,58,173,255,295
diced__hamburger,122,231,170,255,296
diced__oxtail,68,114,145,255,297
dahlia_flower,184,144,241,255,298
salsa_bottle,102,191,215,255,299
chanterelle,143,201,234,255,300
tortilla_chips,203,141,138,255,301
cooked__diced__pastry,152,210,254,255,302
cooked__diced__prawn,192,187,191,255,303
chicken_broth_carton,58,111,239,255,304
cooked__green_tea_latte,84,103,159,255,305
strawberry,96,197,195,255,306
bottle_of_disinfectant,160,184,251,255,307
air_conditioner,213,180,126,255,308
brownie,97,87,152,255,309
bottle_of_fruit_punch,66,126,50,255,310
rib,191,67,98,255,311
dart,117,115,235,255,312
projection_screen,216,87,218,255,313
spray_can,194,91,220,255,314
cooked__diced__arepa,100,166,78,255,315
ruby,154,227,155,255,316
bottle_of_deicer,56,53,131,255,317
duck,168,55,230,255,318
bust,228,217,62,255,319
lemon_juice_bottle,95,60,251,255,320
radish,164,180,211,255,321
diced__quiche,120,150,82,255,322
flat_top_grill,231,248,157,255,323
quail_breast_raw,237,235,78,255,324
honing_steel,201,93,233,255,325
diced__ham_hock,190,82,194,255,326
pop,76,171,129,255,327
diced__peppermint,65,182,163,255,328
sage,214,178,242,255,329
diced__apricot,171,129,180,255,330
waffle,208,68,62,255,331
mace,237,132,93,255,332
half_french_fries,113,183,185,255,333
pop_case,192,139,140,255,334
bulldog_clip,113,192,253,255,335
lentil,87,50,247,255,336
diced__whole_garlic,51,248,241,255,337
life_jacket,101,177,183,255,338
power_washer,78,155,121,255,339
satchel,86,213,82,255,340
raspberry,152,197,74,255,341
beach_toy,199,126,195,255,342
stake,80,103,199,255,343
ceilings,98,177,244,255,344
diced__kielbasa,146,148,76,255,345
diced__tortilla_chip,247,122,51,255,346
jar_of_mayonnaise,193,99,205,255,347
diced__carrot,139,203,170,255,348
cilantro,131,246,96,255,349
sugar_cookie,154,178,159,255,350
basil,142,255,96,255,351
greenery,206,197,138,255,352
pea,122,86,239,255,353
pitcher,74,72,146,255,354
whiskey_stone,104,100,72,255,355
umbrella_rack,90,78,207,255,356
beer_glass,216,60,170,255,357
hitch,97,145,229,255,358
half_butter_cookie,245,111,103,255,359
tomato_sauce_jar,73,179,153,255,360
diced__baguet,109,128,112,255,361
sliced_papaya,207,83,241,255,362
cooked__soy_sauce,246,184,183,255,363
christmas_stocking,249,93,59,255,364
razor,250,50,73,255,365
flagpole,223,122,231,255,366
diced__tuna,67,174,235,255,367
stairs,58,185,227,255,368
goblet,172,198,63,255,369
rose,247,143,248,255,370
cooked__tomato_sauce,81,210,247,255,371
diaper,129,203,156,255,372
object,80,231,240,255,373
rubber_eraser,58,79,219,255,374
half_broccoli,134,89,233,255,375
chess_set,109,143,113,255,376
diced__blackberry,222,237,234,255,377
cooked__tomato_rice,111,178,74,255,378
half_sugar_cookie,55,124,231,255,379
cooked__diced__crayfish,57,100,187,255,380
cashew,83,134,250,255,381
motorcycle,172,170,197,255,382
nickel,64,117,85,255,383
cooked__diced__lamb,182,185,153,255,384
cooked__diced__zucchini,214,148,62,255,385
toast,66,177,151,255,386
diced__snapper,209,126,226,255,387
disinfectant,162,102,60,255,388
french_fries,255,144,138,255,389
mulch,221,213,140,255,390
cooked__diced__pie_crust,195,199,72,255,391
tassel,176,93,232,255,392
rice_cooker,207,166,167,255,393
jam,145,130,93,255,394
box_of_cream,111,113,139,255,395
cooked__white_wine,144,136,55,255,396
lollipop,62,121,217,255,397
curry_powder_shaker,80,73,151,255,398
ammonia_water_atomizer,153,159,110,255,399
cooked__cornbread_batter,59,90,232,255,400
bench_press_machine,128,193,114,255,401
seal,177,75,159,255,402
pillow,175,74,227,255,403
cigar,113,209,137,255,404
cooked__diced__coconut,72,153,50,255,405
oatmeal,61,97,232,255,406
spackle,157,156,250,255,407
boxed_router,218,76,123,255,408
graduated_cylinder,254,232,162,255,409
cooked__beef_broth,182,190,172,255,410
cooked__peanut_butter,87,225,129,255,411
white_chocolate,105,56,133,255,412
sunflower,123,231,251,255,413
corn_flake,242,213,169,255,414
hot_toddy,158,139,205,255,415
half_quiche,248,136,113,255,416
turnstile,114,51,178,255,417
wrapping_paper,202,255,235,255,418
bunchgrass,132,140,78,255,419
cooked__black_bean,209,224,234,255,420
cooked__diced__whole_garlic,56,222,250,255,421
diced__gooseberry,217,207,206,255,422
seashell,148,124,51,255,423
onion_powder_shaker,132,91,188,255,424
half_gooseberry,193,168,255,255,425
wooden_spoon,157,72,93,255,426
suitcase,91,135,237,255,427
diced__clove,91,207,174,255,428
granulated_sugar_sack,115,63,185,255,429
cooked__salt,202,81,55,255,430
lawn_mower,119,219,85,255,431
square_light,124,248,56,255,432
necktie,199,215,220,255,433
bottle_of_tomato_juice,100,223,177,255,434
cooked__diced__doughnut,142,67,183,255,435
debris,99,182,174,255,436
diced__apple,147,173,249,255,437
sesame_oil_bottle,185,122,75,255,438
pewter_teapot,103,192,197,255,439
menu,153,134,129,255,440
noodle,81,242,71,255,441
lampshade,95,255,152,255,442
feta_box,143,247,163,255,443
tomato_paste_can,243,82,55,255,444
pellet_food,129,123,53,255,445
half_pastry,191,158,113,255,446
glaze_bottle,251,172,245,255,447
half_mushroom,155,224,184,255,448
garage_door,121,113,80,255,449
sage_shaker,98,103,98,255,450
bottle_of_skin_cream,74,176,212,255,451
sunflower_seed,60,201,82,255,452
potato_masher,137,145,218,255,453
diced__pork,110,152,186,255,454
bottle_of_sage,127,200,241,255,455
diced__dried_apricot,235,56,147,255,456
donut,241,165,169,255,457
diced__frankfurter_bun,242,96,137,255,458
garden_umbrella,68,205,185,255,459
arborio_rice,216,246,255,255,460
diced__hazelnut,126,235,243,255,461
half_shiitake,234,130,244,255,462
cocoa,201,221,69,255,463
peppermint,102,250,170,255,464
cooked__diced__beet,119,92,190,255,465
half_hotdog_frank,99,106,65,255,466
cooked__diced__broccoli,63,81,124,255,467
diced__meat_loaf,114,172,153,255,468
refried_beans_can,102,147,64,255,469
hinged_jar,117,253,126,255,470
drying_rack,60,235,138,255,471
cooked__diced__leek,223,67,217,255,472
calculator,89,100,212,255,473
cooked__diced__bean_curd,136,137,63,255,474
shortening_carton,67,62,154,255,475
locker,66,50,255,255,476
half_cookie_dough,177,225,201,255,477
skateboard_deck,207,156,63,255,478
wreath,133,88,79,255,479
grease,252,156,189,255,480
half_steak,150,195,225,255,481
open_end_wrench,223,226,171,255,482
calendar,183,202,126,255,483
sparkler,185,223,197,255,484
cooked__diced__bratwurst,196,90,163,255,485
half_tortilla,85,87,244,255,486
hot_sauce,94,94,175,255,487
diced__bok_choy,204,145,130,255,488
booth,78,180,235,255,489
bagel,95,207,160,255,490
birdcage,238,171,189,255,491
cooked__diced__pizza,176,255,151,255,492
frying_pan,207,251,76,255,493
bookcase_top,114,224,127,255,494
cooked__diced__buttermilk_pancake,210,202,226,255,495
cooked__marinara,225,91,98,255,496
salt_bottle,236,165,146,255,497
diced__sweet_corn,117,203,236,255,498
half_enchilada,173,156,206,255,499
bottle_of_water,79,95,242,255,500
cooked__diced__chocolate_chip_cookie,254,168,184,255,501
cooked__clove,213,122,210,255,502
magazine_stand,179,143,93,255,503
cooked__diced__tenderloin,93,88,140,255,504
belt,168,196,143,255,505
half_banana_bread,88,115,126,255,506
floor_lamp,243,250,175,255,507
cooked__cake_mix,173,208,197,255,508
buret,188,251,219,255,509
table_knife,230,245,157,255,510
bookend,225,191,123,255,511
toilet_soap_bottle,77,166,81,255,512
canteen,54,162,86,255,513
cooked__diced__arugula,54,102,83,255,514
spinach,141,78,211,255,515
teapot,92,120,122,255,516
sauna_bench,237,110,188,255,517
cooked__diced__pomegranate,160,234,220,255,518
catsup,145,183,140,255,519
bottle_of_catsup,204,163,57,255,520
bottle_of_paint_remover,53,65,151,255,521
cooked__soya_milk,75,50,129,255,522
cooked__kidney_bean,69,109,148,255,523
cooked__lentil,225,224,123,255,524
diced__chocolate_biscuit,107,52,197,255,525
heap_of_gravel,189,79,171,255,526
pay_phone,89,104,97,255,527
snow_globe,161,251,136,255,528
pine_nut,250,64,195,255,529
blender,216,88,240,255,530
pillar,134,77,241,255,531
egg_white,236,224,82,255,532
leek,103,217,208,255,533
kettle,146,93,226,255,534
cooked__coffee_bean,158,191,100,255,535
can_of_coffee,86,157,150,255,536
cooked__diced__baguet,240,98,211,255,537
coffee_grinder,236,163,113,255,538
isopropanol_dispenser,119,125,62,255,539
bottle_of_vodka,125,99,242,255,540
cooked__diced__garlic_bread,206,209,221,255,541
cream_cheese,141,51,169,255,542
diced__omelet,173,78,91,255,543
bottle_of_lemon_sauce,214,82,73,255,544
baking_sheet,220,242,121,255,545
printer,105,210,234,255,546
mug,53,120,151,255,547
rectangular_light,61,69,230,255,548
test_tube_holder,58,254,58,255,549
cooked__diced__kiwi,215,101,170,255,550
pergola,170,170,102,255,551
jar_of_bath_salt,181,217,221,255,552
petite_marmite,55,240,69,255,553
elevator_door,170,56,166,255,554
paper_cup,181,137,94,255,555
multi_station_tabletop_sink,99,120,91,255,556
bottle_of_mustard,226,171,98,255,557
wall_clock,56,179,76,255,558
pack_of_pasta,148,117,189,255,559
boxed_cpu_board,53,204,161,255,560
stapler,244,213,61,255,561
french_press,201,185,100,255,562
cooked__diced__cauliflower,238,144,230,255,563
jukebox,183,238,127,255,564
pizza,124,100,229,255,565
half_pomelo,212,255,248,255,566
raincoat,253,174,192,255,567
cooked__diced__pizza_dough,86,131,171,255,568
hockey_stick,76,58,187,255,569
pistachio,208,187,65,255,570
cooked__diced__scone,69,101,53,255,571
cooked__diced__celery,89,116,79,255,572
tea_bag,104,151,115,255,573
diced__quail,228,236,216,255,574
bottle_of_cocoa,129,196,190,255,575
lorry,128,241,221,255,576
ashtray,245,225,200,255,577
soap_bottle,150,139,229,255,578
cooked__cottage_cheese,245,124,91,255,579
jug_of_milk,130,152,174,255,580
fennel,184,182,125,255,581
quartz,232,51,96,255,582
coatrack,102,233,79,255,583
bottle_of_garlic_sauce,187,79,123,255,584
game_console,202,230,114,255,585
sugar_syrup_bottle,65,72,234,255,586
cake_mix,238,120,80,255,587
bag_of_popcorn,231,252,248,255,588
diced__steak,235,152,125,255,589
cooked__allspice,80,136,214,255,590
veal,56,62,187,255,591
espresso,190,146,179,255,592
pottable_marigold,68,169,180,255,593
bottle_of_whiskey,130,143,138,255,594
wading_pool,82,170,224,255,595
bottle_of_cooking_oil,141,138,214,255,596
cooked__diced__hamburger_bun,153,88,94,255,597
address,75,89,115,255,598
ricotta,75,220,237,255,599
can_of_dog_food,231,58,137,255,600
magazine_rack,117,138,211,255,601
half_pork_rib,99,225,195,255,602
shrimp,152,97,135,255,603
sealant_atomizer,92,191,195,255,604
cooked__diced__venison,66,101,148,255,605
chaff,94,197,161,255,606
power_strip,238,64,142,255,607
tank,228,70,243,255,608
dessert_stand,83,220,102,255,609
diced__hip,211,194,129,255,610
bottle_of_lemon_juice,163,154,128,255,611
railing,189,139,211,255,612
vinegar,107,104,248,255,613
wineglass,120,82,251,255,614
parer,114,109,204,255,615
cooked__paprika,109,146,69,255,616
half_fried_chicken,56,226,164,255,617
diced__brussels_sprouts,227,171,166,255,618
risotto,167,221,96,255,619
cooked__egg_white,180,51,239,255,620
hook_rack,107,161,179,255,621
paper_towel,130,207,209,255,622
cooked__diced__gooseberry,125,65,246,255,623
cooked__diced__fennel,61,146,93,255,624
cooked__diced__macaroon,98,58,112,255,625
pressure_cooker,154,115,203,255,626
cooked__diced__french_fries,143,248,81,255,627
marjoram_shaker,114,237,200,255,628
hummus,151,73,190,255,629
squeeze_bottle,63,130,175,255,630
shovel,166,89,179,255,631
half_garlic_clove,252,122,136,255,632
brown_rice,143,109,186,255,633
diced__squid,61,144,63,255,634
asphalt,82,106,216,255,635
diced__hemp,138,138,249,255,636
sodium_carbonate,101,51,94,255,637
cooked__lamb_stew,175,100,118,255,638
cooked__shortening,211,109,171,255,639
box_of_granola_bars,231,254,207,255,640
backpack,54,220,166,255,641
box_of_candy,147,53,199,255,642
cooking_oil_bottle,219,114,157,255,643
cooked__oat,190,149,245,255,644
half_walnut,174,131,160,255,645
salmon,100,209,89,255,646
bottle_of_dish_soap,196,200,251,255,647
national_flag,218,188,138,255,648
soda_water_bottle,214,95,196,255,649
kabob,141,107,141,255,650
diced__tulip,130,220,225,255,651
skeletal_frame,61,194,83,255,652
fruit_punch,86,184,198,255,653
bottle_of_tonic,239,176,198,255,654
diced__sugar_cookie_dough,218,194,148,255,655
bottle_of_aspirin,59,98,123,255,656
vinegar_bottle,220,231,225,255,657
bandage,202,130,251,255,658
garden_statue,89,122,66,255,659
roof,235,124,246,255,660
diced__burrito,54,222,214,255,661
cooked__lima_bean,94,156,129,255,662
fairy_light,212,79,56,255,663
jerk_seasoning,226,207,81,255,664
cooked__brownie_batter,251,232,181,255,665
copper_pot,183,208,108,255,666
tablefork,166,146,161,255,667
holly_decoration,76,193,161,255,668
handle,168,80,54,255,669
bottle_of_wine,127,203,183,255,670
table_lamp,194,140,238,255,671
ice_bucket,255,200,84,255,672
cell_phone,54,77,104,255,673
soap_dish,185,141,164,255,674
putty_knife,153,71,70,255,675
sliced_watermelon,102,138,153,255,676
cooked__diced__steak,57,220,209,255,677
scum,211,67,214,255,678
patina,78,131,50,255,679
exercise_bike,217,205,186,255,680
ceramic_tile,206,175,200,255,681
beef_stew,155,229,130,255,682
bird_feed_bag,185,109,101,255,683
octopus,151,242,58,255,684
paper_liners,149,218,204,255,685
diced__plum,126,71,112,255,686
sawdust,184,187,125,255,687
pasta_server,153,85,206,255,688
bag_of_snacks,238,118,132,255,689
lab_exhaust_hood,205,90,135,255,690
cooked__sugar_syrup,133,234,168,255,691
melted__butter,226,88,83,255,692
half_prosciutto,56,215,83,255,693
house_paint,173,111,198,255,694
cooked__diced__snapper,229,170,121,255,695
measuring_cup,134,236,112,255,696
biscuit,92,110,253,255,697
sludge,85,190,64,255,698
half_cantaloup,251,142,173,255,699
cooked__cashew,143,111,250,255,700
sliced_brisket,92,99,164,255,701
cork,241,121,177,255,702
sliced_chocolate_cake,245,243,252,255,703
fire_sprinkler,62,131,89,255,704
pocketknife,209,145,233,255,705
portable_game_console,249,116,52,255,706
diced__carne_asada,209,117,219,255,707
flask_clamp,54,205,211,255,708
half_spice_cookie,81,239,215,255,709
half_fruitcake,186,227,118,255,710
half_chives,147,225,192,255,711
cooked__sage,207,174,150,255,712
half_pumpkin,124,209,177,255,713
granola_box,149,213,122,255,714
cardigan,247,79,67,255,715
diced__butter,181,69,88,255,716
doll,91,169,239,255,717
jelly_jar,110,223,89,255,718
hamster_wheel,116,242,211,255,719
diced__fillet,120,228,78,255,720
wall_mounted_sink,241,89,53,255,721
globe,89,236,155,255,722
pepper_shaker,206,228,88,255,723
teaspoon,188,94,102,255,724
curtain_rod,236,124,243,255,725
cooked__ravioli,71,177,62,255,726
linseed_oil,117,242,141,255,727
diced__broccoli,185,93,182,255,728
legging,60,162,209,255,729
ink_bottle,229,133,125,255,730
ramen,127,81,208,255,731
multi_station_wall_mounted_sink,234,67,228,255,732
cooked__water,219,80,148,255,733
mousepad,156,213,165,255,734
half_pizza_dough,224,137,251,255,735
signpost,158,254,83,255,736
hamburger_bun,114,67,68,255,737
green_bean,50,196,98,255,738
broken_glass,91,73,115,255,739
diced__brisket,99,240,227,255,740
half_venison,197,249,61,255,741
bottle_of_paprika,106,184,235,255,742
diced__cheese_tart,156,129,85,255,743
half_apple,229,122,199,255,744
cooked__diced__antipasto,129,250,187,255,745
blueberry_compote,106,227,220,255,746
baseball_glove,158,178,90,255,747
cooked__diced__veal,126,210,80,255,748
diced__salmon,68,96,132,255,749
half_cinnamon_roll,244,166,222,255,750
money,133,159,85,255,751
window_blind,242,236,183,255,752
garden_plant,182,234,59,255,753
cooked__diced__sprout,245,143,68,255,754
playground,95,240,177,255,755
security_camera,183,152,135,255,756
diced__chestnut,167,119,208,255,757
sticky_note,151,186,97,255,758
blackberry,134,66,185,255,759
deodorant,65,187,69,255,760
cooked__diced__asparagus,84,76,136,255,761
spray_paint,107,207,249,255,762
spaghetti,212,144,90,255,763
bottle_of_pizza_sauce,208,56,177,255,764
diced__arepa,221,91,68,255,765
iced_cappuccino,58,172,112,255,766
cooked__scrambled_eggs,121,254,107,255,767
cherry,235,77,77,255,768
screw,72,117,166,255,769
boxers,52,92,206,255,770
half_veal,147,95,248,255,771
diced__banana_bread,146,89,94,255,772
diced__french_toast,76,191,134,255,773
chocolate_kiss,94,177,222,255,774
box_of_coffee,127,53,80,255,775
diced__pieplant,174,55,91,255,776
multi_station_furniture_sink,165,252,204,255,777
pen,108,164,164,255,778
sauna_heater,60,139,82,255,779
cayenne,194,189,94,255,780
diced__asparagus,101,230,132,255,781
laptop,104,113,152,255,782
half_green_bean,221,78,114,255,783
olive_oil,190,202,105,255,784
quail_leg,160,205,59,255,785
cooked__diced__apple,181,74,97,255,786
liquid_soap_bottle,144,62,232,255,787
cooked__cherry_filling,128,172,211,255,788
half_meat_loaf,200,173,52,255,789
cooked__honey,172,230,213,255,790
grocery_shelf,213,235,124,255,791
half_pizza,222,102,202,255,792
cooked__diced__chili,196,183,249,255,793
half_chard,254,206,241,255,794
quarter,128,91,183,255,795
custard,152,166,176,255,796
jar_of_dill_seed,193,163,173,255,797
hay,202,150,82,255,798
diced__grapefruit,155,120,159,255,799
goalkeeper_gloves,98,214,147,255,800
cooked__diced__bok_choy,221,177,201,255,801
swing_set,76,102,140,255,802
bottle_of_lotion,190,89,190,255,803
hockey_puck,77,97,175,255,804
dip_candle,172,225,167,255,805
box_of_tissues,176,106,68,255,806
bottle_of_champagne,166,52,195,255,807
paint_roller,144,238,75,255,808
shoe_rack,143,165,216,255,809
tartlet,62,147,97,255,810
half_spinach,232,196,169,255,811
golf_club,73,95,183,255,812
highchair,58,151,207,255,813
chicken_soup,82,55,254,255,814
postcard,203,85,82,255,815
margarine,53,123,59,255,816
hamper,91,205,77,255,817
pack_of_cigarettes,82,205,131,255,818
firewood,170,186,131,255,819
cooked__custard,143,92,83,255,820
grated_cheese_sack,105,137,183,255,821
skimmer,195,216,175,255,822
pork_rib,79,152,132,255,823
aioli,136,203,111,255,824
diced__gingerbread,215,245,243,255,825
diced__cheesecake,119,214,238,255,826
cooked__poultry_seasoning,191,251,213,255,827
scone,141,121,175,255,828
cooked__diced__tortilla,100,87,235,255,829
cooked__black_pepper,102,126,170,255,830
dental_floss,77,226,245,255,831
crock_pot,90,138,152,255,832
case_of_eyeshadow,237,217,188,255,833
diced__chocolate_chip_cookie,195,206,124,255,834
can_of_icetea,125,100,107,255,835
onion_powder,207,212,232,255,836
drip_pot,154,54,193,255,837
curry_powder,192,116,163,255,838
pegboard,180,199,132,255,839
cooked__jelly_bean,208,253,79,255,840
diced__potato_pancake,103,154,166,255,841
half_bean_curd,197,218,228,255,842
cooked__peanut_oil,67,174,94,255,843
curtain,220,179,183,255,844
garden_chair,215,239,183,255,845
cooked__diced__potato_pancake,64,127,215,255,846
boxing_gloves,76,80,174,255,847
sunglasses,149,151,96,255,848
rosemary,163,250,156,255,849
can_of_tomato_paste,50,220,63,255,850
butane,176,164,73,255,851
cooked__diced__cinnamon_roll,198,153,229,255,852
polish,250,207,64,255,853
peanut,153,127,125,255,854
can_of_sardines,243,140,135,255,855
grout,113,117,90,255,856
bag_of_chips,105,246,107,255,857
cooked__diced__spice_cookie,173,218,227,255,858
kidney_bean,185,181,72,255,859
cooked__diced__sour_bread,196,106,81,255,860
bottle_of_face_cream,85,84,220,255,861
half_club_sandwich,164,164,223,255,862
headstone,194,241,102,255,863
periodic_table,198,120,188,255,864
cooked__maple_syrup,128,172,57,255,865
bratwurst,152,180,192,255,866
toaster_oven,80,100,54,255,867
diced__zucchini,246,84,213,255,868
bottle_of_coconut_milk,152,87,134,255,869
bag_of_yeast,155,223,151,255,870
antlers,112,164,163,255,871
microfiber_cloth,139,192,78,255,872
standing_loudspeaker,190,172,83,255,873
post_it,86,221,195,255,874
gelatin_box,182,93,140,255,875
arugula,178,116,241,255,876
headset,233,55,237,255,877
half_apple_pie,106,252,160,255,878
kayak,255,189,194,255,879
cooked__petite_marmite,69,251,187,255,880
longboard,77,73,237,255,881
diced__ramen,221,132,93,255,882
boxed_cake,52,227,214,255,883
crawfish,192,77,92,255,884
straw,223,245,73,255,885
plier,144,161,62,255,886
half_muffin,98,178,193,255,887
carton,176,147,174,255,888
bookcase_back,70,160,199,255,889
half_mustard_leaf,213,202,254,255,890
cooked__vanilla,62,129,122,255,891
agent,212,152,120,255,892
retainer,107,242,128,255,893
artichoke,178,252,120,255,894
bottle_of_antihistamines,163,176,122,255,895
cooked__bouillon,215,57,159,255,896
yeast_jar,100,199,79,255,897
marshmallow,62,252,65,255,898
bottle_of_oil,157,82,70,255,899
diced__spice_cookie,83,69,239,255,900
saxophone,209,108,145,255,901
bottle_of_olive_oil,160,218,125,255,902
red_wine,119,215,212,255,903
cooked__wheat,60,222,217,255,904
cooked__sesame_oil,232,204,122,255,905
picture,225,138,138,255,906
baby_oil,50,118,199,255,907
instant_coffee,229,153,63,255,908
yeast_shaker,215,58,150,255,909
whistle,102,219,151,255,910
bottle_of_bleach_agent,209,207,165,255,911
bottle_of_frosting,167,149,233,255,912
cooked__brown_rice,184,239,129,255,913
credit_card_terminal,74,54,172,255,914
bottle_of_lemonade,64,126,255,255,915
bottle_of_detergent,94,129,253,255,916
sweatshirt,225,199,221,255,917
raisin_box,242,183,181,255,918
half_spice_cookie_dough,232,213,167,255,919
brown_sugar,223,183,238,255,920
tortilla,205,131,154,255,921
can_of_cat_food,138,139,153,255,922
cottage_cheese,62,179,175,255,923
cooked__diced__grouper,172,89,203,255,924
lemonade_bottle,194,244,136,255,925
cooked__diced__pita,73,60,231,255,926
cooked__cayenne,215,157,83,255,927
vase,212,82,72,255,928
diced__fennel,128,154,187,255,929
centerpiece,99,185,67,255,930
paddle,183,254,72,255,931
coffee_table,158,149,225,255,932
cooked__diced__plum,182,77,222,255,933
bottle_of_hot_sauce,185,195,94,255,934
cooked__cheese_sauce,168,113,50,255,935
power_drill,225,236,166,255,936
dehumidifier,89,158,96,255,937
textbook,187,84,211,255,938
ping_pong_table,164,177,144,255,939
lemon_pepper_seasoning,74,86,106,255,940
gold_coin,141,118,50,255,941
toothpaste,141,185,186,255,942
bag_of_rice,151,105,230,255,943
allen_wrench,188,110,186,255,944
pickup_truck,53,130,180,255,945
orange_zest,161,136,228,255,946
diced__turkey,58,232,215,255,947
sesame_oil,100,227,120,255,948
chicken_broth,183,140,247,255,949
pack_of_ground_beef,136,220,143,255,950
cooked__lime_juice,104,100,227,255,951
lab_table,242,246,95,255,952
moth_ball,79,222,62,255,953
pork,51,109,148,255,954
green_tea_latte,94,196,63,255,955
turmeric,220,154,166,255,956
swivel_chair,224,150,88,255,957
coriander,168,96,249,255,958
cooked__molasses,132,207,172,255,959
diced__spice_cookie_dough,171,98,78,255,960
bottle_of_tea_leaves,149,191,94,255,961
baking_powder_jar,214,247,185,255,962
tablet,114,194,216,255,963
reception_desk,188,254,126,255,964
cooked__diced__chicken_wing,253,179,160,255,965
antifungal,108,176,132,255,966
gin,58,135,218,255,967
pellet,184,81,105,255,968
cooked__diced__parsnip,255,75,123,255,969
conchiglie,146,218,190,255,970
knife_block,123,229,78,255,971
hot_sauce_bottle,117,108,227,255,972
chowder,236,80,187,255,973
melted__cheddar,89,203,62,255,974
melted__granulated_sugar,134,181,204,255,975
bottle_of_cranberry_juice,176,229,228,255,976
cooked__diced__kabob,134,239,225,255,977
glue_stick,211,247,63,255,978
chili,201,89,244,255,979
half_bok_choy,169,97,252,255,980
whiteboard,159,129,94,255,981
whole_milk,106,64,85,255,982
lint,179,75,144,255,983
slingback,219,184,244,255,984
bottle_of_coconut_water,254,235,210,255,985
cooked__eggnog,134,105,143,255,986
keys,80,71,142,255,987
ginger_ale,186,185,246,255,988
compost,127,205,77,255,989
heavy_cream,71,250,85,255,990
diced__lime,178,60,235,255,991
taco,87,167,217,255,992
scotch,100,143,254,255,993
diced__chorizo,65,71,87,255,994
erlenmeyer_flask,82,244,191,255,995
half_crab,96,123,244,255,996
diced__cherry_tomato,163,173,108,255,997
tarnish,169,164,126,255,998
cooked__diced__oxtail,92,172,203,255,999
volleyball_net,250,223,70,255,1000
boxed_ink_cartridge,249,159,221,255,1001
box_of_takeout,253,65,244,255,1002
trampoline_leg,183,202,157,255,1003
half_peppermint_candy,177,193,142,255,1004
cooked__diced__blackberry,157,77,234,255,1005
lotion,173,252,152,255,1006
bag_of_brown_rice,138,64,108,255,1007
cooked__milkshake,58,254,202,255,1008
roux,183,163,137,255,1009
background,96,53,174,255,1010
carton_of_pineapple_juice,221,204,113,255,1011
shoulder_bag,143,114,57,255,1012
tissue_dispenser,136,90,87,255,1013
diced__ginger,175,245,115,255,1014
bandana,181,51,111,255,1015
cubicle,76,245,127,255,1016
cooked__diced__tuna,143,236,149,255,1017
loudspeaker,173,212,159,255,1018
compost_bin,150,214,247,255,1019
cream_carton,58,135,104,255,1020
public_trash_can,78,56,168,255,1021
saucer,185,180,95,255,1022
lemon_water,83,155,202,255,1023
l_shaped_handle,175,233,165,255,1024
glass_lantern,254,54,173,255,1025
half_squid,103,64,61,255,1026
candy_cane,56,171,118,255,1027
egg,55,79,71,255,1028
diced__kale,168,202,150,255,1029
cucumber,204,128,229,255,1030
cooked__macaroni,64,158,246,255,1031
cornstarch,229,196,191,255,1032
gasoline,149,216,189,255,1033
bottle_of_soda,215,103,236,255,1034
chicken_leg,59,211,73,255,1035
pool_table,244,216,251,255,1036
storage_organizer,156,228,237,255,1037
digital_camera,71,162,222,255,1038
lighter,78,68,115,255,1039
gunpowder,223,221,97,255,1040
charcoal_grill,128,94,194,255,1041
cooked__diced__banana_bread,163,91,166,255,1042
half_sugar_cookie_dough,113,87,140,255,1043
thermostat,198,143,132,255,1044
pottable_chili,254,107,141,255,1045
corkscrew,223,59,229,255,1046
lubricant_bottle,168,203,176,255,1047
green_onion,70,116,146,255,1048
box_of_yogurt,118,121,90,255,1049
cumin,224,221,199,255,1050
raisin,132,206,157,255,1051
chocolate_biscuit,62,223,79,255,1052
bar_stool,88,213,253,255,1053
china,242,139,140,255,1054
cooked__diced__butternut_squash,81,184,50,255,1055
peanut_butter,72,74,139,255,1056
talcum,78,94,252,255,1057
half_chicken_leg,193,191,91,255,1058
straight_pin,127,197,82,255,1059
cooked__dog_food,60,77,203,255,1060
shower,112,101,54,255,1061
saddle_soap,186,137,133,255,1062
jar_of_grains,79,106,140,255,1063
sugar_sack,100,89,237,255,1064
flag_pole,113,209,64,255,1065
mushroom_sauce,227,81,144,255,1066
diced__doughnut,164,184,235,255,1067
garlic,53,122,149,255,1068
cooked__diced__granola_bar,157,175,102,255,1069
postage_stamp,140,234,88,255,1070
toilet_soap,138,234,73,255,1071
garden_coffee_table,78,176,162,255,1072
hair_dryer,176,149,55,255,1073
cooked__crouton,132,229,50,255,1074
tube_of_toothpaste,213,147,131,255,1075
croissant,161,59,105,255,1076
papaya,141,89,58,255,1077
diced__bratwurst,222,62,106,255,1078
floors,74,83,163,255,1079
bottle_of_liquid_soap,187,238,172,255,1080
diced__chocolate_cookie_dough,253,176,192,255,1081
diced__pepperoni,171,255,126,255,1082
sesame_seed,98,188,187,255,1083
wine_bottle,105,125,172,255,1084
diced__papaya,215,61,239,255,1085
diced__chili,214,221,224,255,1086
cooked__diced__salmon,198,221,147,255,1087
cooked__mayonnaise,101,250,251,255,1088
half_chocolate_cake,186,218,178,255,1089
camera_tripod,130,168,182,255,1090
cooked__diced__olive,165,88,150,255,1091
nutmeg_shaker,142,251,59,255,1092
bowling_ball,204,178,171,255,1093
cooked__diced__marshmallow,136,218,202,255,1094
copper_wire,189,215,188,255,1095
box_of_lemons,104,104,81,255,1096
doily,212,159,81,255,1097
half_zucchini,184,75,55,255,1098
cheese_sauce,95,115,185,255,1099
sunflower_seed_bag,153,113,113,255,1100
half_bay_leaf,56,231,106,255,1101
cheesecake,141,154,142,255,1102
olive_oil_bottle,237,143,83,255,1103
cd,152,218,171,255,1104
half_cherry_tomato,114,126,134,255,1105
wheelbarrow,245,55,72,255,1106
half_croissant,166,154,135,255,1107
beaten_egg,219,246,250,255,1108
rum,112,244,211,255,1109
skirt,149,70,173,255,1110
swiss_cheese,172,102,210,255,1111
bottle_of_perfume,105,100,138,255,1112
decorative_sign,122,68,115,255,1113
half_beet,57,65,102,255,1114
cooked__whole_milk,185,114,165,255,1115
tomato_rice,119,130,58,255,1116
paper_clip,196,161,128,255,1117
mushroom,167,187,65,255,1118
necklace,108,231,255,255,1119
bottle_of_mustard_seeds,64,192,207,255,1120
cooked__diced__tomato,202,230,81,255,1121
soccer_ball,207,199,112,255,1122
downlight,168,204,59,255,1123
stucco,121,127,193,255,1124
rhubarb,58,139,185,255,1125
nutmeg,88,243,138,255,1126
diced__kabob,118,66,111,255,1127
paprika_shaker,177,89,115,255,1128
cooked__diced__omelet,69,182,82,255,1129
bottle_of_papaya_juice,234,174,129,255,1130
electric_switch,188,144,236,255,1131
cellulose_tape_dispenser,50,189,58,255,1132
pattypan_squash,188,244,95,255,1133
flour_sack,154,165,119,255,1134
tweezers,61,195,111,255,1135
thyme,189,167,87,255,1136
fertilizer,58,61,123,255,1137
shampoo_bottle,152,197,103,255,1138
cooked__diced__lemon,123,247,189,255,1139
raw_egg,79,173,88,255,1140
agave,142,234,89,255,1141
valentine_wreath,153,86,79,255,1142
cooked__white_rice,67,104,129,255,1143
diced__crescent_roll,220,215,211,255,1144
cooked__pancake_batter,180,173,175,255,1145
trophy,100,201,127,255,1146
coffee_maker,233,163,229,255,1147
portrait,87,167,118,255,1148
diced__leek,162,140,226,255,1149
blackboard,196,108,241,255,1150
kielbasa,85,157,186,255,1151
cooked__almond,85,205,232,255,1152
vanilla_bottle,194,197,209,255,1153
paper_coffee_filter,66,156,227,255,1154
schnitzel,187,254,56,255,1155
boulder,98,239,236,255,1156
pineapple_juice_carton,205,77,149,255,1157
cooked__vinegar,196,248,149,255,1158
pumpkin,243,122,68,255,1159
stain,98,152,215,255,1160
jar_of_pepper,163,107,167,255,1161
half_tofu,192,139,196,255,1162
bottle_of_salsa,170,59,55,255,1163
cooked__refried_beans,65,94,162,255,1164
box_of_cereal,92,106,89,255,1165
toilet_paper_holder,86,191,250,255,1166
cooked__saffron,217,64,192,255,1167
sanitary_napkin,237,106,158,255,1168
loofah,205,207,74,255,1169
price_tag,54,181,77,255,1170
half_french_toast,61,93,85,255,1171
armchair,235,151,154,255,1172
half_coconut_fruit,190,242,209,255,1173
tiramisu,156,94,234,255,1174
liqueur,106,155,128,255,1175
half_watermelon,161,201,240,255,1176
diced__antipasto,250,195,108,255,1177
deodorant_atomizer,150,120,190,255,1178
bread_slice,202,176,135,255,1179
cooler,195,61,79,255,1180
food_processor,148,223,153,255,1181
chia_seed,142,72,144,255,1182
chives,222,111,240,255,1183
burlap_bag,145,241,62,255,1184
ribbon,180,93,114,255,1185
sleeping_bag,115,65,76,255,1186
hammock,117,118,217,255,1187
can_of_tomatoes,235,133,248,255,1188
wax_remnant,199,181,68,255,1189
half_fillet,195,213,184,255,1190
granola,165,180,183,255,1191
mashed_potato,155,123,137,255,1192
pork_chop,240,241,122,255,1193
flower_petal,128,206,208,255,1194
ginger_beer,210,131,189,255,1195
white_rice,128,170,128,255,1196
baguette,92,114,170,255,1197
sticker,218,113,188,255,1198
marinara_jar,131,206,146,255,1199
bottle_of_beer,241,73,179,255,1200
cumin_shaker,128,208,131,255,1201
diced__cinnamon_roll,99,97,144,255,1202
oat_box,129,170,156,255,1203
console_table,102,142,97,255,1204
bottle_of_soy_milk,147,214,149,255,1205
glaze,217,154,244,255,1206
marigold,135,249,174,255,1207
bottle_of_milkshake,232,210,57,255,1208
screwdriver,57,67,216,255,1209
denture,188,54,128,255,1210
box_of_whiskey,68,178,172,255,1211
hydrogen_peroxide,124,213,174,255,1212
milk_carton,252,243,126,255,1213
half_vidalia_onion,181,176,189,255,1214
diced__green_onion,120,216,80,255,1215
coal,162,224,182,255,1216
cheese_tart,186,81,62,255,1217
standing_mirror,62,183,92,255,1218
black_bean,189,86,78,255,1219
cooked__diced__fruitcake,185,148,104,255,1220
cooked__diced__eggplant,118,213,128,255,1221
bottom_cabinet_no_top,65,157,119,255,1222
roll_dough,195,175,154,255,1223
outlet,240,216,162,255,1224
jar_of_jelly,76,84,231,255,1225
paper_bag,146,216,132,255,1226
half_branch,166,242,103,255,1227
diced__meatball,207,57,111,255,1228
jersey,81,132,94,255,1229
diced__strawberry,82,160,190,255,1230
spray_bottle,191,255,221,255,1231
popcorn_bag,146,197,115,255,1232
chestnut,197,82,229,255,1233
cooked__diced__clove,130,127,180,255,1234
lemonade,249,162,79,255,1235
cooked__diced__taco,226,158,187,255,1236
box_of_butter,186,172,239,255,1237
canned_food,88,151,129,255,1238
insectifuge,56,176,104,255,1239
trumpet,69,121,166,255,1240
punching_bag,215,168,141,255,1241
chlorine,204,204,176,255,1242
dreidel,70,187,132,255,1243
half_pickle,236,183,143,255,1244
bottle_of_pumpkin_pie_spice,120,195,190,255,1245
diced__prawn,187,184,90,255,1246
cooked__breadcrumb,92,65,184,255,1247
motion_sensor,248,75,70,255,1248
bag_of_mulch,195,219,179,255,1249
shorts,178,108,219,255,1250
sesame_seed_shaker,87,150,210,255,1251
cooked__brown_sugar,229,198,52,255,1252
acetone,252,249,127,255,1253
cooked__diced__dried_apricot,237,103,222,255,1254
cooked__diced__ham_hock,161,110,119,255,1255
oil_bottle,149,142,83,255,1256
cherry_filling,190,80,78,255,1257
half_chocolate_chip_cookie,180,151,101,255,1258
gym_mat,85,145,169,255,1259
chicken_breast,148,237,232,255,1260
cooked__coconut_oil,73,88,133,255,1261
half_asparagus,69,130,77,255,1262
half_beefsteak_tomato,99,134,105,255,1263
bottle_of_coconut_oil,93,111,127,255,1264
grater,81,172,150,255,1265
half_potato,51,78,200,255,1266
enchilada,228,102,234,255,1267
bottom_cabinet,66,178,126,255,1268
rum_bottle,71,235,67,255,1269
hospital_bed,239,144,255,255,1270
chainsaw,195,109,161,255,1271
outline_vase,138,75,188,255,1272
massage_bed,107,182,53,255,1273
edible_cookie_dough,218,186,228,255,1274
yogurt_carton,80,235,132,255,1275
bap,217,238,219,255,1276
bird_feeder,113,95,143,255,1277
half_cardstock,106,216,243,255,1278
diced__venison,65,217,74,255,1279
grocery_fridge,237,174,209,255,1280
bottle_of_shampoo,239,142,247,255,1281
bucket_of_paint,106,90,222,255,1282
chocolate_cake,63,88,100,255,1283
wok,133,52,147,255,1284
sugar_syrup,177,204,173,255,1285
wicker_basket,114,231,153,255,1286
half_waffle,135,53,50,255,1287
cooked__diced__spice_cookie_dough,164,66,69,255,1288
sunscreen,223,212,61,255,1289
half_chestnut,197,170,218,255,1290
diced__scone,141,125,113,255,1291
sliced_roast_beef,196,149,198,255,1292
jar_of_coffee,155,236,188,255,1293
bottle_of_lubricant,127,241,63,255,1294
cola_bottle,142,200,109,255,1295
scoreboard,74,174,253,255,1296
cooked__diced__sourdough,171,142,60,255,1297
wallet,162,127,211,255,1298
rolled_yoga_mat,99,120,219,255,1299
diced__bean_curd,132,166,231,255,1300
diced__cherry,142,122,150,255,1301
cooked__orange_juice,158,177,132,255,1302
bottle_of_lighter_fluid,173,81,197,255,1303
digital_thermometer,143,122,209,255,1304
diced__buttermilk_pancake,151,121,208,255,1305
bottle_of_sesame_oil,93,170,151,255,1306
bottle_of_ammonia,251,253,172,255,1307
pool_stick,197,82,228,255,1308
paver,177,199,96,255,1309
information_bulletin,177,175,236,255,1310
dvd,111,197,219,255,1311
dry_food_dispenser_shelf,87,132,132,255,1312
half_ginger_root,192,179,242,255,1313
cooking_oil_atomizer,208,158,103,255,1314
box_of_rice,150,62,157,255,1315
wool_coat,149,114,148,255,1316
white_wine,103,113,238,255,1317
platter,208,130,131,255,1318
cooked__diced__kale,235,121,165,255,1319
espresso_machine,153,123,174,255,1320
brisket,87,89,189,255,1321
poster,186,163,107,255,1322
cooked__cheese_pastry_filling,155,255,124,255,1323
diced__turkey_leg,172,163,141,255,1324
coconut_oil,170,164,149,255,1325
ice_cream_carton,243,203,98,255,1326
bottle_of_cologne,175,76,51,255,1327
sound_system,109,189,184,255,1328
jar_of_pepper_seasoning,86,210,181,255,1329
cappuccino,152,174,89,255,1330
air_filter,139,113,91,255,1331
cooked__diced__white_turnip,197,185,174,255,1332
cooked__diced__trout,62,148,97,255,1333
chicken_wire,174,141,210,255,1334
fixed_window,220,167,242,255,1335
whitewall_tire,238,185,194,255,1336
diced__pear,180,76,118,255,1337
beer_keg,208,186,231,255,1338
toy_figure,249,227,138,255,1339
tree,210,102,120,255,1340
can_of_oatmeal,140,188,93,255,1341
half_kiwi,165,142,196,255,1342
commercial_kitchen_table,66,143,178,255,1343
cigarette,135,138,103,255,1344
cooked__jam,156,174,148,255,1345
tupperware,75,213,164,255,1346
trailer_truck,126,229,222,255,1347
bottle_of_tequila,174,235,191,255,1348
cooked__diced__papaya,149,87,104,255,1349
petri_dish,51,125,206,255,1350
tabletop_sink,175,238,54,255,1351
ham_hock,91,77,66,255,1352
half_leek,126,163,59,255,1353
bottle_of_fabric_softener,102,204,225,255,1354
cooked__diced__vanilla,187,80,104,255,1355
applesauce,223,144,86,255,1356
thumbtack,113,244,218,255,1357
flat_coat,197,158,150,255,1358
cup_of_ranch,53,225,72,255,1359
cooked__diced__french_toast,170,113,77,255,1360
papaya_juice,255,212,105,255,1361
serving_cart,79,115,137,255,1362
jar_of_cocoa,63,232,245,255,1363
cardstock,100,230,70,255,1364
caraway_seed,242,97,90,255,1365
nut_butter,176,114,165,255,1366
detergent_bottle,182,110,184,255,1367
cooked__diced__chestnut,155,196,76,255,1368
half_tortilla_chip,105,101,201,255,1369
cooked__miso,200,228,124,255,1370
deodorant_stick,215,207,116,255,1371
canola_oil,221,155,135,255,1372
cooked__green_tea,230,76,224,255,1373
french_fry_holder,60,96,109,255,1374
pumpkin_seed,53,213,160,255,1375
diced__gourd,64,156,62,255,1376
cooked__barley,169,167,119,255,1377
half_nectarine,87,233,50,255,1378
virginia_ham,53,91,162,255,1379
lime,233,214,114,255,1380
diced__agave,217,201,199,255,1381
easter_egg,196,231,247,255,1382
cocoa_powder_jar,221,156,218,255,1383
diced__porkchop,80,125,228,255,1384
beef_broth,129,62,238,255,1385
half_pork_chop,89,53,104,255,1386
alga,198,96,134,255,1387
drill,68,212,181,255,1388
cooked__nutmeg,200,248,213,255,1389
jigsaw_puzzle,62,250,188,255,1390
hairbrush,72,77,75,255,1391
cooked__diced__chicken_tender,84,179,202,255,1392
electric_fan,116,163,80,255,1393
wrinkle,146,243,138,255,1394
receipt,151,95,164,255,1395
half_durian,219,76,114,255,1396
pottable_dahlia,68,176,240,255,1397
bowl,68,130,102,255,1398
cooked__mashed_potato,136,130,242,255,1399
wood_fireplace,183,113,252,255,1400
magnifying_glass,92,222,191,255,1401
lid,237,163,61,255,1402
video_game,208,216,55,255,1403
leaf_blower,131,164,85,255,1404
pottable_daffodil,249,81,89,255,1405
saffron,158,111,185,255,1406
whetstone,96,186,219,255,1407
cooked__diced__chives,72,228,169,255,1408
cooked__ricotta,174,120,78,255,1409
meat_thermometer,59,184,222,255,1410
cooked__diced__waffle,125,140,148,255,1411
mold,245,76,211,255,1412
cooked__beef_stew,170,57,213,255,1413
diced__crayfish,167,170,76,255,1414
sauna_suit,85,221,102,255,1415
shower_stall,189,239,217,255,1416
openable_window,74,214,232,255,1417
dowel,130,232,229,255,1418
cooked__coconut_milk,249,54,116,255,1419
cooked__diced__biscuit_dough,196,181,220,255,1420
watering_can,236,157,242,255,1421
diced__butter_cookie,65,192,95,255,1422
hiking_boot,104,171,162,255,1423
dipper,164,177,61,255,1424
cheese_pastry_filling,62,175,178,255,1425
sandbox,133,50,146,255,1426
patty,70,210,178,255,1427
dog_food_can,244,51,109,255,1428
bottle_of_chili_pepper,182,180,216,255,1429
cooked__pistachio,78,180,112,255,1430
structural_element,122,215,181,255,1431
half_peach,184,92,135,255,1432
shortening,172,67,128,255,1433
hard_drive,236,76,139,255,1434
candy_dispenser_shelf,50,170,82,255,1435
ceiling_air_conditioner,125,217,134,255,1436
half_cheese_danish,252,130,193,255,1437
bleu,105,249,226,255,1438
half_toast,165,241,170,255,1439
cooked__hot_sauce,178,89,236,255,1440
hard_candy,110,248,208,255,1441
hummus_box,254,198,120,255,1442
lime_juice_bottle,234,55,185,255,1443
venison,112,53,230,255,1444
hook,225,84,152,255,1445
cooked__coca_cola,113,95,232,255,1446
bottle_of_caulk,136,81,189,255,1447
ripsaw,73,244,160,255,1448
jar_of_strawberry_jam,161,240,101,255,1449
classroom_mock_up,75,222,244,255,1450
cooked__waffle_batter,190,157,88,255,1451
half_pork,140,132,113,255,1452
wall_mounted_loudspeaker,118,74,239,255,1453
brownie_batter,125,155,243,255,1454
dust,234,126,214,255,1455
ceiling_mounted_basketball_hoop,189,50,60,255,1456
diced__sugar_cookie,168,88,220,255,1457
cooked__diced__pepperoni,137,60,179,255,1458
nativity_figurine,82,90,213,255,1459
parsnip,154,74,173,255,1460
cooked__chickpea,223,148,124,255,1461
tablecloth,60,216,61,255,1462
diced__olive,116,228,223,255,1463
cooked__nut_butter,215,144,94,255,1464
desk_phone,131,166,154,255,1465
star_anise,111,88,183,255,1466
fishing_rod,207,142,144,255,1467
mint,238,134,142,255,1468
skateboard_wheel,224,95,122,255,1469
door,62,90,176,255,1470
diced__parsnip,217,151,83,255,1471
box_of_wagashi,86,83,88,255,1472
cooked__diced__green_onion,106,75,201,255,1473
car_wheel,74,217,231,255,1474
echeveria_elegans,64,165,242,255,1475
dried_apricot,78,204,92,255,1476
jeans,191,53,98,255,1477
bottle_of_ground_nutmeg,226,174,241,255,1478
cooked__diced__bay_leaf,199,234,94,255,1479
cooked__diced__gingerbread,62,254,124,255,1480
bottle_of_protein_powder,230,224,227,255,1481
pearl,54,155,84,255,1482
kiwi,70,212,147,255,1483
half_lobster,209,85,243,255,1484
cooked__diced__club_sandwich,86,182,145,255,1485
bag_of_auricularia,140,195,222,255,1486
asparagus,161,204,168,255,1487
dartboard,95,190,182,255,1488
green_onion_stalk,120,211,86,255,1489
toilet,158,166,53,255,1490
nail_polish,183,159,80,255,1491
sour_cream,107,51,185,255,1492
water_atomizer,207,84,150,255,1493
buttermilk,103,107,152,255,1494
cooked__beaten_egg,95,59,126,255,1495
half_garlic,159,218,224,255,1496
colander,69,50,167,255,1497
gate,71,81,129,255,1498
melted__chocolate,88,165,78,255,1499
half_meatball,141,171,95,255,1500
watch,129,64,156,255,1501
diced__cod,213,107,158,255,1502
walker,93,182,202,255,1503
cooked__diced__yam,168,83,93,255,1504
garlic_bread,156,190,243,255,1505
rake,80,211,70,255,1506
diced__gelatin,96,172,197,255,1507
scrambled_eggs,60,226,146,255,1508
ceiling_mounted_projector,128,195,185,255,1509
hair_spray,121,239,86,255,1510
shiitake,152,170,149,255,1511
cooked__pea,96,224,150,255,1512
mallet,171,198,89,255,1513
half_kabob,189,233,126,255,1514
turkey_leg,50,86,189,255,1515
cooked__diced__chicken_leg,236,130,68,255,1516
cooked__jerk_seasoning,109,61,97,255,1517
honey_jar,151,174,55,255,1518
notepad,101,177,238,255,1519
box_of_baking_mix,113,130,249,255,1520
drop_in_sink,155,108,102,255,1521
folder,51,141,124,255,1522
lemon_pepper_seasoning_shaker,203,94,200,255,1523
gelatin,94,161,236,255,1524
syringe,63,120,102,255,1525
car,126,186,233,255,1526
sandal,209,194,109,255,1527
reagent_bottle,209,187,138,255,1528
lens,140,173,110,255,1529
room_light,135,79,190,255,1530
diced__yam,59,169,119,255,1531
mulch_bag,233,59,102,255,1532
chicken_coop,95,125,124,255,1533
pedestal_sink,205,229,99,255,1534
half_doughnut,138,207,89,255,1535
water,128,254,187,255,1536
plate,79,138,142,255,1537
paper_lantern,138,179,169,255,1538
half_radish,121,247,212,255,1539
cooked__pecan,54,140,221,255,1540
tights,58,142,178,255,1541
martini,133,199,142,255,1542
hose_cart,144,231,238,255,1543
eyeshadow,74,149,204,255,1544
name_tag,99,227,229,255,1545
pipe_cleaner,100,137,111,255,1546
lime_juice,84,159,144,255,1547
cooked__tomato_paste,78,144,165,255,1548
alarm_clock,91,207,90,255,1549
cooked__instant_coffee,180,238,179,255,1550
ice_lolly,205,69,211,255,1551
baseboard,246,191,88,255,1552
cooked__onion_ring_batter,93,152,50,255,1553
instant_coffee_jar,208,127,190,255,1554
cooked__diced__strawberry,157,67,71,255,1555
peppermint_candy,138,240,60,255,1556
test_tube_clamp,139,206,193,255,1557
diced__swiss_cheese,68,204,142,255,1558
chicken_wing,88,51,137,255,1559
chili_powder,251,238,244,255,1560
box_of_aluminium_foil,234,167,223,255,1561
violin,242,113,242,255,1562
weed,138,124,150,255,1563
durian,199,131,208,255,1564
bottle_of_sunscreen,75,74,203,255,1565
gingerbread,204,127,239,255,1566
half_log,67,200,250,255,1567
bottle_of_onion_powder,201,80,93,255,1568
kale,166,171,241,255,1569
bobby_pin,232,149,150,255,1570
soya_milk,69,64,192,255,1571
milkshake,95,161,89,255,1572
pineapple_juice,210,222,242,255,1573
christmas_tree,217,149,79,255,1574
stove,173,85,107,255,1575
half_chili,106,77,97,255,1576
christmas_tree_decorated,228,129,137,255,1577
light_bulb,250,124,183,255,1578
briefcase,164,143,252,255,1579
bottle_of_cold_cream,81,238,139,255,1580
chickpea_can,254,83,50,255,1581
cooked__diced__mango,218,141,180,255,1582
parsley,102,111,156,255,1583
baseball,158,101,80,255,1584
canister,135,125,232,255,1585
muffin,203,131,218,255,1586
box_of_coconut_milk,145,84,67,255,1587
cooked__fennel,70,97,198,255,1588
box_of_cookies,203,87,66,255,1589
quiche,63,204,96,255,1590
sealant,61,233,245,255,1591
can_of_bay_leaves,192,236,91,255,1592
granola_bar,145,101,239,255,1593
lamb,160,77,218,255,1594
funnel,189,91,59,255,1595
cooked__arborio_rice,112,56,214,255,1596
cooked__cafe_au_lait,78,114,195,255,1597
architectural_plan,252,179,176,255,1598
diced__cookie_dough,170,158,243,255,1599
carving_knife,187,170,55,255,1600
cooked__diced__prosciutto,53,140,187,255,1601
leotard,150,175,246,255,1602
half_chicken,118,129,172,255,1603
diced__vidalia_onion,182,63,219,255,1604
bicycle_rack,56,121,249,255,1605
folding_chair,84,71,154,255,1606
insectifuge_atomizer,182,189,162,255,1607
cookie_dough,81,188,117,255,1608
jug,96,203,143,255,1609
polish_bottle,161,227,113,255,1610
thyme_shaker,124,212,153,255,1611
half_cupcake,122,194,195,255,1612
fried_chicken,88,168,92,255,1613
poker,136,241,66,255,1614
cooked__diced__nectarine,101,85,113,255,1615
envelope,140,214,239,255,1616
cooked__red_meat_sauce,194,143,84,255,1617
butter,175,223,218,255,1618
prosciutto,227,70,127,255,1619
scoop_of_ice_cream,62,105,126,255,1620
yeast,71,109,75,255,1621
diced__roast_beef,91,220,212,255,1622
sushi,164,163,138,255,1623
cooked__cider,227,85,242,255,1624
wall_mounted_light,113,52,173,255,1625
chip,133,114,248,255,1626
cooked__diced__pieplant,131,92,83,255,1627
half_edible_cookie_dough,140,153,203,255,1628
cooked__diced__apricot,76,199,116,255,1629
half_leaf,208,165,205,255,1630
borax,62,116,251,255,1631
cooked__peanut,64,141,91,255,1632
cooked__diced__chard,100,208,83,255,1633
rutabaga,188,151,229,255,1634
lima_bean,243,75,156,255,1635
paving_stone,67,104,172,255,1636
diced__muffin,82,171,74,255,1637
floor_wax_bottle,132,81,100,255,1638
gaming_table,239,167,241,255,1639
frame,68,226,253,255,1640
scrub_brush,253,180,135,255,1641
vanilla_flower,253,145,148,255,1642
tulip,234,153,108,255,1643
box_of_champagne,132,234,166,255,1644
coaster,165,217,57,255,1645
diced__tofu,227,115,181,255,1646
photocopier,155,127,166,255,1647
grated_cheese,164,169,119,255,1648
cooked__espresso,53,248,170,255,1649
electric_kettle,208,161,118,255,1650
bag_of_fertilizer,172,65,139,255,1651
pack_of_chocolate_bar,50,231,124,255,1652
cooked__meringue,140,196,149,255,1653
cooked__diced__dumpling,62,65,180,255,1654
sofa,112,55,70,255,1655
cooked__diced__radish,179,77,99,255,1656
pretzel,236,254,174,255,1657
ski,231,166,163,255,1658
cooked__pumpkin_pie_spice,231,165,141,255,1659
cooked__diced__brisket,163,117,250,255,1660
diced__artichoke,245,81,110,255,1661
cooked__red_wine,172,251,236,255,1662
diced__potato,229,125,194,255,1663
half_banana,215,81,68,255,1664
box_of_sanitary_napkins,241,152,238,255,1665
wall_nail,187,165,65,255,1666
half_kale,192,243,223,255,1667
electric_mixer,177,122,149,255,1668
bottle_of_tea,198,250,194,255,1669
cooked__diced__frankfurter_bun,108,199,224,255,1670
basil_jar,251,156,155,255,1671
foam,123,255,116,255,1672
mailbox,187,122,102,255,1673
pipe,127,70,143,255,1674
half_brussels_sprouts,138,80,214,255,1675
cap,116,161,78,255,1676
cinnamon_shaker,57,64,110,255,1677
jade_roller,228,206,137,255,1678
bottle_of_sealant,117,193,141,255,1679
tackle_box,73,248,227,255,1680
ground_beef,125,109,129,255,1681
diced__marshmallow,119,208,62,255,1682
brussels_sprouts,141,253,121,255,1683
baking_powder,55,54,92,255,1684
pumpkin_pie_spice,173,53,182,255,1685
cooked__diced__cod,191,88,244,255,1686
cooked__diced__burrito,104,66,57,255,1687
cooked__chocolate_sauce,218,157,69,255,1688
half_wrapping_paper,236,126,87,255,1689
green_tea,195,237,194,255,1690
diced__lemon,67,178,164,255,1691
bell_pepper,114,164,185,255,1692
microscope,251,90,214,255,1693
jar_of_chilli_powder,235,87,90,255,1694
carbon_black,210,59,84,255,1695
lint_screen,73,202,174,255,1696
cooked__diced__ramen,57,224,98,255,1697
rag,231,144,173,255,1698
broccolini,156,90,248,255,1699
pomelo,254,128,152,255,1700
cooked__diced__squid,160,89,170,255,1701
macaroni,175,146,169,255,1702
squeegee,157,99,122,255,1703
half_chocolate_biscuit,183,152,149,255,1704
vanilla,184,219,108,255,1705
bookcase,240,205,74,255,1706
cooked__diced__cold_cuts,165,200,170,255,1707
kayak_rack,96,239,80,255,1708
recreational_vehicle,130,79,162,255,1709
water_filter,208,65,198,255,1710
tarp,149,203,65,255,1711
cooked__diced__hamburger,247,175,126,255,1712
painting,237,182,176,255,1713
cooked__mustard,230,142,103,255,1714
diced__crab,156,54,187,255,1715
half_hamburger,180,255,182,255,1716
pottable_cactus,52,235,74,255,1717
fuel_can,249,94,108,255,1718
cooked__diced__roast_beef,154,253,189,255,1719
mussel,179,151,57,255,1720
antihistamine,127,169,200,255,1721
beer_tap,83,153,215,255,1722
cooked__gravy,172,153,191,255,1723
bath_towel,120,234,103,255,1724
cup_of_yogurt,73,166,175,255,1725
vegetable_peeler,123,228,74,255,1726
half_broccolini,91,135,156,255,1727
violin_case,225,66,228,255,1728
chalice,146,62,164,255,1729
cooked__worcester_sauce,217,61,155,255,1730
handset,98,130,96,255,1731
cooked__diced__hip,173,79,169,255,1732
mustard_seed,113,80,186,255,1733
diced__enchilada,85,185,186,255,1734
cooked__filling,80,146,133,255,1735
brandy,159,220,151,255,1736
shoe_box,54,227,118,255,1737
bottle_of_gin,90,224,173,255,1738
carton_of_soy_milk,182,81,154,255,1739
firewood_grate,111,119,167,255,1740
half_white_turnip,234,110,211,255,1741
popcorn_machine,231,245,97,255,1742
essential_oil,58,171,131,255,1743
marinade,219,92,77,255,1744
spotlight,129,163,207,255,1745
grandfather_clock,126,143,225,255,1746
diced__mustard,108,102,148,255,1747
cooked__diced__hard_boiled_egg,168,145,174,255,1748
hutch,198,149,175,255,1749
half_parsnip,249,112,182,255,1750
diced__trout,144,127,58,255,1751
cooked__diced__cucumber,51,138,105,255,1752
plastic_wrap,105,60,248,255,1753
scallop,63,182,108,255,1754
meatball,98,224,89,255,1755
notebook,243,142,169,255,1756
feather,244,123,174,255,1757
half_marshmallow,224,223,178,255,1758
newspaper,86,119,161,255,1759
chickpea,245,163,95,255,1760
whisk,179,186,243,255,1761
hanging_banners,72,251,158,255,1762
bulletin_board,115,190,255,255,1763
bottle_of_maple_syrup,232,188,134,255,1764
broom,100,71,139,255,1765
bottle_of_sriracha,104,238,110,255,1766
candied_yam,101,126,177,255,1767
bar,234,181,197,255,1768
cranberry_juice,69,146,126,255,1769
walnut,56,165,182,255,1770
cooked__caraway_seed,137,158,201,255,1771
towel_rack,93,235,73,255,1772
pita,101,147,184,255,1773
half_kielbasa,156,104,244,255,1774
rubber_glove,135,191,214,255,1775
mustard_seasoning,146,76,64,255,1776
rubbing_alcohol_atomizer,208,199,77,255,1777
arbor,200,142,242,255,1778
charger,64,83,227,255,1779
half_cherry,178,119,244,255,1780
cooked__diced__melon,182,50,131,255,1781
ice_cream_cone,71,169,129,255,1782
credit_card,176,79,76,255,1783
half_taco,174,148,207,255,1784
diced__tortilla,63,60,147,255,1785
clipper,252,198,97,255,1786
diced__cantaloup,183,248,87,255,1787
cooked__diced__rutabaga,91,122,81,255,1788
cooked__diced__chicken,112,148,57,255,1789
half_trout,240,233,205,255,1790
cruet,92,195,251,255,1791
wind_chime,141,194,182,255,1792
diced__prosciutto,238,168,150,255,1793
pineapple,56,181,92,255,1794
drinking_fountain,130,153,107,255,1795
shopping_basket,77,76,73,255,1796
melted__swiss_cheese,170,57,164,255,1797
hard_boiled_egg,125,130,72,255,1798
diced__bagel_dough,172,246,204,255,1799
pack_of_ramen,113,248,86,255,1800
floor_wax,142,203,62,255,1801
pedestal,77,217,121,255,1802
chard,220,188,217,255,1803
half_chicken_breast,182,126,227,255,1804
meringue,212,128,141,255,1805
cooked__diced__frank,134,196,239,255,1806
zipper,66,180,117,255,1807
pestle,190,92,219,255,1808
half_salmon,52,64,240,255,1809
cooked__pine_nut,243,242,125,255,1810
ice_tray,69,230,215,255,1811
buttermilk_pancake,191,131,232,255,1812
cooked__diced__pumpkin,192,232,139,255,1813
vodka,172,226,151,255,1814
easel,248,106,144,255,1815
old_fashioned,64,83,196,255,1816
table_runner,124,89,194,255,1817
jelly,188,208,208,255,1818
cooked__diced__cherry,92,249,137,255,1819
cayenne_shaker,165,99,115,255,1820
diced__shiitake,88,107,230,255,1821
whiskey_bottle,140,197,185,255,1822
diced__coconut,251,195,143,255,1823
bottle_of_cleaner,121,134,51,255,1824
water_bottle,108,57,155,255,1825
diamond,57,196,122,255,1826
diced__bacon,244,251,230,255,1827
test_tube,121,192,103,255,1828
bottle_of_glass_cleaner,217,202,62,255,1829
half_eggplant,140,230,91,255,1830
cooked__diced__cantaloup,208,177,147,255,1831
granulated_salt,178,233,205,255,1832
diced__mushroom,176,235,187,255,1833
hose,202,116,195,255,1834
coconut_milk,148,126,129,255,1835
cream_soda,252,218,74,255,1836
box_of_raspberries,103,254,201,255,1837
adhesive_material,180,50,68,255,1838
diced__pomelo,93,168,70,255,1839
cooked__sesame_seed,62,228,247,255,1840
sieve,169,62,155,255,1841
bleaching_agent_atomizer,214,90,106,255,1842
diced__danish,92,83,181,255,1843
hair,151,108,218,255,1844
french_toast,183,80,243,255,1845
top_cabinet,73,242,194,255,1846
cabinet_door,251,255,177,255,1847
diced__french_fries,62,171,87,255,1848
pepperoni,173,58,155,255,1849
peat,124,68,160,255,1850
carafe,234,242,181,255,1851
rubber_boot,150,80,67,255,1852
low_resolution_tree,69,210,223,255,1853
half_sunflower,111,232,154,255,1854
box_of_baking_powder,135,97,198,255,1855
cooked__raisin,124,151,191,255,1856
drip_coffee,223,176,119,255,1857
half_snapper,98,221,133,255,1858
shaker,196,193,239,255,1859
pine_cone,238,145,252,255,1860
chlorine_bottle,208,254,138,255,1861
brown_rice_sack,253,202,174,255,1862
skates,119,200,165,255,1863
chicken,149,238,91,255,1864
diced__bagel,66,221,125,255,1865
poster_roll,226,92,154,255,1866
diced__sprout,199,170,52,255,1867
sliced_lemon,201,112,226,255,1868
cooked__gazpacho,204,169,229,255,1869
bottle_of_medicine,249,107,202,255,1870
diced__chanterelle,134,81,109,255,1871
food_slicer,173,255,69,255,1872
ticket,119,126,123,255,1873
soy_sauce_bottle,250,230,202,255,1874
half_butter,208,247,144,255,1875
litter_box,111,125,129,255,1876
box_of_lasagna,147,189,72,255,1877
cooked__diced__turkey_leg,89,224,246,255,1878
seawater,189,129,77,255,1879
parallel_bars,243,221,109,255,1880
microphone,249,245,196,255,1881
toothpick,128,142,147,255,1882
commercial_kitchen_sink,162,246,222,255,1883
cooked__lemon_water,224,198,148,255,1884
half_strawberry,80,151,236,255,1885
pole,218,151,78,255,1886
cooked__diced__meatball,58,255,181,255,1887
elliptical_machine,138,223,172,255,1888
griddle_pan,205,228,175,255,1889
cooked__risotto,127,195,101,255,1890
sock,147,184,93,255,1891
bunk_bed,233,57,53,255,1892
drumstick,210,128,230,255,1893
wafer,239,152,193,255,1894
paintbrush,248,182,62,255,1895
skateboard_wheel_assembly,126,170,167,255,1896
sliced_onion,224,76,98,255,1897
half_omelet,176,130,105,255,1898
lawn,128,216,217,255,1899
box_of_flour,88,61,111,255,1900
cocoa_powder,61,144,83,255,1901
orzo,184,231,76,255,1902
toy_car,57,65,176,255,1903
cookie_stick,227,237,96,255,1904
first_aid_kit,173,158,83,255,1905
low_fat_milk,76,250,223,255,1906
nitrogen,105,156,98,255,1907
bottle_of_soup,111,95,195,255,1908
bottle_of_lavender_oil,104,216,170,255,1909
pot_plant,118,85,218,255,1910
cooked__diced__enchilada,65,176,236,255,1911
sliding_door,139,219,178,255,1912
cinnamon_sugar,62,236,196,255,1913
bleaching_agent,178,154,90,255,1914
ash,51,112,130,255,1915
crouton,182,65,133,255,1916
cooked__soy,61,50,70,255,1917
toilet_paper,109,68,88,255,1918
dish_rack_cart,68,198,100,255,1919
half_swiss_cheese,136,74,154,255,1920
sangaree,176,110,137,255,1921
rope,209,223,52,255,1922
snow,58,72,59,255,1923
diced__lamb,174,232,157,255,1924
box_of_rum,122,235,134,255,1925
pump,87,91,71,255,1926
diced__peach,245,222,220,255,1927
diced__bay_leaf,218,229,230,255,1928
cinnamon_roll,84,98,176,255,1929
chorizo,246,193,209,255,1930
cooked__diced__bagel,248,110,150,255,1931
blueberry_mousse,253,170,53,255,1932
half_lamb,134,59,205,255,1933
cooked__diced__fillet,133,117,140,255,1934
chicken_curry,118,84,243,255,1935
diced__rib,88,213,180,255,1936
toothbrush,144,183,191,255,1937
chaise_longue,201,86,213,255,1938
half_shrimp,182,216,210,255,1939
half_peppermint,197,110,233,255,1940
lily,235,255,125,255,1941
cooked__coffee_grounds,175,118,61,255,1942
diced__tenderloin,122,51,155,255,1943
diced__grouper,227,218,64,255,1944
petfood_bag,64,162,117,255,1945
dustpan,155,127,111,255,1946
diced__bleu,103,77,103,255,1947
bag_of_jerky,237,224,192,255,1948
tomato_sauce,156,104,139,255,1949
frail,191,239,66,255,1950
cooked__coriander,112,205,99,255,1951
ottoman,85,172,228,255,1952
chocolate_sauce,233,138,141,255,1953
diced__watermelon,235,119,203,255,1954
meat_loaf,213,167,126,255,1955
cooked__popcorn,238,91,87,255,1956
cloth,231,139,210,255,1957
cooked__cocoa_powder,177,112,195,255,1958
antifreeze,218,211,113,255,1959
cooked__chili_powder,219,198,50,255,1960
half_duck,119,233,147,255,1961
banana_bread,218,65,97,255,1962
carrot,242,97,74,255,1963
lemon_juice,184,242,94,255,1964
beaker,213,100,247,255,1965
cooked__diced__carne_asada,212,227,134,255,1966
poppy_seed,247,59,239,255,1967
diced__date,197,133,53,255,1968
half_hamburger_bun,218,87,63,255,1969
makeup_mirror,153,226,91,255,1970
cranberry,85,215,102,255,1971
guacamole,100,68,201,255,1972
cooked__diced__broccoli_rabe,211,248,105,255,1973
snack_rack,94,135,71,255,1974
cooked__diced__muffin,50,201,93,255,1975
ring,210,96,58,255,1976
chocolate_cookie_dough,51,219,64,255,1977
scraper,167,110,191,255,1978
guitar,66,149,129,255,1979
carton_of_orange_juice,72,185,88,255,1980
steak,52,147,178,255,1981
trampoline_top,95,75,190,255,1982
diced__pretzel,252,253,249,255,1983
bottle_of_chocolate_sauce,240,79,242,255,1984
loin,143,176,249,255,1985
melted__parmesan,153,142,144,255,1986
pack_of_bread,116,203,250,255,1987
half_hotdog,171,87,204,255,1988
lemon_stain_remover,190,80,189,255,1989
wax_paper,195,92,114,255,1990
barley,53,137,71,255,1991
diced__sourdough,196,159,142,255,1992
pomegranate,232,209,134,255,1993
broccoli,173,208,117,255,1994
fountain,173,165,214,255,1995
turkey,234,166,94,255,1996
bed,195,192,166,255,1997
firewood_chopping_block,246,110,67,255,1998
half_sweet_corn,201,101,82,255,1999
cooked__diced__rib,79,140,86,255,2000
spray_paint_can,164,62,246,255,2001
coca_cola,200,55,142,255,2002
bottle_of_poppy_seeds,236,50,178,255,2003
carpet,78,232,192,255,2004
bottle_of_fennel,184,51,252,255,2005
marjoram,165,53,69,255,2006
half_roll_dough,192,150,68,255,2007
paraffin_wax,101,248,219,255,2008
bottle_of_ginger_beer,86,189,148,255,2009
diced__chard,119,211,242,255,2010
goggles,85,174,166,255,2011
cooked__chicken_soup,182,188,210,255,2012
cooked__almond_oil,74,171,143,255,2013
marker,158,63,152,255,2014
soda_cup,130,199,152,255,2015
cooked__diced__artichoke,236,69,213,255,2016
monitor,238,164,191,255,2017
spirit_lamp,100,163,137,255,2018
bag_of_ice_cream,186,82,57,255,2019
cooked__diced__pork,89,251,112,255,2020
coffee_bean_jar,208,208,94,255,2021
cooked__diced__quail,153,211,189,255,2022
rosehip,186,123,163,255,2023
coconut_oil_jar,148,229,164,255,2024
diced__white_turnip,170,96,236,255,2025
gravy,192,71,215,255,2026
half_bacon,80,131,178,255,2027
diced__biscuit_dough,77,168,70,255,2028
cantaloup,140,95,230,255,2029
unlabelled,234,176,173,255,2030
blackboard_eraser,123,148,145,255,2031
diced__cucumber,220,95,134,255,2032
batting_gloves,58,198,221,255,2033
hotdog,155,83,76,255,2034
cooked__diced__banana,69,143,142,255,2035
diced__pita,126,253,93,255,2036
cooked__diced__tofu,64,203,196,255,2037
diced__walnut,115,192,243,255,2038
melted__cane_sugar,72,171,68,255,2039
box_of_baking_soda,220,224,187,255,2040
cooked__diced__butter_cookie,147,192,134,255,2041
toaster,60,164,227,255,2042
carpet_sweeper,249,135,204,255,2043
cooked__diced__sweet_corn,173,208,112,255,2044
hoe,81,238,132,255,2045
cream_of_tartar_shaker,82,157,62,255,2046
cooked__diced__duck,192,153,213,255,2047
board_game,212,106,170,255,2048
magnesium_sulfate,123,177,182,255,2049
wrapped_hamburger,183,115,77,255,2050
cooked__marinade,201,135,105,255,2051
diced__chicken_breast,102,160,188,255,2052
toy_train,220,134,181,255,2053
cooked__diced__edible_cookie_dough,124,195,247,255,2054
diced__beefsteak_tomato,105,188,78,255,2055
mat,93,120,96,255,2056
ladder,179,230,199,255,2057
bar_soap,232,167,118,255,2058
air_freshener_atomizer,89,64,78,255,2059
juicer,156,72,166,255,2060
almond_oil,197,240,124,255,2061
catalog,142,212,123,255,2062
clamp,135,209,163,255,2063
cooked__diced__tortilla_chip,88,95,181,255,2064
liquid_carton,231,127,218,255,2065
digital_scale,210,208,114,255,2066
granulated_sugar_jar,232,80,125,255,2067
diced__avocado,73,179,101,255,2068
parmesan,248,220,233,255,2069
hydrogen_peroxide_bottle,142,227,116,255,2070
half_candied_yam,149,75,69,255,2071
box_of_shampoo,50,252,89,255,2072
cooked__roux,138,107,248,255,2073
casserole,101,200,251,255,2074
mattress,217,118,112,255,2075
cauliflower,205,133,153,255,2076
weight_bar,100,182,71,255,2077
half_carrot,138,124,67,255,2078
coconut_fruit,60,98,61,255,2079
diced__granola_bar,166,100,99,255,2080
cream_of_tartar,60,153,156,255,2081
half_baguette,171,98,226,255,2082
half_hotdog_bun,240,79,69,255,2083
bag_of_rubbish,54,224,209,255,2084
diced__vanilla,161,121,205,255,2085
half_turkey,73,93,238,255,2086
hammam_bench,211,235,119,255,2087
coconut,82,112,88,255,2088
gaming_controller,194,174,237,255,2089
clothesline_rope,242,147,80,255,2090
canvas,113,208,142,255,2091
colored_pencil,125,147,72,255,2092
desktop_computer,251,234,221,255,2093
soil_bag,159,250,191,255,2094
bouillon_cube,63,126,53,255,2095
diced__chicken,193,120,175,255,2096
ink,54,253,75,255,2097
paprika,71,203,255,255,2098
board,110,238,205,255,2099
cooked__diced__gelatin,159,231,101,255,2100
beer,245,125,170,255,2101
cactus,234,229,142,255,2102
rubbing_alcohol,126,229,178,255,2103
melted__grated_cheese,249,70,180,255,2104
cooked__cardamom,96,184,102,255,2105
crystal,87,204,158,255,2106
piano,147,224,199,255,2107
hall_tree,248,58,224,255,2108
okra,252,114,94,255,2109
hamburger,151,188,161,255,2110
allspice_shaker,79,108,176,255,2111
pack_of_protein_powder,138,175,145,255,2112
toilet_paper_dispenser,74,177,122,255,2113
round_bottom_flask,52,115,117,255,2114
soup_ladle,111,105,220,255,2115
bed_screen,140,196,138,255,2116
can,196,88,217,255,2117
hourglass,99,172,164,255,2118
lunch_box,160,159,212,255,2119
avocado,95,121,195,255,2120
half_plum,196,162,107,255,2121
pizza_dough,95,59,245,255,2122
cooked__penne,150,164,103,255,2123
lacquer,230,241,155,255,2124
pottable_beefsteak_tomato,52,63,84,255,2125
desk,130,246,208,255,2126
bean_curd,113,75,183,255,2127
terrarium,81,196,195,255,2128
diced__chives,79,102,149,255,2129
radio,89,173,123,255,2130
grit,107,125,52,255,2131
bottle_of_sesame_seeds,211,151,231,255,2132
alphabet_abacus,164,79,87,255,2133
cooked__jelly,60,131,139,255,2134
half_lemon,167,132,251,255,2135
half_pineapple,205,51,245,255,2136
quail_breast,93,56,191,255,2137
silver_coin,196,124,141,255,2138
ceremonial_robe,194,206,139,255,2139
brown_sugar_sack,217,111,216,255,2140
refried_beans,196,190,144,255,2141
apple_juice,146,189,205,255,2142
light,223,208,238,255,2143
coffee_cup,182,102,50,255,2144
ironing_board,155,138,107,255,2145
hand_dryer,146,241,229,255,2146
paper_towel_dispenser,97,135,167,255,2147
hinge,92,143,155,255,2148
cooked__diced__chocolate_cake,148,237,71,255,2149
feta,251,193,50,255,2150
soupspoon,146,192,133,255,2151
spatula,203,123,166,255,2152
pencil,175,108,129,255,2153
cooked__diced__date,75,52,237,255,2154
grape,230,167,173,255,2155
half_garlic_bread,55,111,240,255,2156
lip_balm,213,249,161,255,2157
stone_wall,247,238,143,255,2158
hat,190,164,247,255,2159
bottle_of_apple_cider,131,243,212,255,2160
cooked__salsa,122,227,157,255,2161
cooked__mustard_seed,227,179,75,255,2162
half_lettuce,191,250,201,255,2163
sugar_cube,184,165,126,255,2164
cooked__jimmies,126,227,190,255,2165
orange_juice_carton,177,199,165,255,2166
cooked__diced__chocolate_cookie_dough,82,190,80,255,2167
cooked__diced__grapefruit,201,78,154,255,2168
cymbal,75,203,76,255,2169
mac_and_cheese,134,189,231,255,2170
ground_coffee,159,123,79,255,2171
cornbread_batter,110,242,250,255,2172
burner,182,90,120,255,2173
half_tenderloin,222,106,159,255,2174
half_chicken_tender,63,54,110,255,2175
hingeless_jar,142,94,151,255,2176
shredder,93,190,249,255,2177
water_glass,236,223,64,255,2178
map,233,62,253,255,2179
diced__garlic_bread,138,172,232,255,2180
acid,92,212,198,255,2181
cornstarch_jar,87,188,172,255,2182
diced__broccolini,120,181,236,255,2183
cooked__heavy_cream,178,173,76,255,2184
hazelnut,61,99,72,255,2185
half_chicken_wing,121,212,74,255,2186
phonograph_record,76,222,254,255,2187
rolling_pin,81,145,229,255,2188
waffle_batter,250,124,184,255,2189
cooked__diced__gourd,69,175,233,255,2190
ginger_shaker,198,143,61,255,2191
cooked__diced__huitre,92,190,142,255,2192
bottle_of_milk,244,143,101,255,2193
bourbon,183,67,152,255,2194
bottle_of_mushroom_sauce,148,82,121,255,2195
orange_juice,221,110,79,255,2196
sap,76,180,143,255,2197
bottle_of_paint,215,72,54,255,2198
bottle_of_pop,235,54,66,255,2199
clipboard,240,179,79,255,2200
tag,136,81,246,255,2201
pencil_holder,245,91,157,255,2202
frosting,54,250,248,255,2203
half_ramen,187,244,183,255,2204
cooked__diced__quiche,63,67,243,255,2205
pebble,194,80,178,255,2206
cooked__whipped_cream,163,230,155,255,2207
branch,230,120,136,255,2208
mirror,80,244,103,255,2209
diced__rutabaga,66,223,168,255,2210
high_heel,236,254,76,255,2211
license_plate,179,55,218,255,2212
vodka_bottle,181,100,101,255,2213
ravioli,126,254,185,255,2214
lamb_stew,121,229,169,255,2215
kebab,106,231,193,255,2216
spice_cookie_dough,200,134,97,255,2217
bottle_of_lacquer,95,114,79,255,2218
picture_frame,71,119,228,255,2219
bottle_of_peanut_butter,220,68,106,255,2220
diced__kiwi,201,170,102,255,2221
tote,241,194,176,255,2222
cooked__diced__walnut,104,121,67,255,2223
soap_dispenser,240,213,118,255,2224
melted__feta,238,228,95,255,2225
portafilter,97,131,59,255,2226
half_tuna,70,182,244,255,2227
cane_sugar,235,118,145,255,2228
half_parsley,122,120,126,255,2229
cedar_chest,163,184,229,255,2230
box_of_vegetable_juice,92,143,236,255,2231
half_hard_boiled_egg,253,57,108,255,2232
magnetic_stirrer,241,248,58,255,2233
tank_top,178,220,71,255,2234
diced__macaroon,251,212,71,255,2235
biscuit_dough,116,128,233,255,2236
diced__parsley,190,95,179,255,2237
bag_of_oranges,65,70,133,255,2238
deep_fryer,231,98,74,255,2239
dirt,115,74,109,255,2240
cooked__diced__turkey,245,123,138,255,2241
cooked__diced__avocado,202,177,185,255,2242
herbicide_bottle,179,196,128,255,2243
diced__virginia_ham,163,58,151,255,2244
cooked__coconut,191,70,83,255,2245
cloche,84,157,85,255,2246
sugar_coffee_scrub,218,214,61,255,2247
treadmill,205,52,228,255,2248
herbicide,124,53,68,255,2249
half_grapefruit,130,228,223,255,2250
recycling_bin,170,167,151,255,2251
bottle_of_seasoning,61,72,126,255,2252
diced__banana,88,134,99,255,2253
puree,166,177,216,255,2254
cooked__limeade,97,185,255,255,2255
clothesline,240,202,53,255,2256
pennant,78,206,195,255,2257
icicle_lights,58,79,186,255,2258
almond,66,224,219,255,2259
oven,77,243,118,255,2260
charcoal,116,254,223,255,2261
tennis_racket,127,230,190,255,2262
half_quail_breast,102,115,151,255,2263
bottle_of_lime_juice,62,166,115,255,2264
cooked__diced__roll_dough,232,199,61,255,2265
nightstand,62,156,123,255,2266
desk_top,246,58,117,255,2267
coloring,186,101,219,255,2268
pruner,93,239,118,255,2269
hanging_basket,195,196,194,255,2270
metal_bottom_cabinet,121,232,203,255,2271
tablespoon,159,144,142,255,2272
clam,119,93,245,255,2273
beeswax_candle,255,235,78,255,2274
facsimile,233,193,204,255,2275
decanter,200,145,176,255,2276
cooked__cinnamon,151,91,89,255,2277
diced__chocolate_cake,139,185,210,255,2278
bathtub,86,57,82,255,2279
apple,165,197,179,255,2280
ice,245,145,101,255,2281
half_cauliflower,131,222,238,255,2282
maillot,93,65,204,255,2283
balloon,69,169,145,255,2284
cooked__chicken_broth,141,137,172,255,2285
display_case,215,126,71,255,2286
half_crawfish,147,86,141,255,2287
bookcase_side,219,232,216,255,2288
apricot,209,193,141,255,2289
ginger_root,229,244,178,255,2290
diced__sushi,214,185,217,255,2291
bottle_of_essential_oil,67,76,173,255,2292
cooked__lemonade,126,200,199,255,2293
box_of_chocolates,195,192,166,255,2294
cooked__diced__orange,110,171,151,255,2295
crib,121,192,149,255,2296
bottle_of_rum,177,196,51,255,2297
half_ham_hock,168,222,110,255,2298
bay_leaf,204,238,122,255,2299
half_arepa,88,163,94,255,2300
trampoline,170,160,127,255,2301
package,127,106,164,255,2302
mozzarella,68,233,64,255,2303
cooked__onion_powder,81,65,121,255,2304
nectar,191,131,166,255,2305
cooked__diced__vidalia_onion,97,148,214,255,2306
soy_sauce,173,76,67,255,2307
cooked__marjoram,124,208,172,255,2308
water_dispenser,165,251,59,255,2309
cooked__noodle,225,199,119,255,2310
bottle_of_orange_juice,127,205,181,255,2311
fritter_batter,89,153,124,255,2312
wine_fridge,236,233,243,255,2313
cooked__frosting,163,174,69,255,2314
router,99,50,176,255,2315
diced__pizza_dough,222,118,105,255,2316
snapper,218,167,194,255,2317
chandelier,148,77,88,255,2318
paper_sheet,76,129,68,255,2319
sponge,81,254,74,255,2320
plywood,175,156,138,255,2321
gazpacho,138,118,74,255,2322
diced__beet,224,71,154,255,2323
diced__hamburger_bun,221,151,63,255,2324
cash_register,187,151,134,255,2325
bottle_of_pesto,182,169,152,255,2326
yoga_mat,156,235,178,255,2327
cold_cuts,100,73,134,255,2328
cooked__diced__lobster,104,188,146,255,2329
statue,197,100,176,255,2330
dress,121,50,90,255,2331
roasting_pan,121,148,240,255,2332
whipped_cream_atomizer,92,163,186,255,2333
cake_stand,58,251,114,255,2334
taboret,203,130,148,255,2335
half_rhubarb,202,136,52,255,2336
watermelon,166,168,181,255,2337
fecal_matter,203,115,240,255,2338
cat_food,182,192,152,255,2339
tofu,237,70,189,255,2340
tinsel,92,122,85,255,2341
box_of_beer,186,160,219,255,2342
diced__edible_cookie_dough,192,102,216,255,2343
vine,181,62,252,255,2344
trout,146,119,126,255,2345
sliced_mushroom,216,182,177,255,2346
stockpot,149,189,247,255,2347
bottle_of_alfredo_sauce,102,209,127,255,2348
cooking_oil,91,189,110,255,2349
zucchini,212,252,141,255,2350
wine_sauce_bottle,200,178,204,255,2351
hanging,171,107,168,255,2352
half_blackberry,154,228,193,255,2353
corn_syrup,207,110,69,255,2354
can_of_baking_mix,151,108,254,255,2355
saucepan,124,54,117,255,2356
chocolate_sauce_bottle,146,186,159,255,2357
shelf,252,134,212,255,2358
diced__waffle,234,197,169,255,2359
diced__arugula,192,71,64,255,2360
lily_pad,169,100,237,255,2361
cooked__diced__hotdog,242,120,61,255,2362
moss,218,189,152,255,2363
cider,184,95,109,255,2364
half_date,122,142,117,255,2365
bottle_of_ground_cloves,194,224,72,255,2366
can_of_corn,145,157,247,255,2367
hardback,146,234,210,255,2368
furniture_sink,139,126,127,255,2369
cooked__muffin_batter,149,71,231,255,2370
cooked__diced__lime,149,87,53,255,2371
nectarine,196,178,55,255,2372
rocking_chair,180,188,161,255,2373
bottle_of_coffee,152,66,187,255,2374
tray,135,177,102,255,2375
gooseneck_microphone,117,184,87,255,2376
bikini,232,210,182,255,2377
caliper,168,136,132,255,2378
liquid_soap,80,131,148,255,2379
teacup,100,92,134,255,2380
box_of_crackers,156,243,99,255,2381
cupcake,104,78,143,255,2382
dog_food,176,209,181,255,2383
half_granola_bar,156,91,50,255,2384
half_bell_pepper,149,100,86,255,2385
bow,232,173,52,255,2386
bird_feed,204,156,132,255,2387
shears,53,74,93,255,2388
shampoo_dispenser,93,198,147,255,2389
music_stool,246,236,227,255,2390
cat_food_tin,174,145,67,255,2391
cooked__pumpkin_seed,107,80,124,255,2392
work_helmet,124,238,162,255,2393
half_hazelnut,60,98,244,255,2394
diced__head_cabbage,164,135,153,255,2395
cooked__diced__cheese_tart,231,180,217,255,2396
cooked__diced__chanterelle,185,88,103,255,2397
jar_of_sugar,69,230,253,255,2398
limeade,201,123,112,255,2399
cheddar,235,133,137,255,2400
cafe_au_lait,66,70,176,255,2401
cooked__curry_powder,62,240,102,255,2402
cooked__wine_sauce,223,68,120,255,2403
cooked__ground_beef,71,231,177,255,2404
bouillon,160,216,242,255,2405
baseball_bat,112,173,164,255,2406
vacuum,157,194,133,255,2407
pajamas,147,154,120,255,2408
perfume,149,50,133,255,2409
cooked__spaghetti,153,221,127,255,2410
jar_of_clove,75,225,188,255,2411
rust,77,181,108,255,2412
diced__sunflower,137,170,54,255,2413
plant_stem,160,211,213,255,2414
countertop,91,187,176,255,2415
test_tube_rack,186,108,106,255,2416
garlic_clove,211,131,169,255,2417
half_bagel_dough,178,56,124,255,2418
storage_box,253,204,206,255,2419
oat,61,97,218,255,2420
soy,134,225,189,255,2421
box_of_fruit,55,75,89,255,2422
cooked__olive_oil,176,189,55,255,2423
room_divider,237,106,65,255,2424
noodle_jar,125,178,50,255,2425
gym_shoe,121,245,129,255,2426
ground_beef_package,187,220,177,255,2427
half_oyster,221,224,203,255,2428
mouse,130,247,213,255,2429
inhaler,140,247,69,255,2430
geode,78,226,84,255,2431
cooked__diced__shiitake,147,134,202,255,2432
champagne,216,137,196,255,2433
log,223,129,157,255,2434
showerhead,149,170,243,255,2435
chopping_block,221,112,221,255,2436
dice,251,67,156,255,2437
half_rutabaga,179,225,248,255,2438
half_pepperoni,169,105,107,255,2439
walls,56,223,220,255,2440
stand,174,247,201,255,2441
scarf,146,117,242,255,2442
lasagna,137,247,78,255,2443
apron,160,253,184,255,2444
bottle_of_ground_mace,166,227,190,255,2445
pumpkin_seed_bag,166,191,213,255,2446
cooked__canola_oil,144,228,114,255,2447
diced__mango,234,219,160,255,2448
cooked__beer,170,95,61,255,2449
half_cold_cuts,71,137,233,255,2450
blouse,174,221,187,255,2451
diced__cold_cuts,112,211,249,255,2452
flat_bench,99,59,225,255,2453
cellulose_tape,172,193,90,255,2454
half_rosehip,105,113,208,255,2455
cotton_ball,172,87,207,255,2456
banana,197,62,140,255,2457
half_broccoli_rabe,61,64,226,255,2458
half_brownie,213,96,193,255,2459
diced__dumpling,138,96,216,255,2460
bra,69,153,97,255,2461
half_sourdough,61,130,227,255,2462
bottle_of_strawberry_juice,83,65,125,255,2463
cooked__guacamole,79,131,109,255,2464
cooked__diced__green_bean,194,177,228,255,2465
pill,182,168,76,255,2466
diced__pomegranate,137,141,135,255,2467
baseball_cap,98,71,56,255,2468
diced__entire_leaf,121,252,171,255,2469
wall_mounted_soap_dispenser,115,113,69,255,2470
bottle_of_soy_sauce,116,97,207,255,2471
packing_box,154,232,83,255,2472
detergent_atomizer,151,215,229,255,2473
cooked__diced__head_cabbage,142,106,125,255,2474
molasses,160,243,243,255,2475
whole_fennel,59,105,126,255,2476
ping_pong_ball,251,99,108,255,2477
sodium_carbonate_jar,108,161,149,255,2478
trombone,230,98,233,255,2479
half_orange,152,113,83,255,2480
half_celery,213,71,65,255,2481
cooked__diced__mustard,78,205,239,255,2482
cooked__granulated_salt,100,169,194,255,2483
quilt,187,88,179,255,2484
heap_of_raisins,210,112,124,255,2485
garden_light,50,218,246,255,2486
bell,195,178,96,255,2487
mustard_bottle,237,246,116,255,2488
diced__cheddar,139,106,145,255,2489
pear,91,214,236,255,2490
incision,124,254,180,255,2491
half_dried_apricot,218,94,210,255,2492
bag_of_breadcrumbs,163,80,202,255,2493
catsup_bottle,93,205,66,255,2494
hotdog_bun,229,96,98,255,2495
half_bleu,73,207,218,255,2496
crayon,74,138,119,255,2497
half_olive,165,82,140,255,2498
bottle_of_conditioner,97,239,81,255,2499
diced__bell_pepper,242,215,247,255,2500
cooked__cornstarch,53,110,252,255,2501
stroller,95,130,80,255,2502
club_sandwich,86,223,209,255,2503
diced__branch,130,182,150,255,2504
tequila,81,77,247,255,2505
quinoa,127,174,252,255,2506
wardrobe,245,163,139,255,2507
rail_fence,197,79,153,255,2508
diced__chicken_tender,87,51,86,255,2509
cooked__diced__hazelnut,176,53,71,255,2510
cooked__diced__beefsteak_tomato,178,128,185,255,2511
shutter,233,152,197,255,2512
melted__bleu,234,240,80,255,2513
conch,145,111,150,255,2514
cooked__stuffing,74,249,188,255,2515
onesie,200,198,105,255,2516
freezer,133,121,206,255,2517
farm_stand,103,125,175,255,2518
sweet_corn,156,57,157,255,2519
dutch_oven,55,160,246,255,2520
set_triangle,188,235,161,255,2521
stadium_stand,114,112,227,255,2522
calcium_carbonate,136,57,154,255,2523
salad,76,122,249,255,2524
plastic_bag,210,234,68,255,2525
cooked__sunflower_seed,125,90,235,255,2526
sugar_cookie_dough,107,153,174,255,2527
bottle_of_coke,210,215,84,255,2528
wall_mounted_tv,120,132,97,255,2529
parmesan_shaker,118,94,204,255,2530
diced__brownie,179,91,254,255,2531
cinnamon,235,164,53,255,2532
bottle_of_apple_juice,111,162,55,255,2533
cooked__diced__kielbasa,225,65,234,255,2534
half_avocado,186,124,244,255,2535
hot_tub,223,60,92,255,2536
barbecue_sauce,157,166,152,255,2537
half_head_cabbage,61,198,83,255,2538
pesticide,209,173,123,255,2539
half_auricularia,251,157,205,255,2540
miso,60,147,92,255,2541
bottle_of_vinegar,187,192,175,255,2542
daffodil_bulb,66,67,211,255,2543
half_bagel,52,71,122,255,2544
sourdough,190,226,153,255,2545
diced__mozzarella,169,175,180,255,2546
diced__huitre,135,60,149,255,2547
half_burrito,132,137,251,255,2548
pellet_food_bag,247,254,119,255,2549
half_gelatin,203,247,94,255,2550
half_sushi,97,186,209,255,2551
fire_alarm,198,206,91,255,2552
fertilizer_atomizer,63,142,205,255,2553
mop,234,85,109,255,2554
jar_of_cumin,132,91,213,255,2555
bookcase_shelf,129,60,167,255,2556
skiff,77,122,50,255,2557
driveway,50,122,204,255,2558
bottle_of_alcohol,179,135,57,255,2559
gourd,238,129,146,255,2560
burrito,164,116,229,255,2561
penne,86,101,176,255,2562
coffee_grounds,129,227,162,255,2563
cooked__ground_coffee,191,241,197,255,2564
breakfast_table,254,74,102,255,2565
bench,76,132,173,255,2566
stuffing,77,171,105,255,2567
melted__mozzarella,251,141,130,255,2568
modem,197,175,202,255,2569
white_rice_sack,179,142,228,255,2570
popcorn,216,55,224,255,2571
bag_of_tea,89,140,71,255,2572
cooked__drip_coffee,62,154,187,255,2573
skyrocket,78,89,176,255,2574
half_tiramisu,59,102,56,255,2575
blueberry,128,70,92,255,2576
coriander_shaker,229,235,148,255,2577
cooked__cinnamon_sugar,207,142,167,255,2578
baby_bottle,163,96,243,255,2579
standing_tv,228,220,142,255,2580
chopping_board,75,99,142,255,2581
bottle_of_barbecue_sauce,85,141,112,255,2582
gift_box,236,85,154,255,2583
fridge,134,162,143,255,2584
vitamin_pill,126,161,233,255,2585
cooked__granola,77,74,95,255,2586
tube_of_lotion,125,174,94,255,2587
carrot_juice,114,156,92,255,2588
washer,194,255,82,255,2589
cookie_cutter,76,200,214,255,2590
cooked__diced__cheesecake,232,79,233,255,2591
cooked__diced__lemon_peel,139,145,126,255,2592
half_fennel,190,137,108,255,2593
flashlight,167,64,172,255,2594
toolbox,132,191,164,255,2595
cooked__hummus,226,113,218,255,2596
bottle_of_solvent,87,144,63,255,2597
half_butternut_squash,187,64,177,255,2598
butter_cookie,236,226,218,255,2599
pesto,179,69,135,255,2600
cooked__diced__parsley,179,176,72,255,2601
gooseberry,227,50,241,255,2602
bottle_of_baby_oil,72,239,126,255,2603
diced__sirloin,126,249,120,255,2604
grapefruit,51,115,69,255,2605
cast,184,51,140,255,2606
match,157,214,57,255,2607
pillar_candle,100,220,207,255,2608
tomato_paste,235,115,98,255,2609
date,61,171,187,255,2610
cooked__diced__bacon,176,146,79,255,2611
duct_tape,156,122,212,255,2612
twine,94,224,159,255,2613
cooked__lemon_pepper_seasoning,120,149,110,255,2614
bottle_of_tomato_paste,85,163,109,255,2615
bucket,193,128,152,255,2616
soil,169,217,252,255,2617
eggnog,69,99,87,255,2618
candle_holder,238,170,213,255,2619
peanut_oil,191,173,160,255,2620
bacon,228,234,174,255,2621
cooked__diced__watermelon,152,130,111,255,2622
tea,115,144,78,255,2623
cooked__diced__sushi,56,112,169,255,2624
white_turnip,243,80,69,255,2625
rosemary_shaker,71,111,72,255,2626
reed_diffuser,213,125,134,255,2627
sliced_cucumber,214,168,108,255,2628
cooked__orange_zest,125,220,76,255,2629
cooked__diced__danish,148,180,195,255,2630
outline_tray,244,107,161,255,2631
lemon,213,114,162,255,2632
cooked__diced__virginia_ham,112,247,212,255,2633
radiator,180,127,191,255,2634
diced__chicken_leg,255,209,153,255,2635
blanket,230,105,156,255,2636
diced__hotdog,205,159,97,255,2637
umbrella,115,255,205,255,2638
tomato_juice,180,225,179,255,2639
drink_dispenser,193,121,116,255,2640
toy_dice,164,54,146,255,2641
frosting_jar,244,105,194,255,2642
box_of_oatmeal,196,208,94,255,2643
ceiling_rack,101,75,144,255,2644
trowel,252,238,254,255,2645
half_biscuit_dough,193,98,128,255,2646
bottle_of_carrot_juice,54,184,79,255,2647
kitchen_analog_scale,140,228,102,255,2648
volleyball,145,167,240,255,2649
cotton_thread,83,124,117,255,2650
steel_wool,226,115,101,255,2651
jar_of_orange_sauce,201,173,82,255,2652
bicycle_chain,66,167,159,255,2653
cooked__lemon_juice,213,54,158,255,2654
cooked__cumin,160,78,191,255,2655
cooked__diced__crab,82,243,125,255,2656
plant_pot_stand,82,136,95,255,2657
cooked__diced__sugar_cookie,63,132,133,255,2658
broccoli_rabe,61,175,179,255,2659
steamer_basket,179,66,72,255,2660
half_scone,76,77,168,255,2661
saffron_shaker,137,242,104,255,2662
onion_ring_batter,223,80,76,255,2663
leaf,201,135,85,255,2664
diced__pineapple,206,149,152,255,2665
diced__orange,225,217,157,255,2666
macaron,122,190,209,255,2667
pepper_grinder,79,56,64,255,2668
disinfectant_bottle,127,84,200,255,2669
red_meat_sauce,121,142,159,255,2670
half_mozzarella,204,208,136,255,2671
ember,78,148,114,255,2672
diced__celery,141,155,107,255,2673
webcam,104,209,194,255,2674
specimen_bottle,245,58,215,255,2675
masking_tape,199,56,177,255,2676
cabinet_base,114,171,176,255,2677
pizza_box,113,224,106,255,2678
lettuce,80,190,107,255,2679
grocery_sign,192,197,143,255,2680
cooked__diced__spinach,183,162,144,255,2681
allspice,65,69,222,255,2682
cooked__ginger,63,144,175,255,2683
diced__chicken_wing,240,241,195,255,2684
half_agave,133,179,208,255,2685
mildew,108,166,111,255,2686
heap_of_granola,107,248,182,255,2687
axe,167,144,140,255,2688
emery_paper,210,83,110,255,2689
hammer,59,78,77,255,2690
black_pepper,136,217,68,255,2691
diced__lemon_peel,140,87,239,255,2692
box_of_corn_flakes,115,148,177,255,2693
vinegar_cleaning_solution,233,98,145,255,2694
match_box,127,192,115,255,2695
instant_pot,225,205,147,255,2696
diced__sour_bread,209,239,173,255,2697
diced__radish,240,221,135,255,2698
ping_pong_paddle,106,203,196,255,2699
dried_cranberry,184,155,112,255,2700
diced__pastry,111,225,163,255,2701
buret_clamp,174,215,105,255,2702
softball,93,157,166,255,2703
dish_rack,155,149,165,255,2704
cooked__diced__sugar_cookie_dough,199,192,81,255,2705
pollen,94,166,113,255,2706
track_light,215,236,108,255,2707
cooked__blueberry_mousse,140,105,110,255,2708
letter,237,99,50,255,2709
dishtowel,215,94,207,255,2710
cocktail_glass,179,110,188,255,2711
conditioner,116,133,114,255,2712
varnish,121,118,125,255,2713
plant_pot,172,104,209,255,2714
jam_dispenser,163,214,220,255,2715
plug,228,156,100,255,2716
dishwasher,51,174,72,255,2717
crab,209,113,83,255,2718
chopstick,105,53,130,255,2719
diced__pizza,254,214,190,255,2720
diced__onion,100,90,182,255,2721
diced__auricularia,188,170,197,255,2722
range_hood,126,136,221,255,2723
melted__white_chocolate,222,78,114,255,2724
jar_of_puree,224,251,217,255,2725
cooked__turmeric,168,150,213,255,2726
jar_of_vegetable,93,54,140,255,2727
pastry,122,165,164,255,2728
mustard_seed_shaker,60,183,130,255,2729
chalk,85,92,55,255,2730
half_pita,54,154,102,255,2731
lint_roller,218,247,192,255,2732
mud,234,209,137,255,2733
cooked__blueberry_compote,234,72,138,255,2734
breadcrumb,50,97,166,255,2735
cooked__diced__durian,117,64,82,255,2736
chocolate_chip_cookie,65,158,241,255,2737
free_weight,138,197,205,255,2738
bottle_of_molasses,151,159,146,255,2739
bag_of_starch,151,161,131,255,2740
auricularia,213,196,168,255,2741
box_of_milk,164,71,212,255,2742
diced__hard_boiled_egg,146,206,82,255,2743
eames_chair,100,116,64,255,2744
cooked__iced_cappuccino,135,204,178,255,2745
sake,172,131,96,255,2746
squid,83,128,172,255,2747
dinner_napkin,111,96,125,255,2748
bracelet,221,125,232,255,2749
box_of_brown_sugar,82,255,161,255,2750
diced__roll_dough,86,220,184,255,2751
maple_syrup_jar,254,220,81,255,2752
bok_choy,205,190,76,255,2753
dumpling,104,135,223,255,2754
pencil_case,199,135,234,255,2755
water_cooler,235,168,183,255,2756
sliced_tomato,175,65,179,255,2757
cup_holder,140,143,132,255,2758
gravy_boat,126,218,167,255,2759
cooked__diced__meat_loaf,101,109,129,255,2760
vidalia_onion,216,108,238,255,2761
comb,92,142,115,255,2762
worcester_sauce,91,172,196,255,2763
chisel,141,128,144,255,2764
filling,173,119,254,255,2765
sand,67,193,96,255,2766
walnut_meat,174,63,160,255,2767
battery,174,115,83,255,2768
pallet,244,56,253,255,2769
celery,93,71,73,255,2770
half_bratwurst,78,167,79,255,2771
mail,103,109,197,255,2772
fabric_softener_bottle,163,132,141,255,2773
aluminum_foil,97,195,247,255,2774
bottle_of_ginger,199,241,171,255,2775
cream_pitcher,217,165,211,255,2776
potato,140,102,226,255,2777
half_chocolate_cookie_dough,201,129,190,255,2778
vending_machine,129,112,156,255,2779
cooked__cornmeal,230,241,104,255,2780
desk_bracket,197,228,128,255,2781
saddle_soap_bottle,121,224,125,255,2782
cooked__barbecue_sauce,136,195,67,255,2783
diced__pickle,209,138,190,255,2784
bed_sheet,79,62,54,255,2785
half_arugula,135,139,210,255,2786
box_of_cane_sugar,161,161,114,255,2787
bag_of_cookies,226,122,186,255,2788
box_of_ice_cream,145,110,221,255,2789
jigsaw_puzzle_piece,247,67,93,255,2790
cutting_board,69,251,54,255,2791
dog_collar,231,204,222,255,2792
maple_syrup,82,121,172,255,2793
electric_cauldron,65,200,57,255,2794
sliced_eggplant,60,198,82,255,2795
cooked__thyme,220,147,230,255,2796
half_feta,112,194,84,255,2797
cooked__diced__mushroom,206,236,189,255,2798
cooked__sour_cream,232,101,188,255,2799
clout_nail,252,227,99,255,2800
jade,228,187,254,255,2801
fabric_softener,169,58,141,255,2802
cooked__diced__lettuce,132,125,210,255,2803
mango,237,126,69,255,2804
sod,125,82,53,255,2805
dye,85,143,165,255,2806
chicken_tender,204,217,61,255,2807
cooked__cooking_oil,191,57,228,255,2808
half_rope,89,50,71,255,2809
t_shirt,220,223,234,255,2810
key_chain,148,89,52,255,2811
teddy_bear,54,145,107,255,2812
mustard_leaf,214,79,230,255,2813
tongs,196,203,69,255,2814
can_of_beans,192,162,194,255,2815
mojito,251,241,150,255,2816
chocolate_bar,165,104,135,255,2817
lobster,181,145,232,255,2818
pea_pod,68,80,225,255,2819
chocolate_milk,112,117,130,255,2820
box_of_almond_milk,203,93,157,255,2821
legal_document,155,83,174,255,2822
pesticide_atomizer,150,180,185,255,2823
cooked__cranberry_juice,122,187,71,255,2824
saucepot,99,205,165,255,2825
comic_book,96,86,145,255,2826
bottle_of_glue,97,233,174,255,2827
trash_can,78,214,147,255,2828
half_gingerbread,159,171,50,255,2829
waffle_maker,115,66,54,255,2830
